gene	oe_lof_upper	obs_lof	exp_lof	mu_lof	total.ptv.count	total.dn.count	total.inh.count	ccr.ptv.count	ccr.dn.count	ccr.inh.count
ENSG00000156875	0.32	4	28.646	2.6235525e-06	1	0	1	0	0	0
ENSG00000122477	0.87	9	18.054	1.7532225e-06	9	0	9	1	0	1
ENSG00000170989	0.547	1	8.6801	9.121715e-07	1	0	1	0	0	0
ENSG00000060718	0.221	17	115.44	1.0025545e-05	1	0	1	1	0	1
ENSG00000185946	0.743	10	22.829	1.9203875e-06	1	0	1	1	0	1
ENSG00000240038	1.723	39	29.415	3.0309125e-06	3	0	3	0	0	0
ENSG00000243480	1.678	16	14.268	1.402913e-06	1	0	1	0	0	0
ENSG00000237763	1.839	5	4.7095	6.0110725e-07	6	0	6	0	0	0
ENSG00000175279	1.595	7	8.0445	7.17637e-07	3	1	2	0	0	0
ENSG00000188157	0.435	29	90.87	8.3761725e-06	9	1	8	2	0	2
ENSG00000160049	1.144	6	10.348	8.83194e-07	4	0	4	0	0	0
ENSG00000130940	0.152	4	60.297	4.9045675e-06	1	0	1	0	0	0
ENSG00000162636	0.773	9	20.328	1.7291025e-06	4	0	4	0	0	0
ENSG00000116266	0.593	14	36.886	3.2811575e-06	1	0	1	0	0	0
ENSG00000121957	0.864	22	36.376	3.63006e-06	4	1	3	0	0	0
ENSG00000121940	0.638	5	16.487	2.2269125e-06	1	0	1	0	0	0
ENSG00000116299	0.724	29	54.599	4.683635e-06	2	1	1	0	0	0
ENSG00000134222	1.295	14	16.898	2.2496925e-06	1	0	1	0	0	0
ENSG00000221986	0.753	7	17.467	1.388843e-06	1	0	1	0	0	0
ENSG00000175262	1.041	21	29.038	2.6744725e-06	15	0	15	0	0	0
ENSG00000174151	1.318	3	5.8186	7.63867e-07	1	0	1	0	0	0
ENSG00000065135	0.611	6	19.391	1.80565e-06	1	0	1	0	0	0
ENSG00000134183	0.981	11	18.551	1.9766675e-06	1	0	1	1	0	1
ENSG00000116337	0.638	18	41.849	3.5903625e-06	2	0	2	1	0	1
ENSG00000213366	1.392	11	13.057	9.3017775e-07	3	0	3	0	0	0
ENSG00000134184	1.013	6	11.695	8.2247525e-07	9	0	9	0	0	0
ENSG00000134201	1.545	11	11.694	8.5296025e-07	9	0	9	1	0	1
ENSG00000134202	1.172	12	16.585	1.56630925e-06	2	0	2	0	0	0
ENSG00000198758	0.898	26	40.178	3.7846625e-06	6	0	6	0	0	0
ENSG00000186150	1.843	2	2.3172	1.6472285e-07	3	0	3	1	0	1
ENSG00000162775	0.276	4	33.205	4.3215e-06	1	1	0	0	0	0
ENSG00000168679	1.053	14	20.794	1.63890375e-06	11	0	11	0	0	0
ENSG00000009724	1.146	24	29.462	2.3438275e-06	1	0	1	1	0	1
ENSG00000143105	1.224	6	9.6612	6.9778825e-07	1	0	1	0	0	0
ENSG00000177272	0.392	2	16.069	1.6149345e-06	2	0	2	0	0	0
ENSG00000121931	0.68	10	24.947	2.134955e-06	1	0	1	0	0	0
ENSG00000171824	0.759	32	56.655	5.37742e-06	1	1	0	0	0	0
ENSG00000064886	1.545	21	19.531	1.4770485e-06	1	0	1	0	0	0
ENSG00000134216	1.237	22	25.396	1.9820275e-06	19	0	19	0	0	0
ENSG00000173947	1.672	9	9.1007	9.0729725e-07	3	0	3	0	0	0
ENSG00000085465	0.723	9	21.718	1.6835425e-06	2	0	2	0	0	0
ENSG00000116455	0.824	9	19.052	1.50443475e-06	7	0	7	4	0	4
ENSG00000197852	0.968	5	10.861	1.17389025e-06	1	0	1	0	0	0
ENSG00000064703	1.041	25	33.538	2.3793375e-06	1	0	1	0	0	0
ENSG00000143079	0.685	8	21.071	1.901795e-06	1	0	1	1	0	1
ENSG00000155363	0.343	10	49.505	4.566385e-06	1	0	1	1	0	1
ENSG00000155366	0.517	1	9.174	9.01686e-07	1	0	1	1	0	1
ENSG00000155367	1.05	17	24.282	2.4868725e-06	12	0	12	0	0	0
ENSG00000184599	1.753	9	8.4465	5.483615e-07	12	0	12	0	0	0
ENSG00000198799	0.906	35	51.212	4.681625e-06	3	0	3	0	0	0
ENSG00000081026	0.387	16	62.786	5.5990225e-06	2	0	2	0	0	0
ENSG00000116793	1.189	34	38.056	4.1853225e-06	2	0	2	0	0	0
ENSG00000081019	0.444	9	35.333	3.7488175e-06	9	0	9	0	0	0
ENSG00000134242	1.089	36	43.658	3.3277225e-06	6	0	6	0	0	0
ENSG00000134262	0.827	20	35.137	3.44849e-06	3	0	3	0	0	0
ENSG00000116774	1.25	13	16.533	1.74535e-06	1	0	1	1	0	1
ENSG00000197323	0.086	1	54.935	4.78447e-06	5	1	4	0	0	0
ENSG00000175984	0.723	27	51.494	4.916795e-06	2	0	2	0	0	0
ENSG00000198765	0.22	7	59.879	4.6466175e-06	4	0	4	0	0	0
ENSG00000204624	0.548	24	61.566	5.2583275e-06	1	0	1	0	0	0
ENSG00000173218	0.596	7	22.051	2.0167e-06	12	1	11	0	0	0
ENSG00000163393	0.944	18	28.272	2.4031225e-06	1	0	1	0	0	0
ENSG00000173212	1.075	12	18.086	1.40426975e-06	3	0	3	0	0	0
ENSG00000143061	0.368	13	56.141	5.3367175e-06	2	1	1	0	0	0
ENSG00000116824	0.624	2	10.084	7.0388525e-07	2	0	2	0	0	0
ENSG00000134247	0.538	13	38.417	3.6878475e-06	1	0	1	0	0	0
ENSG00000134256	0.85	27	43.82	3.3835e-06	4	0	4	1	0	1
ENSG00000162490	1.527	15	15.066	1.48775175e-06	3	0	3	2	0	2
ENSG00000134253	1.08	15	21.395	1.8771725e-06	9	0	9	0	0	0
ENSG00000134258	1.913	12	8.403	1.010092e-06	3	0	3	0	0	0
ENSG00000198162	0.235	3	33.032	2.9478325e-06	1	0	1	0	0	0
ENSG00000215910	1.052	57	67.588	6.134185e-06	17	0	17	0	0	0
ENSG00000196505	0.9	18	29.642	3.1170075e-06	7	0	7	0	0	0
ENSG00000155761	0.626	60	118.81	9.79942e-06	5	0	5	0	0	0
ENSG00000092607	0.437	4	20.935	2.04149e-06	2	0	2	2	0	2
ENSG00000116685	0.755	6	15.686	1.2715595e-06	2	0	2	0	0	0
ENSG00000116882	1.265	16	19.204	2.163765e-06	1	1	0	0	0	0
ENSG00000143067	0.891	6	13.298	1.17445975e-06	20	0	20	1	0	1
ENSG00000162571	1.132	20	25.676	2.0691275e-06	1	0	1	0	0	0
ENSG00000134193	1.252	6	9.4399	6.729815e-07	1	0	1	0	0	0
ENSG00000134250	0.116	6	102.36	9.10463e-06	13	0	13	1	0	1
ENSG00000116688	0.282	5	37.329	3.44514e-06	1	0	1	0	0	0
ENSG00000116691	1.737	27	21.178	2.0500325e-06	11	0	11	1	0	1
ENSG00000186891	1.88	8	6.3711	4.55332e-07	4	0	4	0	0	0
ENSG00000078808	0.962	7	13.672	1.218864e-06	1	0	1	0	0	0
ENSG00000048707	0.348	39	146.35	2.0071525e-05	4	1	3	0	0	0
ENSG00000184163	1.64	11	10.895	7.749555e-07	14	0	14	0	0	0
ENSG00000204518	1.679	6	6.6848	6.1645025e-07	2	0	2	0	0	0
ENSG00000116726	1.258	8	11.464	1.10920175e-06	12	0	12	0	0	0
ENSG00000116721	1.879	14	10.402	7.5983025e-07	7	0	7	0	0	0
ENSG00000162572	1.598	37	30.425	2.9940625e-06	26	0	26	1	0	1
ENSG00000179172	1.768	0	0.82389	5.7645125e-08	13	0	13	0	0	0
ENSG00000120952	1.81	13	10.722	7.90265e-07	30	0	30	0	0	0
ENSG00000243073	1.932	14	9.1359	6.53518e-07	22	0	22	0	0	0
ENSG00000187545	1.542	5	6.6432	4.72149e-07	7	0	7	0	0	0
ENSG00000131584	0.606	16	40.08	3.37479e-06	1	0	1	0	0	0
ENSG00000169962	1.563	34	28.932	2.377495e-06	20	0	20	1	0	1
ENSG00000204479	1.951	9	5.2869	3.726875e-07	2	0	2	0	0	0
ENSG00000162494	1.076	2	5.8368	4.2255225e-07	4	0	4	0	0	0
ENSG00000162576	1.13	13	18.29	1.409144e-06	3	1	2	2	1	1
ENSG00000221978	0.47	7	28.001	2.97212e-06	1	1	0	0	0	0
ENSG00000242485	1.817	8	7.1235	6.4428875e-07	1	0	1	0	0	0
ENSG00000235098	1.947	8	4.8206	5.282615e-07	3	0	3	0	0	0
ENSG00000179403	1.839	2	2.3464	9.9707725e-07	1	0	1	0	0	0
ENSG00000215915	1.174	15	19.669	1.648535e-06	4	0	4	0	0	0
ENSG00000117262	1.485	20	19.556	2.035125e-06	7	0	7	0	0	0
ENSG00000174827	1.714	13	11.727	1.109252e-06	4	0	4	0	0	0
ENSG00000117281	1.513	7	8.5769	7.490935e-07	4	0	4	1	0	1
ENSG00000186141	1.03	22	30.513	2.87899e-06	2	0	2	2	0	2
ENSG00000186364	1.175	13	17.588	1.525456e-06	1	0	1	1	0	1
ENSG00000198483	1.081	43	51.293	4.7511375e-06	19	0	19	18	0	18
ENSG00000143127	0.785	41	67.759	6.87487e-06	1	1	0	0	0	0
ENSG00000168509	0.878	6	13.492	1.55257425e-06	5	0	5	4	0	4
ENSG00000160072	1.477	32	29.105	2.745995e-06	12	0	12	0	0	0
ENSG00000131778	1.444	40	36.054	4.7946875e-06	5	0	5	0	0	0
ENSG00000116128	0.381	9	41.193	4.1719225e-06	1	0	1	0	0	0
ENSG00000188092	1.24	7	10.593	1.2097855e-06	17	0	17	0	0	0
ENSG00000150337	1.083	8	13.326	1.2034875e-06	3	0	3	0	0	0
ENSG00000183598	1.924	4	2.8126	1.9991125e-07	1	0	1	0	0	0
ENSG00000136631	0.746	15	30.964	3.482995e-06	4	1	3	1	0	1
ENSG00000159208	0.452	2	13.938	1.10702425e-06	1	0	1	0	0	0
ENSG00000143369	1.112	16	21.853	3.2195175e-06	4	0	4	0	0	0
ENSG00000143382	1.093	47	54.82	5.28496e-06	3	0	3	0	0	0
ENSG00000143452	0.357	3	21.715	1.76009e-06	2	0	2	0	0	0
ENSG00000143437	0.334	9	47.063	4.042445e-06	1	0	1	1	0	1
ENSG00000143412	1.433	25	24.353	2.4027875e-06	1	0	1	0	0	0
ENSG00000143409	1.185	16	20.504	2.5582275e-06	3	0	3	0	0	0
ENSG00000189337	0.381	8	37.873	3.3896975e-06	1	0	1	1	0	1
ENSG00000163141	1.283	13	16.105	2.098775e-06	2	0	2	0	0	0
ENSG00000143458	0.962	12	20.213	2.19492e-06	1	0	1	0	0	0
ENSG00000143434	0.621	16	39.146	3.8583625e-06	5	0	5	0	0	0
ENSG00000163159	0.847	9	18.546	2.1505325e-06	4	0	4	0	0	0
ENSG00000143390	1.104	20	26.323	3.0721175e-06	2	0	2	0	0	0
ENSG00000143416	1.294	25	26.986	2.348015e-06	2	0	2	0	0	0
ENSG00000143375	0.948	58	76.153	8.7654425e-06	7	0	7	0	0	0
ENSG00000178796	1.86	8	6.6412	3.2299025e-07	1	0	1	0	0	0
ENSG00000196407	1.869	14	10.584	7.47184e-07	1	1	0	0	0	0
ENSG00000182898	1.074	0	2.7147	1.9036375e-07	4	0	4	0	0	0
ENSG00000215853	1.151	9	13.644	1.02357575e-06	9	0	9	0	0	0
ENSG00000197915	1.948	4	2.1501	1.52909075e-07	87	0	87	0	0	0
ENSG00000143631	1.96	4	1.6546	1.152869e-07	107	0	107	0	0	0
ENSG00000143520	1.919	2	1.4461	1.0043635e-07	47	0	47	1	0	1
ENSG00000143536	1.366	7	9.5893	8.5048125e-07	1	0	1	0	0	0
ENSG00000186207	1.845	2	2.2947	1.61940675e-07	1	0	1	0	0	0
ENSG00000197785	0.776	17	32.863	3.2506725e-06	1	0	1	0	0	0
ENSG00000185966	1.5	0	1.6325	1.16213175e-07	2	0	2	0	0	0
ENSG00000163202	1.904	2	1.6695	1.20645225e-07	1	0	1	0	0	0
ENSG00000244057	1.466	0	1.7161	1.2326995e-07	14	0	14	0	0	0
ENSG00000187238	1.926	3	2.0414	1.45066725e-07	2	0	2	0	0	0
ENSG00000187173	1.838	3	3.1739	3.738265e-07	2	0	2	0	0	0
ENSG00000142621	0.788	45	73.211	6.8686725e-07	4	0	4	1	0	1
ENSG00000240386	1.893	3	2.5914	1.826755e-07	8	0	8	0	0	0
ENSG00000184148	1.77	2	2.7996	2.0711375e-07	7	0	7	0	0	0
ENSG00000163216	1.929	2	1.2546	9.1332725e-08	7	0	7	0	0	0
ENSG00000203783	1.935	7	4.559	3.278645e-07	1	0	1	0	0	0
ENSG00000203782	1.081	1	4.3552	3.167425e-07	1	0	1	0	0	0
ENSG00000163221	1.44	0	1.779	1.248679e-07	2	0	2	0	0	0
ENSG00000197364	1.579	1	2.63	1.8460175e-07	1	0	1	0	0	0
ENSG00000196754	1.961	8	4.1204	1.75875e-07	5	0	5	0	0	0
ENSG00000188643	1.89	4	3.3791	2.3595725e-07	6	0	6	0	0	0
ENSG00000189171	1.672	2	3.2822	2.311165e-07	2	0	2	0	0	0
ENSG00000143621	0.247	2	25.481	2.479e-06	1	1	0	0	0	0
ENSG00000143624	0.251	10	67.489	6.3464075e-06	1	1	0	0	0	0
ENSG00000143554	1.412	32	30.436	2.3344475e-06	32	0	32	0	0	0
ENSG00000143552	0.386	24	87.528	8.7332825e-06	5	0	5	0	0	0
ENSG00000143549	0.629	6	18.817	1.73731e-06	1	0	1	1	0	1
ENSG00000160712	0.757	8	19.058	1.7093375e-06	1	1	0	0	0	0
ENSG00000169291	0.283	2	22.279	2.2828575e-06	4	0	4	0	0	0
ENSG00000163239	0.921	11	19.769	1.64168425e-06	2	0	2	0	0	0
ENSG00000215704	1.112	11	16.371	1.341139e-06	8	0	8	0	0	0
ENSG00000143603	0.319	4	28.699	2.549015e-06	29	0	29	9	0	9
ENSG00000132906	0.974	11	18.693	1.58580625e-06	3	0	3	0	0	0
ENSG00000160688	0.592	8	24.363	2.1991075e-06	1	0	1	0	0	0
ENSG00000160685	0.526	3	14.746	1.7518825e-06	8	1	7	0	0	0
ENSG00000143537	0.815	29	48.513	4.9909975e-06	1	0	1	0	0	0
ENSG00000163463	1.462	6	8.0086	7.1288e-07	4	0	4	3	0	3
ENSG00000173171	0.713	5	14.735	1.55029625e-06	3	0	3	0	0	0
ENSG00000177628	0.801	14	27.332	2.5495175e-06	1	0	1	0	0	0
ENSG00000116521	0.705	8	20.467	1.8594175e-06	1	0	1	0	0	0
ENSG00000143627	0.924	14	23.688	2.2647675e-06	1	0	1	0	0	0
ENSG00000160753	0.454	3	17.073	2.39726e-06	1	0	1	1	0	1
ENSG00000116539	0.062	3	124.94	1.38916125e-05	3	0	3	0	0	0
ENSG00000116138	0.87	21	34.754	4.2478e-06	1	0	1	1	0	1
ENSG00000163374	1.257	25	27.786	2.2299275e-06	14	0	14	0	0	0
ENSG00000143622	0.645	4	14.184	1.66335875e-06	1	0	1	0	0	0
ENSG00000132698	1.554	11	11.617	1.38430375e-06	11	0	11	0	0	0
ENSG00000260238	1.454	10	11.62	1.16735775e-06	1	0	1	1	0	1
ENSG00000163472	1.223	10	13.861	1.2907215e-06	3	0	3	0	0	0
ENSG00000183856	0.848	67	96.829	9.4237175e-06	4	0	4	0	0	0
ENSG00000187862	0.957	16	25.381	2.2513675e-06	6	0	6	0	0	0
ENSG00000132702	1.288	11	14.135	1.029388e-06	1	0	1	1	0	1
ENSG00000132688	0.537	20	54.094	4.2905125e-06	2	0	2	1	0	1
ENSG00000027869	1.122	12	17.332	1.4425435e-06	2	1	1	1	1	0
ENSG00000027644	0.951	45	60.699	5.22734e-06	5	0	5	2	0	2
ENSG00000198400	0.678	16	35.829	2.9498425e-06	2	0	2	1	0	1
ENSG00000187800	0.888	40	58.655	5.0690525e-06	2	1	1	0	0	0
ENSG00000160838	0.779	14	28.087	2.3897225e-06	1	0	1	0	0	0
ENSG00000132694	0.195	10	87.067	8.6059825e-06	1	1	0	0	0	0
ENSG00000253831	1.416	12	13.708	1.434202e-06	6	0	6	0	0	0
ENSG00000117036	0.299	1	15.863	1.2846245e-06	1	0	1	0	0	0
ENSG00000162461	1.345	11	13.521	1.24015325e-06	10	0	10	1	0	1
ENSG00000163518	0.942	19	29.604	2.70345e-06	1	0	1	0	0	0
ENSG00000160856	1.279	32	33.594	2.8882025e-06	11	0	11	0	0	0
ENSG00000162458	1.29	10	13.14	1.1053995e-06	7	0	7	0	0	0
ENSG00000132704	1.122	20	25.906	1.8419975e-06	34	0	34	0	0	0
ENSG00000163534	0.938	11	19.421	1.51813625e-06	9	0	9	1	0	1
ENSG00000073754	1.666	23	19.425	1.805985e-06	1	0	1	0	0	0
ENSG00000183853	0.25	4	36.653	3.407285e-06	1	0	1	0	0	0
ENSG00000158473	0.996	12	19.529	1.74066e-06	35	0	35	0	0	0
ENSG00000158477	1.946	29	17.654	1.4036835e-06	19	0	19	0	0	0
ENSG00000158481	1.233	14	17.756	1.53404875e-06	14	0	14	0	0	0
ENSG00000158485	1.338	17	19.049	1.94434e-06	1	0	1	0	0	0
ENSG00000158488	1.583	4	5.5287	1.777175e-06	3	0	3	0	0	0
ENSG00000186306	1.172	2	5.3388	5.00892e-07	5	0	5	0	0	0
ENSG00000196171	1.883	9	7.0092	7.736155e-07	5	0	5	0	0	0
ENSG00000203757	1.89	1	1.0313	7.2559325e-08	2	0	2	0	0	0
ENSG00000163563	1.832	22	16.424	1.3733325e-06	8	0	8	0	0	0
ENSG00000163565	1.014	22	30.977	2.7671e-06	1	1	0	0	0	0
ENSG00000179639	1.478	8	9.69	7.448055e-07	1	0	1	0	0	0
ENSG00000065526	0.071	4	128.99	1.461002e-05	1	1	0	0	0	0
ENSG00000196184	1.929	8	5.4096	5.3594975e-07	3	0	3	0	0	0
ENSG00000184155	1.34	3	5.7133	5.6164425e-07	5	0	5	0	0	0
ENSG00000132703	1.83	2	2.4163	1.7130225e-07	4	0	4	0	0	0
ENSG00000132693	1.921	3	2.1493	1.54426625e-07	2	0	2	0	0	0
ENSG00000158716	1.692	5	5.7887	8.8997775e-07	4	0	4	2	0	2
ENSG00000181036	1.726	30	23.365	1.7371425e-06	1	0	1	0	0	0
ENSG00000158714	1.193	10	14.213	1.449813e-06	5	0	5	0	0	0
ENSG00000243284	0.847	9	18.544	1.7414975e-06	5	1	4	1	0	1
ENSG00000213085	0.998	26	36.156	3.7682475e-06	5	0	5	1	0	1
ENSG00000085552	0.708	28	54.199	5.4425775e-06	2	0	2	1	0	1
ENSG00000183888	1.855	1	1.3533	9.6166775e-08	1	0	1	0	0	0
ENSG00000162728	0.618	3	12.544	1.01952225e-06	1	0	1	0	0	0
ENSG00000132681	0.938	39	54.32	5.314105e-06	13	0	13	0	0	0
ENSG00000173641	1.576	3	4.6462	4.7253425e-07	1	0	1	0	0	0
ENSG00000143318	1.576	25	22.107	1.8838725e-06	3	0	3	0	0	0
ENSG00000186510	1.116	29	35.445	3.0010975e-06	23	0	23	0	0	0
ENSG00000184908	1.239	23	26.309	3.452175e-06	20	0	20	0	0	0
ENSG00000066294	1.317	14	16.617	1.3368845e-06	1	0	1	0	0	0
ENSG00000117091	1.905	2	1.6646	6.884585e-07	1	0	1	0	0	0
ENSG00000026751	0.816	5	12.891	1.054513e-06	1	1	0	0	0	0
ENSG00000122224	1.112	23	29.302	2.706465e-06	30	0	30	0	0	0
ENSG00000179914	1.074	11	16.955	1.5391575e-06	1	0	1	0	0	0
ENSG00000186517	0.209	4	43.695	3.8724325e-06	2	1	1	0	0	0
ENSG00000158796	0.567	4	16.157	1.604516e-06	17	0	17	0	0	0
ENSG00000158850	0.642	7	20.487	2.4778275e-06	2	0	2	0	0	0
ENSG00000143257	1.154	14	18.965	1.9448425e-06	6	0	6	0	0	0
ENSG00000142627	0.555	17	45.915	4.146965e-06	2	0	2	1	0	1
ENSG00000203747	1.328	7	9.8776	7.4565975e-07	3	0	3	0	0	0
ENSG00000197530	0.63	19	44.257	3.9652275e-06	2	0	2	1	0	1
ENSG00000162745	1.056	27	35.275	3.5096275e-06	8	1	7	1	0	1
ENSG00000142632	1.151	33	38.34	3.354355e-06	2	0	2	2	0	2
ENSG00000185860	1.577	4	5.5624	3.92352e-07	2	0	2	0	0	0
ENSG00000117152	1.701	8	8.1135	1.066707e-06	1	0	1	0	0	0
ENSG00000143248	1.504	7	8.6341	6.1661775e-07	1	0	1	0	0	0
ENSG00000143228	0.713	12	27.266	2.198605e-06	1	0	1	0	0	0
ENSG00000187144	1.498	25	23.292	1.821395e-06	3	0	3	0	0	0
ENSG00000162763	1.662	8	8.3938	8.628595e-07	2	0	2	0	0	0
ENSG00000143149	1.138	20	25.528	2.3659375e-06	2	0	2	0	0	0
ENSG00000143167	1.069	11	17.039	1.66004225e-06	3	0	3	0	0	0
ENSG00000198842	1.115	32	38.548	3.28099e-06	21	0	21	0	0	0
ENSG00000198821	0.824	5	12.763	1.118163e-06	8	0	8	0	0	0
ENSG00000143199	1.007	62	76.09	7.61455e-06	7	0	7	0	0	0
ENSG00000143164	0.352	11	51.67	5.9923125e-06	2	2	0	0	0	0
ENSG00000213064	0.9	5	11.686	9.7386175e-07	3	0	3	0	0	0
ENSG00000143178	0.979	11	18.604	1.61240525e-06	4	0	4	1	0	1
ENSG00000143196	1.228	10	13.814	1.1395025e-06	4	0	4	0	0	0
ENSG00000143156	0.909	12	21.382	1.97516e-06	7	0	7	0	0	0
ENSG00000058453	0.71	55	96.935	8.6378075e-06	21	0	21	0	0	0
ENSG00000117477	1.042	19	26.756	2.9267275e-06	3	0	3	0	0	0
ENSG00000117479	0.764	9	20.553	1.76143e-06	1	0	1	0	0	0
ENSG00000198734	0.585	43	94.829	8.3683e-06	2	0	2	1	0	1
ENSG00000174175	1.319	47	45.434	3.50745e-06	12	0	12	0	0	0
ENSG00000188404	1.01	13	20.466	1.4471665e-06	1	0	1	0	0	0
ENSG00000000460	0.73	23	44.636	3.2824975e-06	1	0	1	0	0	0
ENSG00000159363	0.584	24	57.828	4.83874e-06	6	0	6	0	0	0
ENSG00000075945	0.543	17	46.95	4.7436e-06	1	1	0	0	0	0
ENSG00000117118	0.825	9	19.037	2.0795125e-06	1	0	1	1	0	1
ENSG00000120370	0.987	11	18.447	1.8634375e-06	3	0	3	0	0	0
ENSG00000008128	1.38	27	26.982	2.603955e-06	4	0	4	0	0	0
ENSG00000007933	1.584	22	19.774	1.5206655e-06	8	0	8	0	0	0
ENSG00000117507	1.062	10	15.968	1.12812925e-06	7	0	7	0	0	0
ENSG00000094963	1.025	12	18.964	1.51555675e-06	2	0	2	0	0	0
ENSG00000010932	1.093	19	25.514	2.6409725e-06	3	0	3	0	0	0
ENSG00000076258	1.175	18	22.712	1.8693e-06	1	0	1	0	0	0
ENSG00000034971	1.253	19	22.246	2.6459975e-06	9	0	9	0	0	0
ENSG00000142623	1.136	26	31.766	2.5217125e-06	3	0	3	0	0	0
ENSG00000180999	1.583	8	8.9524	6.3155875e-07	1	0	1	1	0	1
ENSG00000117560	1.581	3	4.6235	9.1001075e-07	1	0	1	0	0	0
ENSG00000142619	0.943	20	30.817	2.34835e-06	12	0	12	0	0	0
ENSG00000159339	1.136	27	32.762	2.6178575e-06	3	0	3	0	0	0
ENSG00000162753	0.46	18	58.076	4.4238425e-06	1	1	0	0	0	0
ENSG00000076321	0.511	10	33.195	3.4572e-06	1	0	1	0	0	0
ENSG00000152061	0.509	16	47.713	4.3283675e-06	3	0	3	0	0	0
ENSG00000120332	1.043	49	59.584	4.96872e-06	12	0	12	0	0	0
ENSG00000235750	1.532	1	2.7856	1.978175e-07	19	0	19	0	0	0
ENSG00000008130	0.69	8	20.906	2.61836e-06	1	0	1	0	0	0
ENSG00000116183	0.485	27	76.838	6.0770675e-06	1	0	1	0	0	0
ENSG00000120341	0.962	47	62.31	5.4479375e-06	9	0	9	1	0	1
ENSG00000075391	0.335	12	58.11	5.2007075e-06	1	0	1	1	0	1
ENSG00000116191	0.273	1	17.347	3.515155e-06	1	1	0	0	0	0
ENSG00000116194	1.273	17	20.028	1.5595925e-06	7	0	7	0	0	0
ENSG00000186283	1.692	15	13.404	1.11657175e-06	6	0	6	0	0	0
ENSG00000057252	0.947	19	29.438	2.193915e-06	6	0	6	0	0	0
ENSG00000162779	0.991	47	60.487	5.329515e-06	23	0	23	1	0	1
ENSG00000162782	0.321	10	52.892	5.2730675e-06	8	0	8	0	0	0
ENSG00000169905	1.396	14	15.667	1.252833e-06	1	0	1	1	0	1
ENSG00000143337	0.798	17	31.95	2.7743025e-06	1	0	1	1	0	1
ENSG00000135837	0.184	17	138.87	1.31395375e-05	1	1	0	1	1	0
ENSG00000135835	0.998	29	39.627	3.65954e-06	1	0	1	0	0	0
ENSG00000179930	1.699	17	14.759	1.0617825e-06	2	0	2	0	0	0
ENSG00000121446	0.715	26	50.448	3.87863e-06	2	0	2	0	0	0
ENSG00000135828	1.133	18	23.559	2.298435e-06	7	0	7	0	0	0
ENSG00000143333	1.601	8	8.827	7.7135425e-07	1	0	1	0	0	0
ENSG00000135829	0.105	3	73.576	7.7758525e-06	1	1	0	0	0	0
ENSG00000157060	1.373	26	26.271	2.062595e-06	6	0	6	0	0	0
ENSG00000198756	0.915	21	33.051	2.9357725e-06	1	0	1	0	0	0
ENSG00000135842	1.243	31	33.671	2.882005e-06	8	0	8	0	0	0
ENSG00000179023	1.598	26	22.517	1.90682e-06	4	0	4	1	0	1
ENSG00000143341	0.483	115	278.12	2.4801725e-05	5	0	5	1	0	1
ENSG00000047410	0.111	9	141.15	1.26963325e-05	1	1	0	0	0	0
ENSG00000179002	1.286	26	28.052	2.264935e-06	9	0	9	0	0	0
ENSG00000169885	1.757	11	9.8757	7.0147325e-07	1	0	1	1	0	1
ENSG00000127463	1.011	46	58.151	5.256485e-06	2	0	2	0	0	0
ENSG00000253148	1.648	7	7.698	7.470165e-07	3	0	3	0	0	0
ENSG00000116741	1.417	9	11.045	8.0056625e-07	7	0	7	0	0	0
ENSG00000023572	1.817	6	5.6657	4.3960375e-07	14	3	11	0	0	0
ENSG00000053371	1.522	15	15.125	1.12290325e-06	4	0	4	0	0	0
ENSG00000134371	0.188	3	41.236	4.3967075e-06	1	1	0	0	0	0
ENSG00000040487	1.004	9	15.649	1.60932325e-06	1	0	1	0	0	0
ENSG00000142609	0.793	23	41.067	3.834745e-06	2	0	2	0	0	0
ENSG00000173436	0.584	0	5.1243	3.60259e-07	1	0	1	0	0	0
ENSG00000162687	0.374	17	68.125	6.428315e-06	1	0	1	1	0	1
ENSG00000158747	1.023	3	7.5704	5.3963475e-07	1	0	1	0	0	0
ENSG00000158748	1.275	7	10.301	7.40283e-07	2	0	2	0	0	0
ENSG00000116785	1.603	16	15.048	1.19067375e-06	5	0	5	0	0	0
ENSG00000244414	1.53	12	12.635	8.8900625e-07	6	0	6	0	0	0
ENSG00000134365	1.761	19	15.436	2.2493575e-06	7	0	7	0	0	0
ENSG00000080910	1.818	11	9.2448	6.503355e-07	28	0	28	0	0	0
ENSG00000134389	1.829	41	28.546	2.346675e-06	8	0	8	0	0	0
ENSG00000143278	0.853	20	34.084	2.3934075e-06	1	1	0	0	0	0
ENSG00000066279	0.724	56	96.587	1.670377e-05	2	1	1	1	0	1
ENSG00000162542	1.305	31	32.066	3.158045e-06	12	0	12	1	0	1
ENSG00000203724	1.855	6	5.2768	3.7983975e-07	12	12	0	0	0	0
ENSG00000178828	1.389	2	4.4026	3.194895e-07	17	0	17	0	0	0
ENSG00000151414	0.386	3	20.111	1.93697e-06	1	0	1	1	0	1
ENSG00000169914	0.922	10	18.39	1.722235e-06	6	0	6	0	0	0
ENSG00000188784	1.736	7	7.0803	5.041415e-07	1	0	1	1	0	1
ENSG00000118193	0.429	23	75.964	6.4730375e-06	1	0	1	1	0	1
ENSG00000118197	0.876	14	24.991	2.3113325e-06	1	0	1	0	0	0
ENSG00000170128	1.264	4	7.2127	5.944575e-07	3	1	2	1	0	1
ENSG00000163362	0.769	13	26.886	2.05556e-06	2	0	2	2	0	2
ENSG00000116852	0.435	28	88.297	8.6826975e-06	8	1	7	6	0	6
ENSG00000081248	0.521	36	91.311	7.9453625e-06	3	0	3	1	0	1
ENSG00000163395	0.867	14	25.25	9.2823475e-06	13	1	12	0	0	0
ENSG00000159166	1.385	23	23.532	1.9518775e-06	4	0	4	0	0	0
ENSG00000174307	1.54	1	2.7602	2.4466725e-07	1	0	1	0	0	0
ENSG00000158786	1.817	8	7.1242	5.0452675e-07	2	0	2	0	0	0
ENSG00000187980	1.372	3	5.5628	4.471245e-07	16	0	16	0	0	0
ENSG00000162543	1.129	4	8.0969	8.6832e-07	6	0	6	0	0	0
ENSG00000176393	1.261	27	29.531	2.503455e-06	10	0	10	0	0	0
ENSG00000170075	1.355	15	17.045	1.51384825e-06	1	0	1	1	0	1
ENSG00000117139	0.572	33	77.126	9.7399575e-06	1	1	0	0	0	0
ENSG00000158816	1.288	48	47.405	4.5498025e-06	6	0	6	1	0	1
ENSG00000133055	1.281	21	23.605	2.1022925e-06	7	1	6	0	0	0
ENSG00000133048	0.924	11	19.696	1.55294275e-06	3	0	3	0	0	0
ENSG00000133063	1.274	21	23.728	2.0098325e-06	6	0	6	0	0	0
ENSG00000188770	1.809	13	10.739	7.9996325e-07	1	0	1	0	0	0
ENSG00000058668	0.438	16	55.448	5.37876e-06	1	0	1	0	0	0
ENSG00000058673	0.186	3	41.771	4.02804e-06	1	0	1	0	0	0
ENSG00000143839	0.959	14	22.815	2.25321e-06	2	0	2	0	0	0
ENSG00000133056	0.279	15	82.81	7.7644625e-06	5	0	5	1	0	1
ENSG00000198625	0.437	1	10.845	2.331935e-06	1	0	1	0	0	0
ENSG00000090432	1.152	11	15.804	1.52520475e-06	5	4	1	0	0	0
ENSG00000184144	0.437	16	55.632	5.427e-06	8	0	8	5	0	5
ENSG00000117222	0.189	2	33.254	3.2687625e-06	6	5	1	0	0	0
ENSG00000133069	0.494	5	21.264	1.53930825e-06	1	1	0	0	0	0
ENSG00000163545	0.772	11	23.586	2.231435e-06	1	1	0	0	0	0
ENSG00000162873	1.201	12	16.187	1.775835e-06	1	0	1	0	0	0
ENSG00000117266	1.119	19	24.91	1.9250775e-06	4	0	4	0	0	0
ENSG00000067606	0.4	7	32.856	2.3444975e-06	2	0	2	0	0	0
ENSG00000158711	0.953	4	9.6018	1.06625475e-06	9	0	9	0	0	0
ENSG00000158715	0.843	6	14.055	1.11248475e-06	1	0	1	1	0	1
ENSG00000162877	1.397	27	26.642	2.477995e-06	6	0	6	2	0	2
ENSG00000174502	0.474	11	38.42	2.8443175e-06	4	0	4	0	0	0
ENSG00000196188	1.618	20	17.862	1.2730335e-06	21	0	21	21	0	21
ENSG00000198049	1.121	7	11.728	9.8953975e-07	3	0	3	3	0	3
ENSG00000158828	1.136	18	23.501	2.30212e-06	7	0	7	0	0	0
ENSG00000162888	1.921	2	1.4046	1.0022865e-07	3	0	3	0	0	0
ENSG00000143479	1.025	11	17.771	1.57917325e-06	3	0	3	0	0	0
ENSG00000162891	1.676	9	9.072	9.1704575e-07	2	0	2	0	0	0
ENSG00000162896	0.371	6	31.942	2.7135e-06	1	0	1	0	0	0
ENSG00000162897	1.174	17	21.727	1.7143625e-06	6	0	6	0	0	0
ENSG00000182795	0.729	8	19.804	2.0138525e-06	3	0	3	0	0	0
ENSG00000117245	1.053	32	40.817	3.1481625e-06	1	0	1	0	0	0
ENSG00000123836	0.752	15	30.73	2.83812e-06	1	0	1	0	0	0
ENSG00000123838	0.43	6	27.55	2.1140175e-06	1	0	1	1	0	1
ENSG00000196352	1.273	19	21.895	1.90481e-06	6	0	6	0	0	0
ENSG00000117322	0.879	38	56.637	5.588135e-06	22	0	22	0	0	0
ENSG00000203710	0.964	64	81.779	8.0006375e-06	4	0	4	0	0	0
ENSG00000174059	1.024	11	17.782	1.55857075e-06	4	0	4	0	0	0
ENSG00000076356	0.435	28	88.27	7.71706e-06	1	0	1	0	0	0
ENSG00000008118	0.686	10	24.716	2.025745e-06	2	0	2	0	0	0
ENSG00000196878	0.738	34	61.363	5.7795875e-06	5	1	4	0	0	0
ENSG00000123689	1.757	0	0.86816	6.120785e-08	4	0	4	0	0	0
ENSG00000082497	0.717	5	14.665	1.49294425e-06	1	1	0	0	0	0
ENSG00000054392	0.823	18	32.442	2.4433225e-06	1	0	1	0	0	0
ENSG00000117650	0.856	13	24.156	3.1478275e-06	1	0	1	0	0	0
ENSG00000143493	0.553	17	46.142	3.6627225e-06	2	1	1	1	1	0
ENSG00000117691	1.446	3	5.2224	5.123825e-07	1	0	1	0	0	0
ENSG00000123685	1.27	3	6.0591	7.19446e-07	1	0	1	0	0	0
ENSG00000203705	1.16	12	16.757	1.2136045e-06	4	0	4	0	0	0
ENSG00000174606	0.733	8	19.683	2.9257225e-06	1	0	1	0	0	0
ENSG00000136643	0.477	13	43.367	3.906435e-06	1	0	1	0	0	0
ENSG00000117724	0.733	79	129.94	1.0672765e-05	8	0	8	1	0	1
ENSG00000142794	1.033	23	31.539	3.3622275e-06	25	1	24	0	0	0
ENSG00000082482	0.577	5	18.221	1.380535e-06	1	0	1	0	0	0
ENSG00000136636	0.412	11	44.217	4.5179775e-06	1	0	1	0	0	0
ENSG00000042781	0.857	178	235.31	2.0091625e-05	24	2	22	2	1	1
ENSG00000090686	0.161	5	65.416	5.4496125e-06	2	1	1	0	0	0
ENSG00000187942	1.241	7	10.581	7.5916025e-07	1	0	1	0	0	0
ENSG00000067533	1.17	7	11.232	7.840675e-07	1	0	1	1	0	1
ENSG00000142798	0.412	78	228.6	2.10246e-05	1	1	0	0	0	0
ENSG00000219073	1.627	17	15.545	1.276953e-06	2	0	2	0	0	0
ENSG00000142789	1.301	14	16.817	1.5321225e-06	5	0	5	0	0	0
ENSG00000162813	0.984	10	17.239	1.61639175e-06	1	1	0	0	0	0
ENSG00000118873	0.291	16	83.623	7.140525e-06	2	2	0	0	0	0
ENSG00000116141	0.363	10	46.733	5.239065e-06	1	1	0	0	0	0
ENSG00000186205	1.274	13	16.218	1.582808e-06	4	0	4	0	0	0
ENSG00000143512	1.499	32	28.667	2.8761425e-06	25	0	25	1	0	1
ENSG00000154305	0.303	8	47.636	6.9105475e-06	1	1	0	0	0	0
ENSG00000162819	1.058	20	27.478	2.65186e-06	10	0	10	0	0	0
ENSG00000197520	1.605	7	7.9778	8.9694575e-07	3	0	3	0	0	0
ENSG00000154309	0.596	21	50.726	4.450475e-06	1	0	1	0	0	0
ENSG00000143502	0.77	10	22.024	1.7153675e-06	3	1	2	0	0	0
ENSG00000178395	1.059	14	20.66	1.796605e-06	2	0	2	2	0	2
ENSG00000203697	1.019	25	34.249	2.44215e-06	3	0	3	1	0	1
ENSG00000162909	1.072	38	46.448	4.19085e-06	3	0	3	2	0	2
ENSG00000143748	0.923	37	52.722	5.43705e-06	1	0	1	0	0	0
ENSG00000143771	1.007	4	9.0889	8.714355e-07	1	0	1	0	0	0
ENSG00000185842	0.949	160	192.19	1.8590825e-06	10	0	10	0	0	0
ENSG00000184677	0.588	18	45.429	4.1233475e-06	1	0	1	0	0	0
ENSG00000196187	0.834	26	43.235	3.08803e-06	6	0	6	0	0	0
ENSG00000243709	1.721	17	14.521	1.3033175e-06	1	0	1	0	0	0
ENSG00000143811	1.342	10	12.628	1.20782575e-06	1	0	1	0	0	0
ENSG00000070886	0.712	24	47.431	4.292355e-06	1	0	1	0	0	0
ENSG00000185155	1.555	3	4.7388	3.37814e-07	4	1	3	0	0	0
ENSG00000183814	0.258	4	35.438	3.32454e-06	1	0	1	1	0	1
ENSG00000143799	0.479	16	50.696	4.374095e-06	1	0	1	0	0	0
ENSG00000163050	1.007	20	28.867	2.5672725e-06	1	0	1	0	0	0
ENSG00000143776	0.292	19	95.402	8.560925e-06	3	1	2	0	0	0
ENSG00000181450	1.929	2	1.2519	8.8441675e-08	1	0	1	0	0	0
ENSG00000143740	0.878	8	16.443	1.46959475e-06	8	0	8	0	0	0
ENSG00000133216	0.254	5	41.393	3.38283e-06	2	0	2	0	0	0
ENSG00000185888	1.224	8	11.791	8.4487e-07	1	0	1	1	0	1
ENSG00000154342	0.32	1	14.822	1.06407725e-06	1	0	1	0	0	0
ENSG00000181873	0.957	5	10.985	1.340335e-06	3	0	3	2	0	2
ENSG00000154358	0.799	189	266.77	3.1840075e-05	21	3	18	4	0	4
ENSG00000162931	1.068	14	20.495	1.695435e-06	2	0	2	0	0	0
ENSG00000168148	1.94	6	3.751	4.1719225e-07	4	0	4	0	0	0
ENSG00000116574	0.934	3	8.3015	7.1041775e-07	1	0	1	0	0	0
ENSG00000154429	0.849	3	9.1342	7.65408e-07	2	0	2	2	0	2
ENSG00000143632	1.28	9	12.262	1.0806765e-06	2	0	2	2	0	2
ENSG00000069248	0.448	20	64.905	5.8663525e-06	4	0	4	0	0	0
ENSG00000215906	1.083	6	10.934	8.755895e-07	8	0	8	0	0	0
ENSG00000135776	0.937	16	25.928	2.20363e-06	4	0	4	0	0	0
ENSG00000135763	0.845	36	56.249	4.8734125e-06	4	0	4	0	0	0
ENSG00000135775	0.62	17	41.142	3.665235e-06	1	0	1	1	0	1
ENSG00000135773	1.14	37	42.698	3.8014125e-06	6	0	6	0	0	0
ENSG00000119280	1.016	7	12.946	1.07680725e-06	3	0	3	0	0	0
ENSG00000169641	0.402	7	32.733	3.564065e-06	2	0	2	0	0	0
ENSG00000182118	1.316	1	3.4823	2.49441e-07	9	0	9	0	0	0
ENSG00000212916	1.338	31	31.267	2.33964e-06	12	0	12	0	0	0
ENSG00000135778	1.312	5	7.9779	7.2177425e-07	11	0	11	0	0	0
ENSG00000135749	0.681	54	99.494	8.9892225e-06	4	0	4	2	0	2
ENSG00000125944	0.209	2	30.17	2.4252325e-06	15	0	15	0	0	0
ENSG00000143674	0.8	9	19.622	3.1927175e-06	14	0	14	0	0	0
ENSG00000135750	0.905	4	10.108	7.1463875e-07	1	0	1	1	0	1
ENSG00000125945	0.878	10	19.312	1.901125e-06	3	0	3	0	0	0
ENSG00000116151	1.116	20	26.049	2.083365e-06	3	0	3	0	0	0
ENSG00000088280	0.711	27	52.392	4.7005525e-06	2	0	2	1	0	1
ENSG00000168275	1.635	3	4.3784	4.364715e-07	1	0	1	1	0	1
ENSG00000059588	0.841	48	72.632	5.60656e-06	7	0	7	0	0	0
ENSG00000162885	0.843	15	27.407	2.4553825e-06	2	0	2	0	0	0
ENSG00000168243	1.712	1	2.1425	1.507433e-07	1	0	1	1	0	1
ENSG00000116962	0.65	29	60.827	5.735535e-06	1	0	1	0	0	0
ENSG00000116977	1.461	8	9.8098	1.49140325e-06	4	0	4	0	0	0
ENSG00000119285	0.14	8	102.8	8.57399e-06	1	1	0	0	0	0
ENSG00000077522	0.239	6	49.552	3.9424475e-06	2	1	1	0	0	0
ENSG00000142676	0.296	0	10.116	8.4277625e-07	1	1	0	0	0	0
ENSG00000057757	0.965	5	10.895	1.0811455e-06	1	0	1	1	0	1
ENSG00000116996	1.314	28	29.206	2.8918875e-06	7	0	7	0	0	0
ENSG00000179163	0.944	16	25.747	2.003635e-06	1	1	0	0	0	0
ENSG00000188822	1.683	8	8.2434	8.72541e-07	10	0	10	1	0	1
ENSG00000133019	0.249	1	19.035	2.008325e-06	1	0	1	1	0	1
ENSG00000155816	0.274	10	61.903	5.3963475e-06	18	0	18	0	0	0
ENSG00000157911	0.86	8	16.786	1.6633755e-06	3	0	3	1	0	1
ENSG00000142677	0.627	8	23.02	2.030435e-06	1	0	1	1	0	1
ENSG00000185436	0.763	4	11.989	8.5604225e-07	1	0	1	0	0	0
ENSG00000162843	1.086	53	61.349	5.8144275e-06	45	1	44	0	0	0
ENSG00000174371	0.925	25	37.742	3.4379375e-06	10	0	10	0	0	0
ENSG00000197769	1.905	7	5.2653	3.732905e-07	2	0	2	0	0	0
ENSG00000001460	1.453	14	15.034	1.62617375e-06	6	0	6	0	0	0
ENSG00000173728	1.537	11	11.759	1.6808625e-06	2	0	2	0	0	0
ENSG00000179397	0.713	17	35.766	3.41298e-06	2	0	2	0	0	0
ENSG00000001461	0.957	9	16.417	1.5964425e-06	1	0	1	1	0	1
ENSG00000153187	0.114	1	41.692	3.673945e-06	2	0	2	0	0	0
ENSG00000203666	1.574	14	13.815	9.895565e-07	1	0	1	0	0	0
ENSG00000162849	0.211	7	62.341	5.0693875e-06	1	1	0	0	0	0
ENSG00000162851	0.953	11	19.107	1.77885e-06	2	0	2	0	0	0
ENSG00000153207	0.129	8	112.06	1.01064475e-05	1	1	0	0	0	0
ENSG00000197472	1.847	5	4.6299	3.26022e-07	20	0	20	0	0	0
ENSG00000188295	1.455	5	7.1224	5.13957e-07	3	0	3	0	0	0
ENSG00000196418	1.73	3	3.8938	2.754705e-07	7	0	7	0	0	0
ENSG00000196242	1.436	4	6.2652	6.151605e-07	4	0	4	0	0	0
ENSG00000177476	1.419	2	4.2856	3.0312475e-07	1	0	1	0	0	0
ENSG00000221888	1.6	2	3.5865	2.4949125e-07	4	0	4	0	0	0
ENSG00000162722	1.565	15	14.677	1.3315245e-06	6	0	6	0	0	0
ENSG00000177275	1.863	3	2.9437	3.4432975e-07	29	0	29	0	0	0
ENSG00000196071	1.581	5	6.4291	6.0077225e-07	3	0	3	0	0	0
ENSG00000177212	1.837	1	1.4842	1.04803075e-07	2	0	2	0	0	0
ENSG00000182783	1.876	1	1.172	8.0358125e-08	14	0	14	0	0	0
ENSG00000184022	1.928	4	2.7175	1.8976075e-07	1	0	1	0	0	0
ENSG00000171161	0.729	4	12.562	1.57816825e-06	1	0	1	0	0	0
ENSG00000171163	1.166	17	21.861	1.62302475e-06	1	0	1	0	0	0
ENSG00000185220	1.585	22	19.761	2.126915e-06	2	0	2	0	0	0
ENSG00000149527	0.828	27	44.983	3.9548425e-06	9	0	9	2	0	2
ENSG00000117616	1.835	18	13.753	1.1080125e-06	1	0	1	1	0	1
ENSG00000187010	0.951	10	17.838	1.601635e-06	1	0	1	0	0	0
ENSG00000162430	1.144	20	25.4	2.38855e-06	4	0	4	1	0	1
ENSG00000127423	1.579	13	12.98	1.08206675e-06	3	0	3	0	0	0
ENSG00000117632	0.944	3	8.2109	8.9004475e-07	1	0	1	0	0	0
ENSG00000158006	1.113	16	21.841	1.8962675e-06	12	0	12	0	0	0
ENSG00000158008	1.082	21	27.939	2.136295e-06	2	0	2	0	0	0
ENSG00000197245	0.95	1	4.9787	3.5374325e-07	1	0	1	0	0	0
ENSG00000142684	1.435	4	6.2716	5.3561475e-07	1	0	1	1	0	1
ENSG00000142675	1.282	45	45.001	4.4153e-06	6	0	6	0	0	0
ENSG00000188782	1.256	18	21.254	2.2021225e-06	11	0	11	0	0	0
ENSG00000158062	1.155	15	19.998	2.710485e-06	1	1	0	0	0	0
ENSG00000176092	0.889	23	36.638	3.40762e-06	12	0	12	1	0	1
ENSG00000176083	1.34	12	14.502	1.30286525e-06	16	0	16	1	0	1
ENSG00000117713	0.071	2	89.036	7.922415e-06	5	1	4	0	0	0
ENSG00000198746	1.263	22	24.871	2.094755e-06	3	0	3	0	0	0
ENSG00000131910	1.638	8	8.5691	7.53817e-07	15	0	15	0	0	0
ENSG00000253368	1.755	0	0.87613	6.4753825e-08	2	0	2	0	0	0
ENSG00000158246	0.717	3	10.807	9.205465e-07	1	0	1	0	0	0
ENSG00000142784	0.229	3	33.791	2.9317525e-06	1	1	0	0	0	0
ENSG00000142765	1.107	22	28.375	2.48704e-06	17	0	17	1	0	1
ENSG00000142733	0.768	36	61.924	5.0094225e-06	3	0	3	1	0	1
ENSG00000142748	0.896	6	13.214	9.4424775e-07	1	0	1	0	0	0
ENSG00000126705	0.076	0	38.917	3.8764525e-06	1	1	0	0	0	0
ENSG00000158156	1.471	12	13.175	1.26872875e-06	2	0	2	0	0	0
ENSG00000130766	0.906	14	24.145	2.14668e-06	1	0	1	0	0	0
ENSG00000180098	0.825	9	19.037	1.66821625e-06	1	1	0	0	0	0
ENSG00000162419	0.291	2	21.648	1.54326125e-06	1	1	0	0	0	0
ENSG00000116353	0.848	11	21.473	1.958745e-06	1	0	1	0	0	0
ENSG00000060688	0.398	3	19.473	1.5219385e-06	1	0	1	0	0	0
ENSG00000121766	0.842	6	14.065	1.3837845e-06	1	0	1	0	0	0
ENSG00000121769	0.865	1	5.481	3.8831525e-07	8	0	8	0	0	0
ENSG00000168528	1.34	21	22.565	1.73999e-06	12	0	12	0	0	0
ENSG00000121764	0.901	8	16.021	1.44400075e-06	1	0	1	0	0	0
ENSG00000162517	1.058	8	13.639	9.7577125e-07	1	0	1	1	0	1
ENSG00000134668	0.484	8	29.841	3.59991e-06	6	0	6	0	0	0
ENSG00000084652	0.24	2	26.188	2.0929125e-06	1	0	1	0	0	0
ENSG00000160051	1.248	14	17.533	1.6393225e-06	17	0	17	0	0	0
ENSG00000160055	1.872	10	7.8588	7.2569375e-07	1	0	1	0	0	0
ENSG00000175130	1.633	3	4.3875	3.07329e-07	1	0	1	1	0	1
ENSG00000162520	0.864	10	19.633	1.82173e-06	2	0	2	0	0	0
ENSG00000162522	0.773	2	8.1417	2.551695e-06	1	1	0	0	0	0
ENSG00000121900	1.18	3	6.5482	6.1544525e-07	5	0	5	0	0	0
ENSG00000004455	1.223	8	11.792	1.2618445e-06	2	0	2	0	0	0
ENSG00000116525	1.164	14	18.797	1.48058275e-06	1	1	0	0	0	0
ENSG00000134686	0.387	8	37.323	2.97145e-06	2	0	2	0	0	0
ENSG00000142698	0.647	6	18.307	2.13395e-06	10	0	10	0	0	0
ENSG00000130762	1.246	21	24.266	2.7877025e-06	2	0	2	0	0	0
ENSG00000189280	1.825	7	6.326	6.0439025e-07	2	0	2	0	0	0
ENSG00000188910	1.323	5	7.9056	7.3179075e-07	3	0	3	0	0	0
ENSG00000187513	0.784	4	11.672	1.12431025e-06	2	0	2	0	0	0
ENSG00000116544	0.136	1	34.976	3.0871925e-06	1	0	1	1	0	1
ENSG00000163867	0.693	30	58.703	5.314775e-06	2	0	2	0	0	0
ENSG00000116560	0.152	1	31.306	3.303435e-06	1	1	0	0	0	0
ENSG00000020129	0.175	1	27.129	2.2450025e-06	1	0	1	0	0	0
ENSG00000116819	1.158	9	13.562	1.22035475e-06	4	0	4	1	0	1
ENSG00000092853	0.423	20	68.717	6.3829225e-06	1	0	1	0	0	0
ENSG00000092847	0.057	0	52.395	5.31511e-06	2	2	0	0	0	0
ENSG00000092850	1.255	19	22.214	2.213345e-06	4	0	4	0	0	0
ENSG00000171812	0.663	4	13.816	1.2268035e-06	1	0	1	0	0	0
ENSG00000054116	1.354	4	6.6961	5.2941725e-07	20	0	20	0	0	0
ENSG00000116213	0.797	14	27.446	2.09375e-06	3	0	3	1	0	1
ENSG00000116885	1.14	17	22.372	2.28738e-06	1	0	1	0	0	0
ENSG00000116898	1.425	15	16.192	1.6621025e-06	5	0	5	0	0	0
ENSG00000163873	0.192	4	47.637	4.61295e-06	1	1	0	0	0	0
ENSG00000163879	1.512	16	16.031	1.4229125e-06	2	0	2	0	0	0
ENSG00000162592	1.433	40	36.336	3.2875225e-06	12	0	12	1	0	1
ENSG00000134697	0.551	15	41.921	4.0101175e-06	1	0	1	0	0	0
ENSG00000185090	0.819	2	7.6826	1.011097e-06	1	0	1	0	0	0
ENSG00000204084	1.797	16	12.938	4.8693925e-06	11	0	11	0	0	0
ENSG00000183520	1.177	13	17.561	1.6542635e-06	1	0	1	0	0	0
ENSG00000116198	0.743	28	51.684	4.8709e-06	3	0	3	0	0	0
ENSG00000169598	1.121	9	14.003	1.26363675e-06	6	0	6	0	0	0
ENSG00000116954	0.3	1	15.798	1.25365375e-06	1	0	1	1	0	1
ENSG00000131233	1.561	17	16.264	1.56463425e-06	3	1	2	0	0	0
ENSG00000183682	1.348	10	12.563	1.174309e-06	4	0	4	0	0	0
ENSG00000163909	1.397	11	13.006	1.53418275e-06	10	0	10	0	0	0
ENSG00000198754	1.955	8	4.4435	4.5853125e-07	3	0	3	0	0	0
ENSG00000043514	1.144	19	24.363	2.279675e-06	14	0	14	0	0	0
ENSG00000131238	1.024	10	16.559	1.65853475e-06	3	0	3	0	0	0
ENSG00000188800	1.566	7	8.2329	8.9138475e-07	5	0	5	0	0	0
ENSG00000049089	0.636	22	49.421	4.4412625e-06	1	0	1	0	0	0
ENSG00000084070	0.574	8	25.151	2.681675e-06	1	0	1	0	0	0
ENSG00000187801	1.673	16	14.326	1.339933e-06	3	0	3	1	0	1
ENSG00000187815	1.106	15	20.882	1.60634175e-06	2	2	0	0	0	0
ENSG00000164002	1.433	8	10.023	8.5641075e-07	11	0	11	0	0	0
ENSG00000179862	1.818	0	0.59359	4.351315e-08	4	0	4	0	0	0
ENSG00000171790	1.082	9	14.51	1.18858e-06	4	0	4	0	0	0
ENSG00000204060	0.671	2	9.3813	7.8585975e-07	1	0	1	0	0	0
ENSG00000127129	1.016	3	7.627	5.43839e-07	4	0	4	0	0	0
ENSG00000197273	1.214	1	3.8317	2.7170175e-07	8	0	8	0	0	0
ENSG00000066185	0.906	10	18.732	1.57455025e-06	7	0	7	0	0	0
ENSG00000127125	1.651	3	4.2996	1.054245e-06	1	0	1	0	0	0
ENSG00000186409	0.928	34	48.776	4.46823e-06	9	0	9	0	0	0
ENSG00000164007	1.082	5	9.7112	6.9845825e-07	1	0	1	1	0	1
ENSG00000117385	1.226	32	35.072	3.186185e-06	2	1	1	0	0	0
ENSG00000164008	0.944	4	9.6985	8.2756725e-07	2	0	2	0	0	0
ENSG00000186973	1.154	3	6.6984	4.9032275e-07	11	0	11	0	0	0
ENSG00000117395	0.969	13	21.34	2.3029575e-06	16	0	16	0	0	0
ENSG00000243710	0.87	42	62.408	2.2624225e-06	4	0	4	0	0	0
ENSG00000179178	1.965	7	3.2214	2.3223875e-07	4	0	4	1	0	1
ENSG00000066056	0.885	39	57.569	5.0640275e-06	1	0	1	0	0	0
ENSG00000117400	0.763	20	38.089	3.7437925e-06	1	0	1	0	0	0
ENSG00000117399	0.838	15	27.577	2.601275e-06	2	0	2	0	0	0
ENSG00000159479	1.098	11	16.579	1.47266e-06	1	0	1	1	0	1
ENSG00000066135	0.156	4	58.714	5.5035475e-06	1	1	0	0	0	0
ENSG00000126091	0.621	9	25.286	2.4168575e-06	1	0	1	0	0	0
ENSG00000117411	0.592	4	15.459	1.38644775e-06	1	1	0	0	0	0
ENSG00000196517	0.6	12	32.426	2.78921e-06	2	0	2	0	0	0
ENSG00000171872	1.357	14	16.115	1.566259e-06	4	0	4	0	0	0
ENSG00000142945	0.56	15	41.229	4.023685e-06	1	0	1	0	0	0
ENSG00000142959	0.894	12	21.76	1.69979e-06	8	2	6	0	0	0
ENSG00000188396	1.705	3	4.0328	4.936225e-07	2	0	2	1	0	1
ENSG00000117425	0.85	33	51.928	3.9829825e-06	6	0	6	0	0	0
ENSG00000126088	1.125	15	20.532	1.8205575e-06	1	0	1	1	0	1
ENSG00000186603	1.433	8	10.021	1.09941975e-06	1	0	1	0	0	0
ENSG00000117448	1.121	12	17.349	1.49234125e-06	2	0	2	0	0	0
ENSG00000197429	0.745	14	29.372	2.8888725e-06	1	0	1	0	0	0
ENSG00000117461	1.004	19	27.767	2.67062e-06	4	0	4	0	0	0
ENSG00000085999	0.97	29	40.763	4.3119525e-06	4	0	4	0	0	0
ENSG00000117480	1.054	20	27.569	2.183195e-06	11	0	11	1	0	1
ENSG00000142961	1.213	9	12.947	1.15995425e-06	2	1	1	0	0	0
ENSG00000123472	0.757	4	12.095	1.26286625e-06	1	0	1	0	0	0
ENSG00000159658	0.955	15	24.187	1.871645e-06	1	0	1	1	0	1
ENSG00000186160	1.464	25	23.845	1.9095e-06	16	0	16	0	0	0
ENSG00000162365	1.886	35	23.457	2.058575e-06	9	0	9	0	0	0
ENSG00000162367	0.704	1	6.7363	6.9075325e-07	1	0	1	0	0	0
ENSG00000186790	1.613	1	2.5168	1.7971075e-07	2	0	2	0	0	0
ENSG00000186564	1.31	3	5.86	4.2312175e-07	9	0	9	1	0	1
ENSG00000117834	1.359	39	37.49	3.418005e-06	6	0	6	0	0	0
ENSG00000162373	0.658	5	15.97	1.139201e-06	12	0	12	0	0	0
ENSG00000186094	0.794	5	13.247	2.76241e-06	1	0	1	1	0	1
ENSG00000204006	1.815	9	7.8619	7.6083525e-07	4	0	4	0	0	0
ENSG00000078618	0.268	10	63.306	5.0971925e-06	1	0	1	1	0	1
ENSG00000117862	1.328	8	10.846	9.34181e-07	1	0	1	1	0	1
ENSG00000198841	1.424	6	8.2471	5.849435e-07	3	0	3	0	0	0
ENSG00000154222	0.908	36	52.35	5.088985e-06	3	0	3	1	0	1
ENSG00000085840	0.881	29	44.886	5.058165e-06	1	0	1	0	0	0
ENSG00000134748	0.408	4	22.453	2.522885e-06	2	0	2	0	0	0
ENSG00000116157	1.412	9	11.084	1.39432025e-06	11	0	11	0	0	0
ENSG00000162377	1.02	3	7.5995	5.309415e-07	5	0	5	0	0	0
ENSG00000162378	0.252	4	36.338	3.2339225e-06	1	0	1	0	0	0
ENSG00000203995	0.976	22	32.174	3.078985e-06	7	0	7	0	0	0
ENSG00000121310	1.178	14	18.583	2.489385e-06	7	0	7	0	0	0
ENSG00000116171	0.723	13	28.587	2.329255e-06	1	0	1	1	0	1
ENSG00000174348	1.019	18	26.204	2.81467e-06	12	0	12	3	0	3
ENSG00000162384	1.426	10	11.86	8.3945975e-07	1	0	1	0	0	0
ENSG00000174332	0.609	6	19.435	1.58208775e-06	1	0	1	1	0	1
ENSG00000116212	1.119	15	20.643	2.11184e-06	1	0	1	0	0	0
ENSG00000215883	1.195	10	14.195	1.660796e-06	3	0	3	0	0	0
ENSG00000162391	1.495	24	22.562	1.7615975e-06	18	0	18	0	0	0
ENSG00000162390	1.082	29	36.545	3.3876875e-06	3	0	3	0	0	0
ENSG00000184313	0.92	28	41.709	5.416615e-06	8	0	8	0	0	0
ENSG00000243725	0.897	12	21.67	1.67056125e-06	13	0	13	1	0	1
ENSG00000006555	1.059	8	13.624	1.69376e-06	37	0	37	3	0	3
ENSG00000162398	1.283	22	24.479	2.36711e-06	12	0	12	0	0	0
ENSG00000116133	0.523	8	27.624	2.6473375e-06	1	1	0	0	0	0
ENSG00000143001	1.845	6	5.3823	4.9781e-07	1	0	1	0	0	0
ENSG00000169174	1.341	26	26.909	2.13127e-06	8	0	8	0	0	0
ENSG00000162409	0.921	16	26.396	2.735945e-06	1	1	0	0	0	0
ENSG00000187889	1.699	54	39.79	3.101095e-06	7	0	7	1	0	1
ENSG00000157131	1.184	26	30.46	2.7843525e-06	2	0	2	0	0	0
ENSG00000021852	1.334	29	29.639	2.589215e-06	3	0	3	0	0	0
ENSG00000173406	0.373	6	31.747	2.40597e-06	1	1	0	0	0	0
ENSG00000131697	0.983	53	67.814	6.3078825e-06	10	0	10	1	0	1
ENSG00000172456	1.273	29	31.07	2.6516925e-06	2	0	2	1	0	1
ENSG00000134709	0.623	21	48.511	3.82503e-06	3	1	2	0	0	0
ENSG00000134716	1.39	23	23.438	1.9485275e-06	9	0	9	0	0	0
ENSG00000116254	0.157	9	100.2	8.630605e-06	1	0	1	1	0	1
ENSG00000158286	0.953	23	34.184	3.0188525e-06	5	0	5	0	0	0
ENSG00000158292	1.292	11	14.082	1.011901e-06	1	0	1	0	0	0
ENSG00000125703	1.405	25	24.85	2.2463425e-06	16	0	16	1	0	1
ENSG00000142856	1.61	11	11.143	1.0080485e-06	5	0	5	0	0	0
ENSG00000203965	1.192	28	32.206	3.068265e-06	3	0	3	0	0	0
ENSG00000177414	1.317	12	14.758	1.04213475e-06	19	0	19	1	0	1
ENSG00000171680	0.58	17	43.983	4.1729275e-06	12	0	12	0	0	0
ENSG00000162437	0.842	19	33.096	2.946325e-06	1	0	1	0	0	0
ENSG00000162434	0.214	7	61.432	5.214945e-06	2	1	1	0	0	0
ENSG00000116678	0.284	9	55.258	4.0476375e-06	1	0	1	0	0	0
ENSG00000162413	1.127	12	17.247	1.24960025e-06	1	0	1	1	0	1
ENSG00000041988	1.358	4	6.675	4.740585e-07	2	0	2	2	0	2
ENSG00000184588	0.395	8	36.554	3.0335925e-06	1	1	0	0	0	0
ENSG00000172410	1.779	1	1.8295	1.2627155e-07	1	0	1	0	0	0
ENSG00000081985	0.707	22	44.439	3.7849975e-06	2	1	1	0	0	0
ENSG00000116729	0.545	8	26.482	2.37314e-06	14	0	14	0	0	0
ENSG00000116745	1.111	24	30.386	2.58285e-06	1	0	1	1	0	1
ENSG00000066557	1.352	31	30.942	2.963745e-06	3	0	3	1	0	1
ENSG00000162620	1.22	22	25.749	2.49307e-06	7	1	6	0	0	0
ENSG00000116783	1.453	60	51.213	5.005905e-06	34	0	34	0	0	0
ENSG00000162621	1.387	16	17.506	1.686725e-06	15	0	15	0	0	0
ENSG00000178965	1.357	61	55.646	4.8238325e-06	13	0	13	1	0	1
ENSG00000116791	1.928	28	17.855	1.84049e-06	7	0	7	0	0	0
ENSG00000117054	1.175	23	27.741	2.2135125e-06	1	0	1	0	0	0
ENSG00000057468	0.989	34	45.76	3.790525e-06	1	1	0	0	0	0
ENSG00000154007	1.511	9	10.304	7.18106e-07	1	0	1	1	0	1
ENSG00000036549	0.301	3	25.792	4.5585125e-06	1	1	0	0	0	0
ENSG00000077254	0.331	11	54.963	4.7668825e-06	1	0	1	0	0	0
ENSG00000180488	0.728	17	35.026	2.951015e-06	13	0	13	0	0	0
ENSG00000049246	0.841	36	56.54	4.6831325e-06	14	1	13	0	0	0
ENSG00000162614	0.817	23	39.873	4.3081e-06	1	0	1	0	0	0
ENSG00000137960	1.591	13	12.873	1.00963975e-06	3	0	3	0	0	0
ENSG00000049247	1.271	3	6.0521	4.271585e-07	2	0	2	0	0	0
ENSG00000137965	1.496	22	20.978	2.02943e-06	12	0	12	0	0	0
ENSG00000162618	1.004	21	30.125	2.2262425e-06	1	0	1	0	0	0
ENSG00000116285	0.881	5	11.928	1.226368e-06	2	0	2	1	0	1
ENSG00000162426	0.745	12	26.114	2.3280825e-06	2	0	2	2	0	2
ENSG00000137941	0.426	16	57.047	5.742235e-06	5	1	4	0	0	0
ENSG00000142875	0.479	5	21.957	1.7877275e-06	13	1	12	0	0	0
ENSG00000203943	1.387	3	5.4899	5.92414e-07	5	0	5	0	0	0
ENSG00000117133	1.192	14	18.353	1.5902785e-06	2	0	2	2	0	2
ENSG00000117155	0.794	20	36.58	3.2024325e-06	1	1	0	0	0	0
ENSG00000153898	1.181	22	26.596	2.147015e-06	9	0	9	0	0	0
ENSG00000055732	0.969	19	28.775	3.1270575e-06	12	1	11	1	1	0
ENSG00000162643	0.757	29	52.237	4.6724125e-06	2	0	2	1	0	1
ENSG00000097096	0.997	32	43.113	4.40994e-06	2	0	2	0	0	0
ENSG00000171502	0.912	82	108.05	8.5919125e-06	5	2	3	0	0	0
ENSG00000122417	1.228	31	34.063	2.5176925e-06	3	0	3	1	0	1
ENSG00000137975	1.273	43	43.573	4.2603625e-06	2	1	1	1	0	1
ENSG00000016490	0.721	21	41.914	3.9086125e-06	3	0	3	0	0	0
ENSG00000016602	1.03	27	36.143	2.9297425e-06	2	0	2	0	0	0
ENSG00000097033	0.271	1	17.511	1.38601225e-06	1	0	1	0	0	0
ENSG00000074800	0.864	11	21.074	1.80766e-06	1	0	1	0	0	0
ENSG00000137944	1.34	24	25.196	1.935295e-06	2	0	2	0	0	0
ENSG00000117228	1.225	25	28.504	2.4962525e-06	9	0	9	0	0	0
ENSG00000162645	0.991	19	28.134	2.558395e-06	1	0	1	0	0	0
ENSG00000213512	1.177	24	28.665	2.4845275e-06	13	0	13	0	0	0
ENSG00000162654	1.24	25	28.151	2.30547e-06	19	0	19	0	0	0
ENSG00000183347	1.269	25	27.523	2.2667775e-06	1	0	1	0	0	0
ENSG00000197241	1.669	28	22.887	2.061925e-06	7	0	7	5	0	5
ENSG00000142583	1.865	9	7.2741	1.660193e-06	10	0	10	0	0	0
ENSG00000122482	0.253	6	46.877	4.7229975e-06	1	0	1	0	0	0
ENSG00000180758	1.186	6	9.9795	7.2023325e-07	1	0	1	0	0	0
ENSG00000097046	0.797	13	25.935	1.99526e-06	1	0	1	0	0	0
ENSG00000137948	0.657	22	47.829	4.00392e-06	2	0	2	0	0	0
ENSG00000172031	0.907	11	20.067	1.9411575e-06	3	0	3	0	0	0
ENSG00000174842	0.906	25	38.549	2.91383e-06	2	0	2	0	0	0
ENSG00000049239	0.941	17	27.107	2.4443275e-06	3	0	3	0	0	0
ENSG00000067208	0.761	25	45.873	3.82771e-06	10	0	10	3	0	3
ENSG00000154511	0.494	3	15.689	1.09328925e-06	2	0	2	0	0	0
ENSG00000137936	0.383	8	37.712	3.69505e-06	1	0	1	0	0	0
ENSG00000198691	0.91	89	116.59	1.04481475e-05	3	0	3	1	0	1
ENSG00000137962	0.249	8	58.053	5.3119275e-06	8	0	8	1	0	1
ENSG00000188976	1.327	43	41.785	3.6074475e-06	4	0	4	2	0	2
ENSG00000117528	0.435	14	50.337	5.22131e-06	1	0	1	1	0	1
ENSG00000143036	1.473	38	33.801	2.96542e-06	7	0	7	1	0	1
ENSG00000172339	1.196	6	9.8962	9.56492e-07	2	0	2	0	0	0
ENSG00000122481	1.62	6	7.0524	7.67485e-07	1	1	0	0	0	0
ENSG00000188807	0.286	3	27.076	2.406975e-06	1	1	0	0	0	0
ENSG00000187961	1.259	26	28.65	2.76174e-06	4	0	4	4	0	4
ENSG00000179840	1.844	2	2.3022	1.64329225e-07	2	0	2	0	0	0
ENSG00000188641	1.005	40	51.798	4.4744275e-06	4	0	4	0	0	0
ENSG00000171608	0.244	7	53.904	4.7101e-06	2	1	1	1	0	1
ENSG00000171603	0.288	7	45.685	3.935915e-06	1	1	0	1	1	0
ENSG00000187642	1.571	17	16.159	1.727595e-06	5	0	5	0	0	0
ENSG00000178585	1.383	3	5.5103	7.0261225e-07	1	1	0	0	0	0
ENSG00000099260	0.698	10	24.285	1.85657e-06	2	0	2	0	0	0
ENSG00000156869	0.848	19	32.885	2.591895e-06	15	0	15	0	0	0
ENSG00000162688	0.795	57	89.384	8.024925e-06	4	0	4	0	0	0
ENSG00000117620	0.711	7	18.501	1.414973e-06	1	0	1	1	0	1
ENSG00000162444	0.732	1	6.4802	4.6034025e-07	2	0	2	0	0	0
ENSG00000120054	1.063	14	20.583	1.59304225e-06	2	0	2	0	0	0
ENSG00000095485	1.15	26	31.362	2.609315e-06	3	0	3	0	0	0
ENSG00000107593	1.248	42	43.517	3.9849925e-06	17	0	17	0	0	0
ENSG00000075826	1.05	50	60.255	4.8459425e-06	12	0	12	1	0	1
ENSG00000166136	0.983	5	10.697	7.6542475e-07	2	0	2	0	0	0
ENSG00000095539	0.756	19	36.888	3.4865125e-06	5	0	5	5	0	5
ENSG00000107815	0.559	10	30.319	4.3132925e-06	1	0	1	0	0	0
ENSG00000107816	0.503	8	28.724	3.5143175e-06	2	0	2	2	0	2
ENSG00000186862	1.134	17	22.496	2.2774975e-06	1	0	1	1	0	1
ENSG00000107821	1.464	10	11.534	8.31738e-07	19	0	19	0	0	0
ENSG00000166167	0.456	12	42.656	4.690335e-06	1	0	1	0	0	0
ENSG00000166169	1.056	19	26.397	2.76375e-06	3	0	3	0	0	0
ENSG00000107829	0.723	9	21.731	2.1739825e-06	2	2	0	0	0	0
ENSG00000198408	0.367	9	42.751	3.84111e-06	1	1	0	0	0	0
ENSG00000107862	0.551	42	98.561	1.003794e-05	3	2	1	2	2	0
ENSG00000077150	0.162	3	47.746	4.5132875e-06	4	0	4	0	0	0
ENSG00000138111	0.589	6	20.11	1.592054e-06	1	0	1	1	0	1
ENSG00000156398	0.778	8	18.547	1.45931025e-06	1	0	1	0	0	0
ENSG00000166272	0.478	3	16.214	1.7907425e-06	1	0	1	0	0	0
ENSG00000148798	1.401	13	14.736	1.05345775e-06	1	0	1	1	0	1
ENSG00000148843	0.594	42	91.423	8.8270825e-06	1	0	1	1	0	1
ENSG00000138172	1.638	8	8.5643	6.203195e-07	11	0	11	1	0	1
ENSG00000185933	1.486	8	9.6305	8.3580825e-07	5	0	5	0	0	0
ENSG00000183128	1.195	5	8.7858	6.2971625e-07	1	0	1	0	0	0
ENSG00000065613	0.358	15	64.6	6.152275e-06	1	0	1	0	0	0
ENSG00000065621	1.614	13	12.656	1.0589015e-06	5	0	5	0	0	0
ENSG00000148841	1.496	16	16.203	1.45106925e-06	3	0	3	0	0	0
ENSG00000120051	1.003	41	53.045	4.79251e-06	6	0	6	4	0	4
ENSG00000156395	0.465	20	62.478	5.02031e-06	1	0	1	0	0	0
ENSG00000203867	0.295	7	44.582	3.64882e-06	1	1	0	0	0	0
ENSG00000150594	1.231	6	9.6109	6.9546e-07	11	0	11	0	0	0
ENSG00000119913	1.285	16	18.914	1.479427e-06	1	0	1	0	0	0
ENSG00000148702	1.204	25	29.009	2.0520425e-06	9	0	9	0	0	0
ENSG00000197893	0.999	86	103.02	9.4903825e-06	15	0	15	0	0	0
ENSG00000165806	0.926	9	16.957	2.173145e-06	2	0	2	0	0	0
ENSG00000148735	1.7	29	23.097	2.0048075e-06	3	1	2	0	0	0
ENSG00000198924	0.747	21	40.507	3.455525e-06	5	0	5	2	0	2
ENSG00000043591	1.542	9	10.07	7.34186e-07	3	0	3	0	0	0
ENSG00000165813	0.461	15	50.117	4.92852e-06	2	0	2	2	0	2
ENSG00000095627	0.175	5	60.111	4.6888275e-06	4	0	4	0	0	0
ENSG00000148429	0.42	10	40.341	4.1196625e-06	1	0	1	0	0	0
ENSG00000165832	1.125	11	16.185	1.43157225e-06	3	0	3	0	0	0
ENSG00000151892	0.524	6	22.616	1.7441775e-06	1	1	0	0	0	0
ENSG00000182645	1.087	9	14.444	1.08568475e-06	2	0	2	1	0	1
ENSG00000203837	1.185	19	23.531	1.9564e-06	1	0	1	1	0	1
ENSG00000187021	1.233	22	25.486	2.25321e-06	4	0	4	0	0	0
ENSG00000188316	1.023	17	24.917	9.450685e-07	14	0	14	0	0	0
ENSG00000186795	1.105	6	10.71	7.8880775e-07	7	0	7	0	0	0
ENSG00000134463	1.737	8	7.83	5.5290075e-07	4	0	4	0	0	0
ENSG00000119973	1.484	7	8.7661	6.3583e-07	1	0	1	0	0	0
ENSG00000148426	1.785	10	8.8829	8.790065e-07	3	0	3	0	0	0
ENSG00000188613	1.663	0	1.1932	1.658384e-07	1	0	1	1	0	1
ENSG00000107581	0.131	6	90.565	1.13476225e-05	1	1	0	0	0	0
ENSG00000119979	1.11	14	19.71	1.8356325e-06	1	0	1	0	0	0
ENSG00000198873	0.382	7	34.379	2.86358e-06	1	0	1	1	0	1
ENSG00000151929	0.447	4	20.468	2.22574e-06	1	0	1	0	0	0
ENSG00000197771	0.271	4	33.716	2.9565425e-06	1	0	1	0	0	0
ENSG00000107651	0.514	18	51.896	4.5829675e-06	1	0	1	0	0	0
ENSG00000120008	0.532	26	67.783	5.76133e-06	1	0	1	1	0	1
ENSG00000181192	1.247	46	47.183	4.325855e-06	5	0	5	1	0	1
ENSG00000066468	0.215	3	36.024	4.15936e-06	3	2	1	0	0	0
ENSG00000107669	0.624	13	33.139	3.1357675e-06	1	0	1	0	0	0
ENSG00000138162	0.685	55	100.51	8.56796e-06	18	2	16	0	0	0
ENSG00000138152	1.246	27	29.877	2.40664e-06	5	0	5	1	0	1
ENSG00000107679	0.71	10	23.886	2.01804e-06	4	0	4	0	0	0
ENSG00000254636	1.94	4	2.4048	1.69443e-07	11	0	11	0	0	0
ENSG00000187908	1.062	76	86.594	1.10856525e-05	23	0	23	0	0	0
ENSG00000183559	1.898	6	4.6898	3.3196825e-07	8	1	7	2	0	2
ENSG00000203795	1.932	2	1.1841	8.235975e-08	1	0	1	0	0	0
ENSG00000196177	1.172	19	23.791	1.82039e-06	4	0	4	1	0	1
ENSG00000188620	0.37	0	8.0934	5.760325e-07	5	0	5	0	0	0
ENSG00000154478	0.593	2	10.612	1.205665e-06	7	0	7	0	0	0
ENSG00000121898	0.946	25	36.896	3.1441425e-06	6	0	6	0	0	0
ENSG00000065154	0.962	13	21.483	2.02407e-06	1	0	1	0	0	0
ENSG00000107902	1.422	8	10.105	9.971945e-07	1	0	1	0	0	0
ENSG00000175029	0.528	12	36.81	3.4838325e-06	5	0	5	2	0	2
ENSG00000175018	1.597	6	7.1929	8.1807e-07	3	0	3	0	0	0
ENSG00000148848	0.594	19	46.899	4.1072675e-06	1	0	1	1	0	1
ENSG00000150760	0.341	29	116.1	1.117962e-05	2	0	2	1	0	1
ENSG00000180745	1.179	3	6.5552	4.694355e-07	1	0	1	0	0	0
ENSG00000132334	0.474	15	48.68	4.95666e-06	1	0	1	1	0	1
ENSG00000183049	0.252	1	18.819	1.47736675e-06	7	0	7	7	0	7
ENSG00000151468	1.087	5	9.6649	8.340495e-07	7	0	7	0	0	0
ENSG00000176769	1.064	16	22.847	2.3383e-06	3	0	3	2	0	2
ENSG00000123240	1.256	28	30.554	2.3525375e-06	4	1	3	1	0	1
ENSG00000189275	1.691	4	4.9649	6.333845e-07	2	0	2	0	0	0
ENSG00000176171	1.462	8	9.8045	6.967665e-07	1	0	1	0	0	0
ENSG00000188385	0.399	13	51.83	4.3866575e-06	7	0	7	1	0	1
ENSG00000165623	1.621	8	8.6825	6.18678e-07	4	0	4	0	0	0
ENSG00000107537	1.122	11	16.223	1.16658725e-06	1	0	1	0	0	0
ENSG00000197177	0.75	4	12.209	1.19275075e-06	1	0	1	1	0	1
ENSG00000171798	0.398	20	73.107	5.9313425e-06	4	1	3	2	0	2
ENSG00000171794	1.343	0	2.0126	1.46078425e-07	12	0	12	0	0	0
ENSG00000151650	1.916	6	4.3678	3.11416e-07	11	0	11	1	0	1
ENSG00000151651	0.942	27	39.523	3.42504e-06	17	0	17	0	0	0
ENSG00000130640	0.701	20	41.467	3.4613875e-06	1	0	1	0	0	0
ENSG00000148803	1.629	6	7.0002	4.98078e-07	4	0	4	1	0	1
ENSG00000127884	0.956	7	13.754	1.13637025e-06	2	0	2	0	0	0
ENSG00000148832	1.353	14	16.167	1.325863e-06	3	0	3	0	0	0
ENSG00000148824	0.717	6	16.509	1.31325025e-06	11	0	11	1	0	1
ENSG00000171772	1.011	16	24.045	1.95908e-06	1	0	1	0	0	0
ENSG00000225899	1.609	1	2.5283	1.7877275e-07	3	0	3	0	0	0
ENSG00000151474	0.135	3	57.224	5.00758e-06	1	1	0	1	1	0
ENSG00000187522	0.395	6	29.944	2.91852e-06	1	0	1	1	0	1
ENSG00000197889	1.837	5	4.7245	3.333585e-07	1	1	0	0	0	0
ENSG00000077943	0.664	31	63.029	5.50606e-06	3	0	3	0	0	0
ENSG00000165983	1.819	17	13.327	1.33576225e-06	2	0	2	0	0	0
ENSG00000107611	0.647	98	179.18	1.57153525e-05	21	0	21	0	0	0
ENSG00000148482	0.763	15	30.277	2.260245e-06	5	0	5	0	0	0
ENSG00000241058	1.479	27	25.163	2.199275e-06	1	0	1	0	0	0
ENSG00000204740	0.854	42	63.621	5.216285e-06	26	0	26	1	0	1
ENSG00000078114	1.139	58	63.383	5.9507725e-06	6	0	6	0	0	0
ENSG00000078403	0.182	5	57.656	4.8854725e-06	2	1	1	0	0	0
ENSG00000077327	1.223	18	21.818	2.2617525e-06	7	0	7	0	0	0
ENSG00000165309	0.906	26	39.822	3.600245e-06	5	0	5	0	0	0
ENSG00000179133	1.799	11	9.4469	8.105995e-07	1	0	1	0	0	0
ENSG00000099256	1.685	18	15.629	1.35338325e-06	8	1	7	0	0	0
ENSG00000185875	1.38	26	26.134	2.66325e-06	32	1	31	0	0	0
ENSG00000151025	0.467	16	52.036	5.08865e-06	1	0	1	0	0	0
ENSG00000107890	0.733	53	90.892	7.174695e-06	7	2	5	0	0	0
ENSG00000136758	0.448	11	40.665	3.5411175e-06	1	1	0	0	0	0
ENSG00000107897	0.585	12	33.209	2.58486e-06	2	0	2	0	0	0
ENSG00000169126	1.153	41	46.127	3.517835e-06	3	0	3	0	0	0
ENSG00000120563	1.727	9	8.6665	6.126815e-07	2	0	2	0	0	0
ENSG00000197321	0.358	29	110.56	1.070861e-05	1	1	0	0	0	0
ENSG00000107951	0.193	1	24.55	2.2847e-06	3	0	3	0	0	0
ENSG00000151033	1.789	10	8.8446	6.268855e-07	5	0	5	0	0	0
ENSG00000067057	1.245	47	48.14	4.0831475e-06	11	0	11	0	0	0
ENSG00000183621	1.062	10	15.969	1.4564125e-06	1	0	1	1	0	1
ENSG00000107959	0.949	41	56.061	4.557005e-06	3	0	3	0	0	0
ENSG00000165322	0.515	14	42.538	3.8653975e-06	2	0	2	2	0	2
ENSG00000216937	0.982	23	33.166	2.9582175e-06	8	1	7	0	0	0
ENSG00000099250	0.3	8	48.171	4.398215e-06	1	0	1	1	0	1
ENSG00000148498	0.302	13	68.451	7.2743575e-06	1	0	1	1	0	1
ENSG00000177291	1.933	2	1.1577	8.2364775e-08	3	0	3	2	0	2
ENSG00000177283	0.423	3	18.319	1.32420475e-06	8	0	8	1	0	1
ENSG00000229644	1.509	11	11.993	8.664775e-07	3	0	3	0	0	0
ENSG00000148513	1.263	67	64.993	4.73824e-06	9	0	9	0	0	0
ENSG00000175395	0.906	10	18.728	1.452426e-06	7	0	7	0	0	0
ENSG00000189180	1.018	19	27.391	2.060585e-06	6	0	6	0	0	0
ENSG00000075407	1.201	16	20.227	1.41009875e-06	8	0	8	0	0	0
ENSG00000196693	0.78	14	28.048	2.24316e-06	3	1	2	0	0	0
ENSG00000165733	0.448	19	62.203	5.799185e-06	3	0	3	0	0	0
ENSG00000169826	0.476	6	24.891	2.32155e-06	1	0	1	1	0	1
ENSG00000150201	1.492	6	7.8265	5.7413975e-07	2	1	1	0	0	0
ENSG00000243660	1.875	5	4.3105	1.84719e-07	1	0	1	0	0	0
ENSG00000196793	1.265	12	15.371	1.515004e-06	2	0	2	0	0	0
ENSG00000107562	1.471	2	4.0856	5.20389e-07	1	1	0	0	0	0
ENSG00000256574	1.43	5	7.2685	5.156655e-07	3	0	3	0	0	0
ENSG00000204175	1.489	9	10.476	8.9600775e-07	1	0	1	1	0	1
ENSG00000204176	1.777	20	15.9	1.2806715e-06	7	1	6	0	0	0
ENSG00000170324	1.177	51	54.734	4.1923575e-06	2	0	2	0	0	0
ENSG00000165568	1.419	17	17.963	1.529342e-06	19	0	19	0	0	0
ENSG00000128815	0.304	33	145.29	1.1369565e-05	2	1	1	0	0	0
ENSG00000165633	0.717	5	14.655	1.0381315e-06	1	0	1	0	0	0
ENSG00000172538	1.452	7	8.9849	6.468515e-07	7	0	7	2	0	2
ENSG00000204161	1.348	4	6.7283	4.45416e-07	1	0	1	1	0	1
ENSG00000165606	1.195	7	10.994	8.8344525e-07	1	0	1	0	0	0
ENSG00000225830	0.802	46	73.345	7.681215e-06	3	0	3	0	0	0
ENSG00000070748	0.883	22	35.586	3.16307e-06	7	0	7	1	0	1
ENSG00000197444	0.686	23	47.473	3.553345e-06	2	0	2	0	0	0
ENSG00000187134	1.588	21	18.973	2.0255775e-06	8	0	8	0	0	0
ENSG00000151632	1.46	16	16.617	1.6835425e-06	15	0	15	0	0	0
ENSG00000204149	1.778	9	8.2282	7.068165e-07	20	0	20	0	0	0
ENSG00000099290	0.758	9	20.726	1.49307825e-06	25	0	25	0	0	0
ENSG00000196139	1.861	30	20.959	2.3327725e-06	34	1	33	0	0	0
ENSG00000198610	1.719	23	18.724	1.63206975e-06	2	0	2	0	0	0
ENSG00000165471	1.717	4	4.8146	3.3726125e-07	8	0	8	0	0	0
ENSG00000150275	0.801	52	81.777	7.8448625e-06	27	0	27	0	0	0
ENSG00000178462	1.392	12	13.946	1.271057e-06	6	0	6	0	0	0
ENSG00000173848	0.772	14	28.341	2.6238875e-06	1	0	1	0	0	0
ENSG00000108021	0.332	20	87.593	7.563295e-06	3	2	1	0	0	0
ENSG00000108064	0.72	4	12.719	1.14806175e-06	1	0	1	0	0	0
ENSG00000134470	1.538	4	5.7546	6.95058e-07	1	0	1	0	0	0
ENSG00000196932	1.407	5	7.4013	1.1933705e-06	1	1	0	0	0	0
ENSG00000182010	1.04	27	35.81	3.9796325e-06	2	1	1	0	0	0
ENSG00000181915	0.81	1	5.856	4.287665e-07	5	0	5	0	0	0
ENSG00000171988	0.079	0	37.912	9.11468e-06	2	2	0	0	0	0
ENSG00000108176	1.341	10	12.633	1.1474085e-06	6	1	5	0	0	0
ENSG00000138346	0.817	29	48.4	4.261535e-06	3	1	2	0	0	0
ENSG00000138336	0.174	7	75.693	7.1386825e-06	1	1	0	0	0	0
ENSG00000165730	1.124	28	34.14	3.6097925e-06	16	0	16	0	0	0
ENSG00000156510	0.884	29	44.728	4.58012e-06	3	0	3	1	0	1
ENSG00000156515	0.379	9	41.475	4.28733e-06	1	1	0	0	0	0
ENSG00000075073	1.157	8	12.477	8.9225575e-07	8	0	8	1	0	1
ENSG00000122859	1.903	7	5.2958	4.1266975e-07	3	0	3	0	0	0
ENSG00000042286	1.083	10	15.655	1.353735e-06	3	0	3	0	0	0
ENSG00000156521	1.001	7	13.138	9.5439825e-07	6	0	6	0	0	0
ENSG00000172731	1.133	3	6.8258	6.29197e-07	2	0	2	0	0	0
ENSG00000180644	1.189	10	14.263	1.18772575e-06	7	0	7	0	0	0
ENSG00000138316	0.711	32	60.474	5.86518e-06	4	0	4	0	0	0
ENSG00000166224	0.554	10	30.629	2.59223e-06	1	0	1	0	0	0
ENSG00000166228	1.835	5	4.748	3.4644025e-07	4	0	4	0	0	0
ENSG00000107731	0.621	19	44.881	3.68031e-06	40	1	39	2	0	2
ENSG00000107736	0.468	53	142.46	3.8724325e-06	3	0	3	0	0	0
ENSG00000122863	0.795	6	14.89	1.088549e-06	2	0	2	0	0	0
ENSG00000107742	0.475	6	24.946	1.93965e-06	1	0	1	1	0	1
ENSG00000138303	1.364	20	21.3	2.343995e-06	1	0	1	0	0	0
ENSG00000166295	1.42	3	5.3402	3.7592025e-07	1	0	1	0	0	0
ENSG00000107745	1.291	21	23.431	2.4228875e-06	3	0	3	0	0	0
ENSG00000138315	1.156	19	24.112	2.4185325e-06	1	0	1	0	0	0
ENSG00000138308	1.191	6	9.9337	9.938445e-07	1	0	1	0	0	0
ENSG00000166321	1.297	10	13.066	1.663074e-06	4	0	4	0	0	0
ENSG00000122882	0.941	24	35.857	3.55301e-06	3	0	3	0	0	0
ENSG00000138286	1.049	24	32.181	3.3367675e-06	22	0	22	0	0	0
ENSG00000166343	1.38	17	18.476	1.7304425e-06	11	0	11	0	0	0
ENSG00000166317	0.587	6	20.188	3.6955525e-06	12	0	12	0	0	0
ENSG00000172650	1.438	4	6.2548	4.465885e-07	18	0	18	0	0	0
ENSG00000166507	0.427	9	36.803	3.913805e-06	1	0	1	0	0	0
ENSG00000148660	0.243	4	37.602	3.462895e-06	1	1	0	0	0	0
ENSG00000035403	0.396	14	55.222	5.4998625e-06	2	1	1	0	0	0
ENSG00000156110	0.798	9	19.688	1.531218e-06	3	0	3	0	0	0
ENSG00000188716	1.881	9	7.0374	5.00289e-07	1	0	1	0	0	0
ENSG00000156671	0.81	7	16.239	2.18688e-06	1	0	1	0	0	0
ENSG00000156113	0.252	9	62.394	5.24677e-06	1	0	1	1	0	1
ENSG00000151655	1.092	39	46.645	3.74128e-06	9	0	9	0	0	0
ENSG00000151657	0.734	13	28.146	2.5903875e-06	1	0	1	0	0	0
ENSG00000204049	1.905	3	2.4289	1.7284325e-07	1	0	1	0	0	0
ENSG00000138326	0.591	1	8.0268	8.8096625e-07	1	0	1	0	0	0
ENSG00000108179	1.352	5	7.7282	5.47189e-07	1	0	1	0	0	0
ENSG00000165424	1.249	9	12.566	6.40721e-07	20	0	20	0	0	0
ENSG00000185303	1.268	4	7.183	5.1829525e-07	3	0	3	0	0	0
ENSG00000228570	1.944	6	3.632	2.9200275e-07	2	0	2	0	0	0
ENSG00000133661	0.979	9	16.046	1.2770535e-06	3	1	2	0	0	0
ENSG00000133678	1.241	3	6.2094	4.970395e-07	1	0	1	0	0	0
ENSG00000122359	0.98	19	28.452	2.564425e-06	2	0	2	0	0	0
ENSG00000122378	1.718	14	12.414	1.27951575e-06	3	1	2	0	0	0
ENSG00000178217	0.898	12	21.662	2.32825e-06	4	0	4	0	0	0
ENSG00000185737	0.462	8	31.221	3.15771e-06	1	0	1	0	0	0
ENSG00000148600	1.259	28	30.49	2.676315e-06	1	0	1	0	0	0
ENSG00000204033	1.554	13	13.215	1.087477e-06	5	0	5	0	0	0
ENSG00000148602	1.566	21	19.265	1.89543e-06	24	0	24	0	0	0
ENSG00000148604	1.775	13	11.111	1.08940325e-06	1	0	1	0	0	0
ENSG00000122375	1.198	17	21.283	1.61019425e-06	16	0	16	1	0	1
ENSG00000173269	0.968	21	31.24	2.6188625e-06	4	0	4	1	0	1
ENSG00000188100	1.542	1	2.7547	1.9337875e-07	2	0	2	0	0	0
ENSG00000184923	1.942	9	5.6458	3.75803e-07	3	0	3	0	0	0
ENSG00000214562	1.095	1	4.2934	3.421355e-07	16	0	16	0	0	0
ENSG00000198682	0.979	20	29.688	2.9086375e-06	3	0	3	1	0	1
ENSG00000184719	1.06	11	17.181	1.3287775e-06	5	0	5	0	0	0
ENSG00000204022	1.214	13	17.029	1.20420775e-06	1	0	1	0	0	0
ENSG00000182333	0.873	8	16.541	1.241912e-06	1	0	1	0	0	0
ENSG00000204021	1.004	12	19.373	1.62212025e-06	3	0	3	1	0	1
ENSG00000204020	0.94	10	18.042	1.412226e-06	2	0	2	1	0	1
ENSG00000152766	1.718	13	11.688	1.1308595e-06	1	0	1	0	0	0
ENSG00000204010	1.908	6	4.5273	3.1856825e-07	5	0	5	0	0	0
ENSG00000185745	1.528	6	7.6087	5.30104e-07	9	0	9	0	0	0
ENSG00000152778	0.915	9	17.166	1.537985e-06	2	0	2	0	0	0
ENSG00000138182	0.686	53	97.169	8.9322725e-06	14	1	13	1	0	1
ENSG00000148680	0.665	4	13.76	1.35294775e-06	4	0	4	0	0	0
ENSG00000148688	1.588	15	14.44	1.6895725e-06	7	0	7	0	0	0
ENSG00000119938	0.963	6	12.296	1.39304725e-06	2	0	2	1	0	1
ENSG00000107854	0.481	19	58.019	5.1992e-06	1	1	0	0	0	0
ENSG00000174721	1.893	4	3.3389	2.37247e-07	13	0	13	0	0	0
ENSG00000198060	0.392	2	16.054	1.535171e-06	1	1	0	0	0	0
ENSG00000119912	0.414	16	58.706	5.0362225e-06	19	0	19	2	0	2
ENSG00000138190	0.593	20	49.021	4.40994e-06	1	1	0	0	0	0
ENSG00000138119	0.906	100	130.38	1.24447475e-05	17	0	17	0	0	0
ENSG00000186188	1.298	8	11.107	9.2749775e-07	1	0	1	1	0	1
ENSG00000138207	0.594	2	10.597	8.492585e-07	1	0	1	1	0	1
ENSG00000095464	0.866	33	50.967	4.635395e-06	1	0	1	0	0	0
ENSG00000148690	1.167	17	21.855	1.7033075e-06	2	0	2	0	0	0
ENSG00000108231	0.209	0	14.316	2.06293e-06	13	0	13	0	0	0
ENSG00000108239	0.602	15	38.35	4.1233475e-06	1	0	1	0	0	0
ENSG00000108242	1.315	16	18.476	1.41009875e-06	17	0	17	0	0	0
ENSG00000165841	1.871	25	17.621	1.24440775e-06	5	0	5	0	0	0
ENSG00000138109	1.402	16	17.324	1.24420675e-06	24	0	24	1	0	1
ENSG00000138115	1.883	28	19.227	1.6969425e-06	18	0	18	0	0	0
ENSG00000107438	0.873	7	15.061	1.36973125e-06	1	0	1	1	0	1
ENSG00000095637	0.581	30	70.021	6.8314875e-06	2	0	2	1	0	1
ENSG00000119977	1.042	23	31.261	2.2687875e-06	3	0	3	0	0	0
ENSG00000188649	0.993	11	18.342	2.175155e-06	12	0	12	0	0	0
ENSG00000095585	0.391	7	33.622	3.19389e-06	1	0	1	1	0	1
ENSG00000107447	1.013	19	27.518	2.44617e-06	4	0	4	0	0	0
ENSG00000187122	0.222	11	81.911	6.822275e-06	1	0	1	0	0	0
ENSG00000165879	1.109	1	4.2361	3.066255e-07	1	1	0	1	1	0
ENSG00000052749	0.594	28	64.624	6.2824225e-06	2	0	2	0	0	0
ENSG00000155229	0.427	14	51.303	4.5189825e-06	3	1	2	2	1	1
ENSG00000165887	1.2	12	16.199	1.686725e-06	1	0	1	1	0	1
ENSG00000119986	1.893	6	4.7749	3.4302325e-07	1	0	1	0	0	0
ENSG00000120057	1.434	9	10.905	7.80416e-07	4	0	4	0	0	0
ENSG00000166024	0.997	18	26.76	2.44751e-06	9	0	9	0	0	0
ENSG00000138131	1.123	33	39.28	2.9753025e-06	9	0	9	2	0	2
ENSG00000119943	1.166	26	30.945	2.4764875e-06	10	0	10	0	0	0
ENSG00000107521	0.692	18	38.575	3.2325825e-06	1	0	1	0	0	0
ENSG00000172987	0.694	11	26.243	2.276995e-06	2	0	2	0	0	0
ENSG00000119946	0.515	9	30.482	2.48369e-06	1	0	1	0	0	0
ENSG00000120053	0.678	9	23.163	2.36979e-06	1	0	1	1	0	1
ENSG00000198018	0.872	23	37.367	4.1186575e-06	10	1	9	0	0	0
ENSG00000014919	1.327	21	22.795	2.14065e-06	5	0	5	1	0	1
ENSG00000107554	0.721	38	69.104	6.7842525e-06	1	0	1	0	0	0
ENSG00000149972	0.485	18	55.013	4.76437e-06	1	0	1	0	0	0
ENSG00000184956	0.971	70	87.915	7.597465e-06	16	0	16	2	0	2
ENSG00000187151	1.297	16	18.737	1.464955e-06	4	0	4	0	0	0
ENSG00000110318	0.962	34	47.047	4.0449575e-06	2	0	2	0	0	0
ENSG00000137691	1.141	11	15.954	1.56460075e-06	8	0	8	0	0	0
ENSG00000137675	1.696	29	23.163	2.06159e-06	12	0	12	0	0	0
ENSG00000118113	1.761	32	24.117	2.12926e-06	25	0	25	0	0	0
ENSG00000166670	1.414	22	22.206	1.7012975e-06	24	0	24	1	0	1
ENSG00000196611	1.525	25	22.869	1.7907425e-06	5	0	5	0	0	0
ENSG00000149968	1.416	22	22.173	1.8714775e-06	6	0	6	0	0	0
ENSG00000137745	1.524	25	22.891	2.065275e-06	1	1	0	0	0	0
ENSG00000187240	0.656	25	53.221	2.119545e-05	2	1	1	0	0	0
ENSG00000170962	0.731	8	19.745	1.819385e-06	1	0	1	0	0	0
ENSG00000133805	0.903	24	37.375	3.6459725e-06	6	1	5	0	0	0
ENSG00000204403	1.041	6	11.374	1.17958525e-06	6	0	6	1	0	1
ENSG00000196954	1.207	12	16.112	1.64131575e-06	8	0	8	0	0	0
ENSG00000137757	1.502	22	20.894	1.955395e-06	1	0	1	0	0	0
ENSG00000133800	1.345	11	13.523	1.098733e-06	2	0	2	0	0	0
ENSG00000149313	0.717	5	14.659	1.04793025e-06	2	0	2	0	0	0
ENSG00000152404	0.839	25	41.614	3.2010925e-06	17	0	17	0	0	0
ENSG00000075239	1.051	14	20.831	1.63592225e-06	2	0	2	0	0	0
ENSG00000149311	0.71	103	170.95	1.526126e-05	8	1	7	0	0	0
ENSG00000166323	1.75	19	15.575	1.2358485e-06	16	0	16	1	0	1
ENSG00000178202	1.17	18	22.813	1.85858e-06	25	0	25	0	0	0
ENSG00000110723	0.943	49	65.918	5.83838e-06	6	0	6	1	0	1
ENSG00000236287	0.423	4	21.615	2.1244025e-06	1	0	1	1	0	1
ENSG00000178105	0.949	32	45.269	3.783155e-06	3	0	3	0	0	0
ENSG00000149289	0.252	4	36.367	3.923185e-06	3	0	3	0	0	0
ENSG00000137727	0.431	12	45.093	3.90007e-06	2	0	2	0	0	0
ENSG00000150750	1.363	5	7.6586	5.450115e-07	3	0	3	0	0	0
ENSG00000183644	1.158	7	11.355	8.1346375e-07	7	0	7	0	0	0
ENSG00000204381	1.525	20	19.017	1.7009625e-06	10	0	10	0	0	0
ENSG00000137713	1.063	27	35.024	2.9970775e-06	16	0	16	1	0	1
ENSG00000255561	1.175	17	21.702	1.6951e-06	2	0	2	0	0	0
ENSG00000197580	1.277	28	30.061	2.723885e-06	17	0	17	0	0	0
ENSG00000150787	1.685	8	8.228	5.9362e-07	3	0	3	0	0	0
ENSG00000188771	1.674	8	8.3109	7.53214e-07	15	0	15	0	0	0
ENSG00000110328	0.641	11	28.397	2.2657725e-06	1	0	1	1	0	1
ENSG00000149292	1.053	31	39.723	3.41834e-06	2	0	2	0	0	0
ENSG00000170209	1.162	20	25.012	2.08102e-06	18	0	18	0	0	0
ENSG00000166682	1.05	17	24.288	1.886385e-06	8	0	8	0	0	0
ENSG00000228607	1.934	10	6.5607	5.8837725e-07	1	0	1	0	0	0
ENSG00000166736	1.15	18	23.207	2.167115e-06	18	0	18	0	0	0
ENSG00000166741	1.864	10	7.9723	5.6171125e-07	3	0	3	0	0	0
ENSG00000180425	1.502	1	2.8839	2.0965975e-07	4	0	4	0	0	0
ENSG00000095110	1.851	16	12.19	8.514695e-07	4	0	4	0	0	0
ENSG00000137634	1.58	22	19.831	1.6677975e-06	2	0	2	0	0	0
ENSG00000137656	0.774	14	28.29	2.699765e-06	1	0	1	0	0	0
ENSG00000110244	1.19	10	14.252	1.3416415e-06	1	0	1	0	0	0
ENSG00000168092	0.746	1	6.3598	1.31499225e-06	14	0	14	0	0	0
ENSG00000149577	0.749	30	54.294	4.3926875e-06	3	0	3	0	0	0
ENSG00000110274	0.837	55	82.231	7.2628e-06	10	1	9	0	0	0
ENSG00000177103	0.165	8	87.635	7.4378375e-06	1	0	1	0	0	0
ENSG00000137747	0.898	17	28.406	2.325235e-06	5	0	5	1	0	1
ENSG00000137648	1.014	16	23.954	1.853555e-06	1	0	1	0	0	0
ENSG00000177098	1.784	9	8.1664	7.533145e-07	1	0	1	0	0	0
ENSG00000160593	0.826	8	17.475	1.35311525e-06	6	0	6	0	0	0
ENSG00000160588	1.948	17	10.377	8.7540525e-07	6	0	6	0	0	0
ENSG00000149573	1.864	16	11.976	1.16193075e-06	24	0	24	0	0	0
ENSG00000167286	1.458	7	8.9413	9.2867025e-07	2	0	2	0	0	0
ENSG00000118096	0.544	5	19.326	1.3669005e-06	1	1	0	0	0	0
ENSG00000019144	0.375	14	58.317	5.85379e-06	1	1	0	0	0	0
ENSG00000118094	1.02	27	36.502	3.064245e-06	1	0	1	0	0	0
ENSG00000110375	1.903	10	7.3248	7.9529e-07	16	0	16	0	0	0
ENSG00000176302	1.18	11	15.424	1.5967775e-06	5	1	4	1	0	1
ENSG00000186166	1.272	22	24.694	2.1237325e-06	3	0	3	0	0	0
ENSG00000137700	0.878	11	20.73	1.64731225e-06	6	0	6	0	0	0
ENSG00000172269	1.082	10	15.676	1.16233275e-06	1	0	1	0	0	0
ENSG00000160703	1.545	42	35.154	3.67361e-06	13	1	12	0	0	0
ENSG00000110395	0.503	14	43.488	4.49436e-06	2	0	2	0	0	0
ENSG00000235718	1.446	21	20.897	2.42406e-06	3	0	3	0	0	0
ENSG00000036672	0.555	12	35.005	3.991525e-06	1	0	1	0	0	0
ENSG00000110400	0.572	6	20.706	1.9187125e-06	1	1	0	0	0	0
ENSG00000137699	0.951	15	24.288	1.884375e-06	1	0	1	0	0	0
ENSG00000184232	1.181	5	8.8876	6.33753e-07	3	0	3	0	0	0
ENSG00000137709	0.827	14	26.458	2.4510275e-06	18	0	18	1	0	1
ENSG00000181264	1.079	5	9.7371	8.4079975e-07	2	0	2	0	0	0
ENSG00000109929	0.966	6	12.253	1.12665525e-06	6	0	6	0	0	0
ENSG00000109944	0.92	24	36.691	3.082e-06	3	0	3	0	0	0
ENSG00000188909	1.327	4	6.8471	5.00758e-07	20	0	20	20	0	20
ENSG00000221931	1.544	5	6.6307	6.3698575e-07	4	0	4	2	0	2
ENSG00000196099	1.802	6	5.7905	5.1858e-07	14	0	14	0	0	0
ENSG00000204300	1.419	5	7.3306	5.205565e-07	2	0	2	2	0	2
ENSG00000181518	1.157	2	5.4107	3.7659025e-07	1	0	1	0	0	0
ENSG00000171014	1.87	7	5.8022	5.57775e-07	9	0	9	0	0	0
ENSG00000236981	1.9	6	4.6682	3.3116425e-07	5	0	5	0	0	0
ENSG00000234560	1.56	3	4.7181	3.4272175e-07	14	0	14	0	0	0
ENSG00000197309	1.476	3	5.0886	6.4063725e-07	1	0	1	1	0	1
ENSG00000197125	1.631	3	4.3954	3.0630725e-07	6	0	6	0	0	0
ENSG00000170953	1.304	1	3.521	2.4161875e-07	1	0	1	0	0	0
ENSG00000154134	0.71	35	65.378	5.1960175e-06	2	0	2	2	0	2
ENSG00000154133	0.909	30	44.786	3.7558525e-06	6	0	6	0	0	0
ENSG00000149548	1.057	35	43.901	3.7015825e-06	6	0	6	0	0	0
ENSG00000150433	1.826	4	4.06	4.2992225e-07	1	0	1	0	0	0
ENSG00000197702	0.465	5	22.608	1.979515e-06	1	1	0	0	0	0
ENSG00000134940	1.425	9	10.982	8.526085e-07	2	0	2	0	0	0
ENSG00000171053	1.954	10	5.7585	4.0499825e-07	4	0	4	0	0	0
ENSG00000237353	1.853	4	3.8133	4.1364125e-07	3	0	3	1	0	1
ENSG00000110060	1.115	15	20.714	2.378835e-06	3	0	3	1	0	1
ENSG00000165526	1.162	12	16.726	1.2085125e-06	1	0	1	0	0	0
ENSG00000150455	1.656	5	6.003	4.35031e-07	8	0	8	0	0	0
ENSG00000110080	0.68	7	19.327	1.6952675e-06	1	1	0	0	0	0
ENSG00000120471	1.919	5	3.6103	2.474645e-07	10	0	10	0	0	0
ENSG00000134909	0.254	13	81.333	7.4914375e-06	1	1	0	0	0	0
ENSG00000043039	0.687	3	11.289	9.4012725e-07	1	0	1	1	0	1
ENSG00000151715	1.814	15	12.036	1.00337525e-06	4	0	4	0	0	0
ENSG00000134917	0.909	21	33.271	2.8265625e-06	5	0	5	1	0	1
ENSG00000166106	0.719	15	32.122	2.5307575e-06	1	0	1	1	0	1
ENSG00000175728	1.757	4	4.5693	3.3015925e-07	1	0	1	0	0	0
ENSG00000120451	0.857	24	39.4	3.4533475e-06	3	0	3	0	0	0
ENSG00000166118	1.491	12	12.99	1.51291025e-06	3	0	3	0	0	0
ENSG00000080854	0.308	11	59.025	6.11174e-06	4	0	4	1	0	1
ENSG00000148925	0.612	9	25.662	3.0111475e-06	1	0	1	1	0	1
ENSG00000166105	1.729	19	15.825	3.5357575e-06	2	0	2	0	0	0
ENSG00000174672	0.233	3	33.314	2.9458225e-06	1	0	1	0	0	0
ENSG00000152270	0.506	17	50.391	4.21765e-06	16	0	16	1	0	1
ENSG00000186104	1.186	17	21.498	2.237465e-06	4	0	4	0	0	0
ENSG00000188487	1.315	28	29.183	2.5150125e-06	10	0	10	1	0	1
ENSG00000205869	1.342	2	4.5913	3.3243725e-07	10	0	10	0	0	0
ENSG00000205867	1.814	3	3.3652	2.464595e-07	3	0	3	0	0	0
ENSG00000196224	1.679	1	2.2723	1.68103e-07	1	0	1	0	0	0
ENSG00000241598	1.913	2	1.5347	1.07637175e-07	1	0	1	0	0	0
ENSG00000185940	1.376	2	4.4563	3.22806e-07	4	0	4	0	0	0
ENSG00000166689	0.531	27	70.08	7.576695e-06	1	1	0	0	0	0
ENSG00000205864	1.867	1	1.2548	9.292565e-08	1	0	1	0	0	0
ENSG00000011405	0.359	23	90.713	8.5828675e-06	1	0	1	1	0	1
ENSG00000070081	1.221	18	21.857	1.818715e-06	2	0	2	0	0	0
ENSG00000188211	1.156	8	12.482	1.16970275e-06	6	0	6	0	0	0
ENSG00000006071	0.768	51	83.845	7.634315e-06	2	0	2	1	0	1
ENSG00000006611	0.888	36	53.543	4.9782675e-06	7	0	7	0	0	0
ENSG00000188162	0.749	79	127.14	1.10745975e-05	10	2	8	1	0	1
ENSG00000129158	1.274	22	24.656	2.1708e-06	11	0	11	1	0	1
ENSG00000129167	0.933	14	23.468	2.18889e-06	7	0	7	0	0	0
ENSG00000177951	1.616	4	5.3624	5.47457e-07	1	0	1	0	0	0
ENSG00000166788	0.999	17	25.535	1.929935e-06	1	0	1	0	0	0
ENSG00000173432	1.613	3	4.4764	5.70773e-07	1	0	1	0	0	0
ENSG00000110756	0.733	30	55.508	4.3166425e-06	3	0	3	1	0	1
ENSG00000166800	1.642	14	13.151	1.06468025e-06	4	4	0	0	0	0
ENSG00000151117	1.031	4	8.8773	7.846035e-07	1	0	1	0	0	0
ENSG00000177054	1.158	20	25.091	2.9253875e-06	3	0	3	0	0	0
ENSG00000129170	1.311	7	10.009	8.449035e-07	1	0	1	0	0	0
ENSG00000129173	0.361	7	36.431	3.52889e-06	2	0	2	0	0	0
ENSG00000166833	0.247	16	98.562	8.33413e-06	1	1	0	1	1	0
ENSG00000109854	1.903	16	11.213	9.3205375e-07	1	0	1	0	0	0
ENSG00000254647	1.172	1	3.9885	4.530205e-07	1	0	1	1	0	1
ENSG00000171714	0.949	42	57.217	5.4945025e-06	2	0	2	0	0	0
ENSG00000183161	1.525	0	1.572	1.15764275e-07	2	0	2	0	0	0
ENSG00000148935	0.811	8	17.806	1.8460175e-06	1	0	1	1	0	1
ENSG00000198168	1.849	5	4.6063	3.2315775e-07	3	0	3	0	0	0
ENSG00000064201	0.988	10	17.175	1.5835115e-06	17	0	17	0	0	0
ENSG00000053918	0.814	17	31.333	2.5528675e-06	2	0	2	0	0	0
ENSG00000187398	1.222	17	20.862	1.72994e-06	1	0	1	1	0	1
ENSG00000176971	0.91	1	5.2019	3.685e-07	1	0	1	0	0	0
ENSG00000129151	1.477	18	18.05	1.4174855e-06	7	0	7	0	0	0
ENSG00000109881	1.023	11	17.794	1.257791e-06	1	0	1	0	0	0
ENSG00000148943	0.8	4	11.443	1.170624e-06	2	0	2	0	0	0
ENSG00000121621	0.477	14	45.87	4.2221725e-06	1	0	1	1	0	1
ENSG00000174885	0.647	11	28.127	2.5552125e-06	3	0	3	0	0	0
ENSG00000205531	0.392	5	26.851	2.432435e-06	6	0	6	0	0	0
ENSG00000206013	1.949	7	4.1078	5.2295175e-07	6	0	6	0	0	0
ENSG00000182255	0.281	1	16.853	1.4777855e-06	1	0	1	1	0	1
ENSG00000148950	1.415	8	10.155	1.1027195e-06	1	0	1	0	0	0
ENSG00000049449	1.13	9	13.895	1.06434525e-06	1	0	1	1	0	1
ENSG00000186714	0.994	35	46.695	3.418675e-06	10	0	10	1	0	1
ENSG00000060749	0.228	8	63.408	5.754965e-06	1	1	0	0	0	0
ENSG00000121690	1.099	19	25.376	2.6339375e-06	2	0	2	0	0	0
ENSG00000176102	0.303	8	47.64	4.80859e-06	1	0	1	1	0	1
ENSG00000005801	1.325	5	7.8952	8.160265e-07	1	0	1	0	0	0
ENSG00000205177	1.757	3	3.7439	2.6784925e-07	1	0	1	0	0	0
ENSG00000110429	0.293	4	31.257	3.363065e-06	1	1	0	1	1	0
ENSG00000135372	0.911	43	60.866	5.51678e-06	17	0	17	0	0	0
ENSG00000121691	1.054	19	26.442	2.1706325e-06	4	0	4	1	0	1
ENSG00000110435	0.718	11	25.359	2.18085e-06	5	2	3	1	0	1
ENSG00000166326	0.659	5	15.942	1.15198125e-06	1	1	0	0	0	0
ENSG00000179241	0.829	5	12.68	1.06695825e-06	1	0	1	0	0	0
ENSG00000167311	1.077	7	12.203	1.2683435e-06	1	0	1	0	0	0
ENSG00000166349	0.736	12	26.408	2.533605e-06	2	1	1	0	0	0
ENSG00000175097	0.792	5	13.274	1.124595e-06	2	0	2	0	0	0
ENSG00000129744	1.732	16	13.696	1.62456575e-06	14	0	14	0	0	0
ENSG00000182272	0.578	18	46.141	4.4928525e-06	3	1	2	0	0	0
ENSG00000148985	0.363	1	13.07	9.3697825e-07	5	0	5	0	0	0
ENSG00000184363	0.68	12	28.596	2.7136675e-06	1	0	1	0	0	0
ENSG00000167323	0.378	6	31.319	2.8972475e-06	1	0	1	1	0	1
ENSG00000185101	0.911	31	45.925	3.89002e-06	1	0	1	1	0	1
ENSG00000149084	0.901	8	16.026	1.1297875e-06	2	0	2	1	0	1
ENSG00000166199	1.324	19	21.05	2.206645e-06	3	0	3	0	0	0
ENSG00000132109	1.124	16	21.628	1.784545e-06	1	0	1	0	0	0
ENSG00000205126	1.316	27	28.295	2.3012825e-06	1	0	1	0	0	0
ENSG00000151348	0.752	19	37.055	3.610965e-06	2	0	2	0	0	0
ENSG00000181963	1.933	8	5.2797	5.1866375e-07	4	0	4	1	0	1
ENSG00000175274	0.762	2	8.259	6.97202e-07	1	0	1	1	0	1
ENSG00000197790	1.96	10	5.4435	5.25414e-07	6	0	6	1	0	1
ENSG00000205106	1.832	1	1.5169	1.070727e-07	1	0	1	0	0	0
ENSG00000121671	0.547	10	31.019	3.07195e-06	1	0	1	0	0	0
ENSG00000165905	1.022	23	31.899	2.6969175e-06	12	0	12	0	0	0
ENSG00000167333	1.448	27	25.701	2.5582275e-06	1	0	1	0	0	0
ENSG00000197428	1.536	4	5.7634	5.6077325e-07	4	0	4	0	0	0
ENSG00000175213	0.816	14	26.814	2.6376225e-06	1	0	1	0	0	0
ENSG00000149179	1.286	18	20.75	2.1833625e-06	4	0	4	0	0	0
ENSG00000165912	0.642	9	24.476	2.0460125e-06	1	0	1	0	0	0
ENSG00000134574	0.848	12	22.927	2.318535e-06	1	0	1	1	0	1
ENSG00000134575	0.753	11	24.178	1.87801e-06	1	0	1	0	0	0
ENSG00000110514	0.576	39	88.47	8.756565e-06	1	0	1	1	0	1
ENSG00000165917	0.741	8	19.486	1.4112545e-06	1	0	1	0	0	0
ENSG00000172247	0.991	2	6.3483	5.88796e-07	12	0	12	0	0	0
ENSG00000030066	0.419	27	88.779	7.9574225e-06	1	1	0	0	0	0
ENSG00000176925	1.836	9	7.6333	9.3781575e-07	2	1	1	0	0	0
ENSG00000175619	1.692	4	4.9612	4.2617025e-07	15	0	15	0	0	0
ENSG00000176567	1.899	7	5.3651	5.2117625e-07	4	0	4	0	0	0
ENSG00000176555	1.837	4	3.9626	2.7562125e-07	1	0	1	0	0	0
ENSG00000176547	1.976	11	4.6301	3.26491e-07	10	0	10	1	0	1
ENSG00000176540	1.663	4	5.1175	3.5846675e-07	11	0	11	10	0	10
ENSG00000176922	1.524	6	7.63	7.9597675e-07	6	0	6	0	0	0
ENSG00000237388	1.938	9	5.789	4.05953e-07	4	0	4	0	0	0
ENSG00000176900	1.862	7	5.9151	6.08963e-07	3	0	3	0	0	0
ENSG00000182053	1.502	13	13.705	1.085735e-06	11	0	11	0	0	0
ENSG00000176895	1.944	7	4.2893	3.0392875e-07	1	0	1	0	0	0
ENSG00000167346	1.668	15	13.64	9.75185e-07	1	0	1	0	0	0
ENSG00000205495	1.915	7	5.0672	3.5330775e-07	2	0	2	0	0	0
ENSG00000171944	1.673	8	8.3162	1.0084505e-06	4	0	4	0	0	0
ENSG00000244734	1.978	10	3.7729	2.7364475e-07	16	0	16	0	0	0
ENSG00000223609	1.907	5	3.8346	2.8279025e-07	1	0	1	0	0	0
ENSG00000183251	1.681	5	5.8569	5.51477e-07	7	0	7	2	0	2
ENSG00000184698	1.541	4	5.7424	4.15802e-07	8	0	8	0	0	0
ENSG00000184321	0.88	1	5.3868	3.7705925e-07	13	0	13	0	0	0
ENSG00000167359	1.622	5	6.2002	6.0489275e-07	7	0	7	0	0	0
ENSG00000185926	1.98	8	2.1534	1.5211345e-07	2	0	2	0	0	0
ENSG00000221840	1.95	6	3.4187	3.482325e-07	12	0	12	0	0	0
ENSG00000175520	1.014	10	16.734	1.3590615e-06	14	0	14	0	0	0
ENSG00000150244	1.985	31	13.912	1.30879475e-06	5	0	5	0	0	0
ENSG00000181961	1.881	5	4.2264	4.134905e-07	5	0	5	0	0	0
ENSG00000181616	1.528	4	5.8039	5.21193e-07	4	0	4	0	0	0
ENSG00000181939	1.957	10	5.6243	4.0144725e-07	1	0	1	0	0	0
ENSG00000181903	1.889	3	2.6407	1.891075e-07	1	0	1	0	0	0
ENSG00000186113	1.939	7	4.4349	3.07262e-07	2	0	2	0	0	0
ENSG00000187747	1.591	4	5.4903	5.3397325e-07	6	0	6	1	0	1
ENSG00000186119	1.778	5	5.2176	3.7803075e-07	1	0	1	0	0	0
ENSG00000205030	1.927	6	4.1276	2.909475e-07	2	0	2	0	0	0
ENSG00000124900	1.59	9	9.7175	1.1750795e-06	24	0	24	0	0	0
ENSG00000187612	1.734	5	5.525	3.732905e-07	3	0	3	0	0	0
ENSG00000167825	1.936	8	5.1875	3.5585375e-07	5	0	5	0	0	0
ENSG00000174970	1.907	6	4.5459	3.1796525e-07	4	0	4	0	0	0
ENSG00000121236	1.152	21	26.246	3.05654e-06	15	0	15	0	0	0
ENSG00000181761	1.716	3	3.9728	2.832425e-07	4	0	4	0	0	0
ENSG00000181752	1.899	8	6.054	6.748575e-07	7	0	7	0	0	0
ENSG00000174957	1.751	4	4.6063	3.3307375e-07	1	0	1	0	0	0
ENSG00000181693	1.946	5	2.8979	2.0470175e-07	2	0	2	0	0	0
ENSG00000150261	1.912	7	5.1253	3.6198425e-07	2	0	2	0	0	0
ENSG00000172487	1.905	8	5.9424	5.963e-07	17	0	17	0	0	0
ENSG00000172199	1.913	8	5.7736	5.51879e-07	2	0	2	0	0	0
ENSG00000255223	1.833	5	4.7596	3.28032e-07	6	0	6	0	0	0
ENSG00000132274	0.99	10	17.134	1.5039825e-06	3	0	3	1	0	1
ENSG00000109991	0.932	13	22.186	1.724915e-06	7	0	7	0	0	0
ENSG00000181023	1.956	11	6.2722	4.539585e-07	1	0	1	0	0	0
ENSG00000156575	1.143	7	11.505	8.2090075e-07	7	0	7	0	0	0
ENSG00000134802	0.856	13	24.14	2.055225e-06	2	0	2	0	0	0
ENSG00000149150	0.751	13	27.514	2.38252e-06	1	0	1	0	0	0
ENSG00000134809	1.847	4	3.8738	4.1719225e-07	1	0	1	0	0	0
ENSG00000156587	1.337	4	6.7925	6.501345e-07	4	0	4	0	0	0
ENSG00000213593	0.473	3	16.406	1.32654975e-06	1	1	0	0	0	0
ENSG00000181009	1.862	6	5.1974	3.609625e-07	5	0	5	0	0	0
ENSG00000186509	1.628	5	6.1632	4.271585e-07	3	0	3	0	0	0
ENSG00000180988	1.902	5	3.9296	2.7202e-07	1	0	1	0	0	0
ENSG00000180475	1.817	6	5.6661	4.0466325e-07	13	0	13	0	0	0
ENSG00000197786	1.586	0	1.4138	9.6233775e-08	6	0	6	1	0	1
ENSG00000205409	1.549	1	2.7294	1.9488625e-07	1	0	1	0	0	0
ENSG00000172365	1.471	2	4.0882	2.75839e-07	1	0	1	0	0	0
ENSG00000172362	1.476	3	5.0898	4.71613e-07	2	0	2	0	0	0
ENSG00000198283	1.935	7	4.5798	3.16307e-07	1	0	1	0	0	0
ENSG00000149124	1.827	6	5.5651	7.2673225e-07	3	0	3	0	0	0
ENSG00000166840	0.917	6	12.909	1.0563555e-06	6	0	6	0	0	0
ENSG00000189057	1.879	1	1.1472	8.055745e-08	7	0	7	1	0	1
ENSG00000166801	1.949	3	1.4333	1.0070435e-07	4	0	4	0	0	0
ENSG00000254466	1.595	4	5.4709	4.95063e-07	2	0	2	0	0	0
ENSG00000176200	1.919	7	4.9752	3.5448025e-07	22	0	22	0	0	0
ENSG00000214788	0.969	1	4.8815	3.4379375e-07	2	0	2	0	0	0
ENSG00000149516	1.401	8	10.263	7.2880925e-07	3	0	3	0	0	0
ENSG00000149534	1.733	12	10.821	7.6837275e-07	19	0	19	0	0	0
ENSG00000166926	1.307	3	5.8727	4.1531625e-07	1	0	1	0	0	0
ENSG00000166928	1.738	7	7.0667	5.89131e-07	14	0	14	0	0	0
ENSG00000166930	1.441	6	8.1394	7.1460525e-07	5	0	5	0	0	0
ENSG00000071203	1.787	12	10.283	7.3035025e-07	4	0	4	0	0	0
ENSG00000166959	1.413	8	10.168	7.2143925e-07	2	0	2	1	0	1
ENSG00000166961	1.77	6	6.0563	6.9390225e-07	2	0	2	1	0	1
ENSG00000110104	1.024	10	16.559	1.5071985e-06	5	1	4	0	0	0
ENSG00000070047	0.384	15	60.164	6.5577925e-06	23	0	23	0	0	0
ENSG00000149506	1.33	32	32.316	3.2094675e-06	2	0	2	0	0	0
ENSG00000006118	0.802	20	36.255	3.0000925e-06	3	0	3	3	0	3
ENSG00000110446	1.366	18	19.535	1.55646025e-06	11	0	11	0	0	0
ENSG00000013725	0.656	12	29.635	2.2661075e-06	1	0	1	1	0	1
ENSG00000180919	1.881	7	5.6615	4.1062625e-07	3	0	3	0	0	0
ENSG00000110448	1.03	19	27.056	2.331935e-06	1	0	1	1	0	1
ENSG00000167987	0.86	4	10.648	7.57904e-07	1	0	1	0	0	0
ENSG00000180913	1.848	7	6.0783	5.7089025e-07	20	0	20	2	0	2
ENSG00000187049	1.145	4	7.9868	6.8140675e-07	3	0	3	0	0	0
ENSG00000162148	1.27	24	26.568	2.421715e-06	20	0	20	0	0	0
ENSG00000204950	1.717	2	3.0782	2.2517025e-07	3	0	3	0	0	0
ENSG00000180909	0.909	1	5.2115	3.6627225e-07	5	0	5	0	0	0
ENSG00000134780	0.171	3	45.43	3.56842e-06	1	0	1	0	0	0
ENSG00000221968	0.622	9	25.259	1.9592475e-06	1	0	1	1	0	1
ENSG00000167994	0.855	9	18.367	1.958745e-06	2	0	2	0	0	0
ENSG00000149503	0.294	7	44.699	4.09035e-06	1	0	1	1	0	1
ENSG00000168515	1.968	8	3.6026	2.54466e-07	3	0	3	0	0	0
ENSG00000124939	1.406	1	3.1878	2.2312675e-07	2	0	2	0	0	0
ENSG00000051009	0.293	6	40.355	4.405585e-06	1	0	1	0	0	0
ENSG00000162174	1.391	8	10.34	7.239685e-07	8	0	8	0	0	0
ENSG00000132259	0.96	14	22.807	2.10581e-06	13	0	13	0	0	0
ENSG00000149480	0.364	8	39.689	3.500415e-06	19	0	19	19	0	19
ENSG00000162194	1.187	9	13.226	9.6052875e-07	3	0	3	0	0	0
ENSG00000070031	1.967	8	3.7242	2.658895e-07	1	0	1	0	0	0
ENSG00000168000	0.971	9	16.18	2.5662675e-06	1	0	1	1	0	1
ENSG00000110148	0.98	12	19.83	2.3434925e-06	3	0	3	0	0	0
ENSG00000185670	0.676	6	17.51	1.646927e-06	2	0	2	0	0	0
ENSG00000168002	1.421	10	11.899	1.09720875e-06	1	0	1	1	0	1
ENSG00000162227	0.516	7	25.504	2.2326075e-06	2	0	2	0	0	0
ENSG00000197901	1.003	15	23.022	1.9625975e-06	2	0	2	0	0	0
ENSG00000197658	1.455	21	20.766	1.9997825e-06	16	0	16	0	0	0
ENSG00000196600	1.579	23	20.585	1.6909125e-06	27	0	27	1	0	1
ENSG00000170955	1.807	6	5.7493	4.2416025e-07	8	0	8	0	0	0
ENSG00000184999	1.543	27	24.105	2.21033e-06	23	0	23	0	0	0
ENSG00000149742	1.61	26	22.345	1.8068225e-06	13	0	13	0	0	0
ENSG00000168004	1.337	10	12.668	1.0084505e-06	15	0	15	1	0	1
ENSG00000133317	1.618	17	15.648	1.3384255e-06	4	0	4	0	0	0
ENSG00000133321	1.922	9	6.2277	4.42267e-07	3	0	3	1	0	1
ENSG00000176485	1.86	8	6.6375	4.68933e-07	1	0	1	0	0	0
ENSG00000176340	1.837	1	1.4833	1.040577e-07	1	0	1	1	0	1
ENSG00000069696	1.86	11	8.7018	6.337865e-07	3	0	3	0	0	0
ENSG00000149781	0.562	13	36.803	3.472275e-06	1	0	1	1	0	1
ENSG00000149761	1.351	11	13.462	1.26310075e-06	3	0	3	1	0	1
ENSG00000149782	0.315	13	65.693	5.9574725e-06	1	1	0	0	0	0
ENSG00000110169	1.128	20	25.753	2.1641e-06	4	0	4	1	0	1
ENSG00000168071	1.473	5	7.0233	6.518095e-06	1	0	1	0	0	0
ENSG00000197891	1.31	20	22.182	2.010335e-06	2	0	2	2	0	2
ENSG00000110076	0.258	9	60.814	6.004875e-06	1	1	0	0	0	0
ENSG00000168067	0.689	27	54.038	4.47158e-06	5	0	5	0	0	0
ENSG00000171219	0.839	53	79.412	6.672865e-06	2	1	1	1	0	1
ENSG00000110047	0.281	1	16.877	1.366599e-06	2	0	2	0	0	0
ENSG00000179532	0.807	147	208.99	2.0249075e-05	79	0	79	0	0	0
ENSG00000168062	1.068	0	2.7307	1.94233e-07	1	0	1	1	0	1
ENSG00000146670	1.143	6	10.356	7.31975e-07	1	0	1	0	0	0
ENSG00000149809	1.017	14	21.513	1.9904025e-06	2	1	1	0	0	0
ENSG00000149798	1.767	2	2.8163	1.97918e-07	1	0	1	0	0	0
ENSG00000162241	1.308	7	10.034	1.26537875e-06	1	0	1	0	0	0
ENSG00000126391	0.526	6	22.533	1.9033025e-06	4	0	4	0	0	0
ENSG00000142186	0.677	20	42.955	3.905095e-06	6	2	4	0	0	0
ENSG00000173465	1.725	10	9.4315	7.8328025e-07	1	0	1	0	0	0
ENSG00000173442	0.659	31	63.451	5.9326825e-06	7	0	7	0	0	0
ENSG00000197136	0.227	13	90.855	8.102645e-06	1	0	1	0	0	0
ENSG00000172732	0.986	24	34.226	3.145985e-06	1	0	1	0	0	0
ENSG00000172638	0.601	8	24.003	1.8912425e-06	1	0	1	0	0	0
ENSG00000172543	1.376	18	19.391	1.39157325e-06	6	0	6	0	0	0
ENSG00000175467	0.337	9	46.604	4.4694025e-06	1	0	1	1	0	1
ENSG00000132275	1.272	17	20.049	1.8309425e-06	8	0	8	0	0	0
ENSG00000175294	0.99	22	31.744	2.48637e-06	1	0	1	0	0	0
ENSG00000174996	0.315	5	33.4	2.8634125e-06	1	1	0	0	0	0
ENSG00000179292	0.943	6	12.551	9.052035e-07	1	0	1	1	0	1
ENSG00000174669	1.562	19	17.786	1.7133575e-06	2	0	2	0	0	0
ENSG00000174483	0.981	23	33.231	3.2573725e-06	2	0	2	2	0	2
ENSG00000173992	1.534	12	12.593	1.28464125e-06	1	0	1	0	0	0
ENSG00000173933	0.216	0	13.852	1.26889625e-06	1	0	1	0	0	0
ENSG00000158042	1.323	3	5.7944	4.2526575e-07	5	0	5	0	0	0
ENSG00000173599	0.435	13	47.464	4.470575e-06	2	2	0	0	0	0
ENSG00000173621	0.387	1	12.248	1.14136175e-06	1	0	1	1	0	1
ENSG00000172830	1.018	26	35.425	3.01098e-06	5	0	5	0	0	0
ENSG00000175463	0.505	6	23.445	2.2269125e-06	5	0	5	0	0	0
ENSG00000172508	0.85	10	19.944	2.1421575e-06	10	0	10	1	0	1
ENSG00000175634	1.542	29	25.622	2.12323e-06	2	0	2	0	0	0
ENSG00000175514	1.441	6	8.1425	5.958645e-07	13	0	13	0	0	0
ENSG00000167792	1.211	18	22.048	2.024405e-06	1	0	1	0	0	0
ENSG00000167800	1.362	13	15.162	1.26802525e-06	3	0	3	0	0	0
ENSG00000132744	1.426	9	10.97	9.27079e-07	1	0	1	0	0	0
ENSG00000132746	1.656	18	15.958	1.1455995e-06	9	0	9	1	0	1
ENSG00000110719	0.866	27	43.019	4.0473025e-06	5	0	5	1	0	1
ENSG00000110721	0.479	6	24.738	2.1783375e-06	1	0	1	1	0	1
ENSG00000110066	0.078	0	38.078	3.8268725e-06	1	1	0	0	0	0
ENSG00000171067	1.756	4	4.5786	4.89234e-07	1	0	1	0	0	0
ENSG00000069482	1.75	8	7.7269	8.4505425e-07	2	0	2	0	0	0
ENSG00000170782	1.797	7	6.5872	6.1135825e-07	4	0	4	0	0	0
ENSG00000166368	1.884	10	7.6618	7.9842225e-07	1	0	1	0	0	0
ENSG00000162341	0.691	24	48.855	4.4318825e-06	4	0	4	0	0	0
ENSG00000178358	1.304	4	6.977	4.9099275e-07	2	0	2	0	0	0
ENSG00000172927	1.927	3	2.0213	1.44088525e-07	3	0	3	0	0	0
ENSG00000149054	1.348	24	25.04	2.676985e-06	8	0	8	0	0	0
ENSG00000149050	1.499	25	23.272	1.8909075e-06	5	0	5	1	0	1
ENSG00000131626	0.067	1	70.769	7.047395e-06	1	1	0	0	0	0
ENSG00000158077	1.525	49	40.777	3.194225e-06	9	0	9	0	0	0
ENSG00000177106	0.627	17	40.643	3.3401175e-06	8	0	8	0	0	0
ENSG00000172893	1.349	20	21.544	1.57743125e-06	12	0	12	0	0	0
ENSG00000172890	0.939	32	45.77	4.065895e-06	3	0	3	0	0	0
ENSG00000244411	1.894	1	0.98926	7.2478925e-08	6	0	6	0	0	0
ENSG00000241233	1.886	1	1.0759	7.86245e-08	2	0	2	0	0	0
ENSG00000184276	1.96	3	0.9952	7.0746975e-08	20	0	20	0	0	0
ENSG00000137497	0.271	9	58.023	9.5694425e-06	1	1	0	0	0	0
ENSG00000184154	1.474	6	7.9356	1.413834e-06	1	1	0	0	0	0
ENSG00000165457	1.424	9	10.988	7.85173e-07	1	0	1	1	0	1
ENSG00000162129	0.536	13	38.547	3.4639e-06	1	0	1	0	0	0
ENSG00000186642	0.348	12	55.897	4.4556675e-06	1	0	1	1	0	1
ENSG00000186635	0.378	18	70.53	6.518095e-06	6	0	6	4	0	4
ENSG00000168010	1.08	28	35.532	2.9592225e-06	2	0	2	0	0	0
ENSG00000137478	0.373	9	42.068	4.2255225e-06	1	0	1	1	0	1
ENSG00000175591	0.91	3	8.5184	7.7550825e-07	2	0	2	0	0	0
ENSG00000171631	1.875	8	6.4342	4.75365e-07	2	0	2	0	0	0
ENSG00000110237	0.293	15	78.782	7.898295e-06	2	0	2	2	0	2
ENSG00000054967	0.928	13	22.282	1.824745e-06	4	0	4	0	0	0
ENSG00000021300	1.298	8	11.105	1.18223175e-06	2	0	2	0	0	0
ENSG00000175581	0.874	6	13.55	1.256183e-06	1	1	0	0	0	0
ENSG00000175567	1.549	15	14.838	1.828765e-06	5	0	5	0	0	0
ENSG00000175564	1.737	13	11.509	9.5965775e-07	12	0	12	0	0	0
ENSG00000175538	1.492	0	1.6541	1.15248375e-07	1	0	1	0	0	0
ENSG00000175536	0.944	0	3.1348	2.2378e-07	1	0	1	0	0	0
ENSG00000077514	0.236	2	26.675	2.6838525e-06	1	0	1	1	0	1
ENSG00000170743	0.49	5	21.448	2.1378025e-06	2	0	2	0	0	0
ENSG00000166435	0.895	13	23.095	2.9280675e-06	9	0	9	0	0	0
ENSG00000183801	1.233	14	17.746	1.846855e-06	5	0	5	0	0	0
ENSG00000162139	1.343	13	15.379	1.3549745e-06	3	0	3	0	0	0
ENSG00000171561	1.618	4	5.3526	3.7421175e-07	1	0	1	0	0	0
ENSG00000149243	1.92	19	12.639	9.458725e-07	1	0	1	0	0	0
ENSG00000062282	1.247	19	22.355	2.2781675e-06	1	0	1	0	0	0
ENSG00000179240	1.506	4	5.9126	7.7768575e-07	1	0	1	0	0	0
ENSG00000166387	1.217	52	53.848	4.959675e-06	1	0	1	0	0	0
ENSG00000137507	0.921	7	14.268	1.29603125e-06	1	0	1	0	0	0
ENSG00000137474	0.841	74	106.81	8.82122e-06	4	0	4	2	0	2
ENSG00000178795	1.109	23	29.395	2.0875525e-06	6	0	6	0	0	0
ENSG00000178301	1.347	6	8.7518	6.390795e-07	1	0	1	0	0	0
ENSG00000074201	0.704	3	11.02	1.04283825e-06	1	0	1	0	0	0
ENSG00000087884	1.793	8	7.3581	6.3517675e-07	5	0	5	0	0	0
ENSG00000183303	1.616	4	5.3616	4.8345525e-07	6	0	6	1	0	1
ENSG00000151364	1.771	4	4.4758	3.182835e-07	1	0	1	1	0	1
ENSG00000159063	0.83	18	32.148	3.295395e-06	3	0	3	0	0	0
ENSG00000188997	1.678	4	5.0347	3.6499925e-07	3	1	2	0	0	0
ENSG00000149256	0.173	11	105.22	9.0115e-06	1	0	1	1	0	1
ENSG00000166402	0.561	10	30.248	2.9294075e-06	16	0	16	0	0	0
ENSG00000177666	0.741	7	17.753	1.4269995e-06	6	0	6	0	0	0
ENSG00000182103	1.494	2	4.0001	2.82472e-07	1	0	1	0	0	0
ENSG00000165490	0.858	10	19.78	2.5756475e-06	12	0	12	1	0	1
ENSG00000137494	1.223	24	27.609	1.7729875e-06	4	0	4	0	0	0
ENSG00000177697	1.086	10	15.612	1.396615e-06	1	0	1	0	0	0
ENSG00000130413	0.859	13	24.062	1.855565e-06	7	0	7	0	0	0
ENSG00000171204	1.635	6	6.9638	4.80792e-07	2	0	2	1	0	1
ENSG00000171202	1.326	5	7.8873	6.6512575e-07	3	0	3	0	0	0
ENSG00000179071	1.179	8	12.236	8.8260775e-07	3	0	3	0	0	0
ENSG00000150676	1.102	17	23.147	1.7847125e-06	5	0	5	0	0	0
ENSG00000074266	0.187	1	25.352	2.2192075e-06	1	0	1	1	0	1
ENSG00000149196	0.591	2	10.651	9.0136775e-07	1	1	0	0	0	0
ENSG00000166575	0.39	5	26.96	2.1836975e-06	1	1	0	0	0	0
ENSG00000123892	1.356	5	7.7035	6.8941325e-07	1	0	1	1	0	1
ENSG00000109861	1.035	14	21.139	1.7451825e-06	2	0	2	2	0	2
ENSG00000077498	1.964	38	21.523	2.0071525e-06	8	0	8	0	0	0
ENSG00000176029	1.521	20	19.076	1.3767495e-06	3	0	3	0	0	0
ENSG00000086991	1.138	33	38.758	3.5699275e-06	1	0	1	0	0	0
ENSG00000214414	1.311	9	11.968	8.43597e-07	1	0	1	0	0	0
ENSG00000168930	1.817	9	7.8395	5.551285e-07	18	0	18	0	0	0
ENSG00000189253	1.302	9	12.046	8.5001225e-07	12	0	12	0	0	0
ENSG00000223417	1.89	0	0.098542	7.007865e-09	1	0	1	0	0	0
ENSG00000175352	1.553	12	12.43	1.1648955e-06	1	0	1	0	0	0
ENSG00000077616	1.088	33	40.572	3.4848375e-06	3	1	2	1	0	1
ENSG00000175356	0.935	41	56.871	5.26553e-06	11	0	11	2	0	2
ENSG00000184014	0.376	16	64.624	5.8382125e-06	1	1	0	0	0	0
ENSG00000180773	1.592	24	21.151	1.63776475e-06	17	0	17	0	0	0
ENSG00000165325	0.99	24	34.087	3.194895e-06	5	0	5	0	0	0
ENSG00000166002	1.967	4	1.1829	8.318385e-08	1	0	1	1	0	1
ENSG00000166004	0.489	43	113.41	9.38e-06	6	1	5	1	0	1
ENSG00000182919	1.306	12	14.883	1.02025925e-06	9	0	9	0	0	0
ENSG00000181333	1.181	54	57.341	5.5983525e-06	15	1	14	1	0	1
ENSG00000183560	1.948	16	9.7535	9.68753e-07	2	0	2	0	0	0
ENSG00000123901	1.238	11	14.703	1.118029e-06	1	0	1	0	0	0
ENSG00000020922	0.839	26	42.994	4.01196e-06	2	0	2	0	0	0
ENSG00000196371	1.137	10	14.918	1.15774325e-06	14	0	14	2	0	2
ENSG00000134627	0.585	18	45.598	3.637765e-06	2	1	1	0	0	0
ENSG00000235268	1.325	0	2.055	1.453565e-07	2	0	2	1	0	1
ENSG00000149218	1.645	15	13.87	1.2953445e-06	6	0	6	0	0	0
ENSG00000184384	0.228	6	51.914	4.58079e-06	1	0	1	0	0	0
ENSG00000149231	0.856	15	26.978	2.5622475e-06	2	0	2	0	0	0
ENSG00000133789	0.471	9	33.341	2.63846e-06	1	0	1	0	0	0
ENSG00000111647	0.412	17	61.92	5.00222e-06	3	0	3	0	0	0
ENSG00000256660	1.1	10	15.421	1.24139275e-06	3	0	3	2	0	2
ENSG00000075089	1.083	16	22.443	1.7066575e-06	4	0	4	2	0	2
ENSG00000179520	0.608	10	27.92	2.163765e-06	2	0	2	0	0	0
ENSG00000012504	0.678	11	26.872	2.573805e-06	2	0	2	0	0	0
ENSG00000150048	1.929	21	13.591	1.10766075e-06	6	0	6	1	0	1
ENSG00000256870	1.196	26	30.153	2.2349525e-06	1	0	1	1	0	1
ENSG00000172243	1.929	9	6.0529	7.8646275e-07	1	0	1	1	0	1
ENSG00000173391	0.796	6	14.874	1.0712965e-06	1	0	1	0	0	0
ENSG00000111670	0.821	39	62.034	5.6184525e-06	23	0	23	0	0	0
ENSG00000136048	0.672	3	11.537	8.180365e-07	1	0	1	0	0	0
ENSG00000185480	1.496	20	19.398	1.8413275e-06	2	0	2	0	0	0
ENSG00000171759	1.559	33	28.289	2.7719575e-06	1	0	1	0	0	0
ENSG00000134539	1.213	6	9.7503	6.9192575e-07	1	0	1	0	0	0
ENSG00000136011	0.882	116	153.5	1.405392e-05	3	0	3	0	0	0
ENSG00000111696	0.808	16	30.06	2.5213775e-06	7	0	7	0	0	0
ENSG00000213809	1.797	18	14.284	1.12843075e-06	2	0	2	2	0	2
ENSG00000166598	0.271	6	43.717	3.781815e-06	1	0	1	1	0	1
ENSG00000204954	1.879	2	1.9792	1.469444e-07	1	0	1	0	0	0
ENSG00000139372	0.674	8	21.426	1.7709775e-06	1	0	1	0	0	0
ENSG00000120820	1.458	21	20.729	2.0084925e-06	2	0	2	0	0	0
ENSG00000111727	0.198	3	39.175	3.2178425e-06	1	0	1	0	0	0
ENSG00000205810	1.635	9	9.3832	6.6464e-07	1	0	1	0	0	0
ENSG00000205809	1.71	11	10.305	7.6039975e-07	1	0	1	0	0	0
ENSG00000151131	1.664	2	3.3176	5.293335e-07	1	0	1	0	0	0
ENSG00000136010	0.922	34	49.105	4.02e-06	26	0	26	0	0	0
ENSG00000180574	1.282	7	10.244	8.605815e-07	1	0	1	0	0	0
ENSG00000136051	0.45	25	77.585	7.5654725e-06	8	0	8	0	0	0
ENSG00000136044	1.096	32	39.234	2.9686025e-06	3	0	3	1	0	1
ENSG00000074590	0.496	7	26.502	2.616015e-06	1	1	0	0	0	0
ENSG00000111196	0.741	2	8.4968	8.1868975e-07	1	0	1	0	0	0
ENSG00000166046	1.261	20	23.053	2.0453425e-06	5	0	5	2	0	2
ENSG00000060140	1.186	18	22.512	1.99995e-06	2	0	2	0	0	0
ENSG00000013503	0.868	47	69.025	7.1966375e-06	1	0	1	1	0	1
ENSG00000120832	1.314	10	12.901	1.0440945e-06	11	0	11	0	0	0
ENSG00000136045	1.01	23	32.256	2.8386225e-06	9	0	9	0	0	0
ENSG00000110851	0.607	10	27.929	2.241485e-06	4	0	4	0	0	0
ENSG00000111215	1.723	2	3.0486	2.155725e-07	3	0	3	0	0	0
ENSG00000076248	0.85	7	15.471	1.24537925e-06	2	0	2	0	0	0
ENSG00000076555	0.857	92	127.71	1.14179725e-05	11	0	11	0	0	0
ENSG00000134551	1.649	1	2.3857	2.940295e-07	6	0	6	0	0	0
ENSG00000174527	0.962	47	62.297	5.426665e-06	8	0	8	1	0	1
ENSG00000111199	1.057	29	37.424	3.56842e-06	8	0	8	0	0	0
ENSG00000139433	0.826	3	9.3912	6.6767175e-07	1	0	1	0	0	0
ENSG00000139437	1.017	30	40.013	4.0653925e-06	11	0	11	0	0	0
ENSG00000076513	0.571	13	36.185	3.33928e-06	3	1	2	0	0	0
ENSG00000111231	1.058	11	17.214	1.767795e-06	5	0	5	0	0	0
ENSG00000204852	1.736	17	14.35	2.35639e-06	1	1	0	0	0	0
ENSG00000173093	1.294	29	30.548	3.3505025e-06	12	1	11	0	0	0
ENSG00000198324	1.756	3	3.7462	2.66928e-07	1	0	1	0	0	0
ENSG00000111271	1.103	50	57.385	5.8697025e-06	25	0	25	0	0	0
ENSG00000111275	1.094	18	24.393	1.736975e-06	2	0	2	0	0	0
ENSG00000089248	0.531	1	8.934	6.3202775e-07	2	0	2	0	0	0
ENSG00000173064	0.128	17	199.7	1.912515e-05	5	0	5	0	0	0
ENSG00000089127	0.941	10	18.033	1.680695e-06	4	0	4	0	0	0
ENSG00000111331	1.27	50	49.839	4.1444525e-06	8	0	8	1	0	1
ENSG00000111335	1.249	33	35.34	2.9196925e-06	11	0	11	0	0	0
ENSG00000230657	1.977	10	3.8239	2.7336e-07	1	0	1	0	0	0
ENSG00000111344	0.987	29	40.061	3.41767e-06	3	1	2	0	0	0
ENSG00000123064	0.66	22	47.587	4.59352e-06	2	0	2	0	0	0
ENSG00000166578	1.851	12	9.5174	6.895975e-07	1	0	1	0	0	0
ENSG00000151176	1.033	21	29.277	2.593235e-06	3	0	3	0	0	0
ENSG00000135094	1.072	8	13.46	1.100944e-06	1	0	1	0	0	0
ENSG00000139410	1.808	15	12.119	8.6217275e-07	8	0	8	0	0	0
ENSG00000121335	1.974	9	3.7133	2.6325975e-07	34	0	34	0	0	0
ENSG00000122965	0.718	27	51.856	4.4737575e-06	1	1	0	0	0	0
ENSG00000123066	0.064	2	98.456	8.52441e-06	1	1	0	1	1	0
ENSG00000135119	0.803	12	24.199	2.2654375e-06	1	0	1	0	0	0
ENSG00000174989	1.269	25	27.524	2.2697925e-06	10	0	10	0	0	0
ENSG00000088992	0.675	4	13.554	1.2205055e-06	1	0	1	1	0	1
ENSG00000171435	0.131	2	47.958	3.99722e-06	1	1	0	0	0	0
ENSG00000176834	0.817	13	25.302	2.07164e-06	8	0	8	0	0	0
ENSG00000089220	0.886	3	8.7522	7.6616175e-07	1	0	1	0	0	0
ENSG00000183273	0.944	19	29.544	2.6413075e-06	21	0	21	0	0	0
ENSG00000122966	0.267	23	122.22	1.17157875e-05	1	0	1	0	0	0
ENSG00000089154	0.208	18	128.49	1.11794525e-05	1	0	1	0	0	0
ENSG00000089159	0.525	8	27.501	2.10581e-06	14	0	14	0	0	0
ENSG00000089163	1.773	13	11.136	7.94754e-07	2	0	2	0	0	0
ENSG00000175970	0.504	1	9.4158	9.4347725e-07	6	0	6	0	0	0
ENSG00000122971	0.95	12	20.474	1.66111425e-06	2	0	2	0	0	0
ENSG00000121380	0.969	6	12.226	1.09586875e-06	1	0	1	0	0	0
ENSG00000135114	1.553	16	15.577	1.12682275e-06	9	0	9	0	0	0
ENSG00000070018	0.318	19	87.551	1.032068e-05	1	1	0	0	0	0
ENSG00000089053	0.754	21	40.081	3.146655e-06	4	0	4	0	0	0
ENSG00000089094	0.123	3	62.965	5.6368775e-06	1	0	1	0	0	0
ENSG00000139714	1.301	12	14.943	1.211293e-06	2	0	2	0	0	0
ENSG00000139725	1.287	7	10.201	8.706315e-07	1	0	1	0	0	0
ENSG00000158104	0.666	10	25.469	2.168455e-06	1	0	1	0	0	0
ENSG00000158023	0.718	30	56.681	4.4891675e-06	2	0	2	0	0	0
ENSG00000139719	0.44	8	32.808	3.094395e-06	1	0	1	0	0	0
ENSG00000130779	0.336	15	68.707	5.970705e-06	2	0	2	1	0	1
ENSG00000184445	0.828	87	125.57	1.0271435e-05	5	0	5	1	0	1
ENSG00000150967	0.653	11	27.897	2.1217225e-06	2	0	2	1	0	1
ENSG00000111325	1.46	16	16.619	1.0951485e-06	6	0	6	0	0	0
ENSG00000090975	0.178	5	58.915	4.783465e-06	6	0	6	6	0	6
ENSG00000130921	0.907	2	6.9388	8.0438525e-07	4	0	4	0	0	0
ENSG00000111261	1.268	4	7.188	5.917775e-07	1	0	1	0	0	0
ENSG00000150977	1.148	5	9.1478	7.9309575e-07	3	0	3	0	0	0
ENSG00000184209	1.499	12	12.917	2.0547225e-06	4	0	4	0	0	0
ENSG00000111364	0.869	17	29.332	2.4724675e-06	10	0	10	0	0	0
ENSG00000111358	1.193	14	18.341	1.8148625e-06	1	0	1	0	0	0
ENSG00000197653	0.687	128	215.89	1.9394825e-05	11	0	11	2	0	2
ENSG00000150991	0.636	4	14.381	1.07560125e-06	15	0	15	0	0	0
ENSG00000139364	0.253	5	41.492	3.8787975e-06	3	0	3	0	0	0
ENSG00000178878	1.74	6	6.279	4.52183e-07	1	0	1	0	0	0
ENSG00000213782	0.963	17	26.468	3.3816575e-06	2	1	1	0	0	0
ENSG00000181234	0.387	7	33.941	2.856545e-06	1	1	0	0	0	0
ENSG00000151948	1.417	12	13.696	1.4155425e-06	13	1	12	0	0	0
ENSG00000013588	1.627	11	11.002	1.09164775e-06	3	0	3	0	0	0
ENSG00000151952	0.232	3	33.429	2.886695e-06	1	0	1	1	0	1
ENSG00000111432	0.863	8	16.721	1.219333e-06	3	0	3	0	0	0
ENSG00000084444	0.499	9	31.469	2.990545e-06	4	0	4	0	0	0
ENSG00000111450	1.072	12	18.142	1.9103375e-06	4	0	4	0	0	0
ENSG00000182870	0.651	10	26.051	6.9916175e-07	3	1	2	0	0	0
ENSG00000177084	0.64	64	123.1	1.05928675e-05	1	0	1	0	0	0
ENSG00000247077	1.54	8	9.2512	1.287472e-06	4	0	4	0	0	0
ENSG00000090612	0.992	26	36.376	2.881335e-06	24	0	24	0	0	0
ENSG00000227059	0.576	4	15.905	1.13838025e-06	1	0	1	0	0	0
ENSG00000121316	1.264	26	28.534	2.4949125e-06	9	0	9	0	0	0
ENSG00000139055	1.863	16	11.995	8.4910775e-07	1	0	1	0	0	0
ENSG00000139053	1.807	3	3.4158	2.4088175e-07	1	0	1	0	0	0
ENSG00000151491	0.311	8	46.418	4.1501475e-06	1	0	1	1	0	1
ENSG00000188991	1.181	16	20.582	1.6755025e-06	1	0	1	0	0	0
ENSG00000008394	1.72	4	4.7984	4.4469575e-07	5	1	4	0	0	0
ENSG00000006831	0.518	4	17.677	1.55401475e-06	1	0	1	1	0	1
ENSG00000111404	1.693	14	12.665	1.489142e-06	35	0	35	0	0	0
ENSG00000139151	1.025	23	31.791	2.6366175e-06	2	0	2	1	0	1
ENSG00000151065	1.055	19	26.417	2.04819e-06	2	0	2	0	0	0
ENSG00000172572	0.515	15	44.822	3.471605e-06	1	0	1	0	0	0
ENSG00000139155	1.052	25	33.204	2.5046275e-06	10	0	10	0	0	0
ENSG00000111700	1.545	33	28.537	2.00464e-06	6	0	6	1	0	1
ENSG00000257046	1.67	35	27.708	2.38252e-06	6	0	6	1	0	1
ENSG00000134538	1.354	32	31.744	2.5089825e-06	4	0	4	0	0	0
ENSG00000151067	0.103	5	101.83	8.9640975e-06	1	1	0	0	0	0
ENSG00000084453	1.27	26	28.417	2.0038025e-06	5	0	5	2	0	2
ENSG00000004700	1.308	31	31.974	2.49173e-06	3	0	3	0	0	0
ENSG00000134548	1.398	7	9.3604	1.074948e-06	2	0	2	0	0	0
ENSG00000111713	1.125	36	42.243	4.1464625e-06	9	0	9	0	0	0
ENSG00000111716	1.204	10	14.084	9.9540225e-07	1	0	1	0	0	0
ENSG00000069431	0.482	30	84.399	7.12746e-06	4	0	4	1	0	1
ENSG00000111726	0.433	5	24.258	2.449855e-06	1	1	0	0	0	0
ENSG00000139163	0.36	3	21.519	1.7582475e-06	2	0	2	2	0	2
ENSG00000010379	0.978	22	32.107	2.4131725e-06	1	1	0	0	0	0
ENSG00000118308	0.886	20	32.817	2.8761425e-06	1	0	1	0	0	0
ENSG00000118307	0.983	27	37.89	3.7856675e-06	8	0	8	0	0	0
ENSG00000133703	1.24	6	9.5335	8.1137e-07	1	0	1	0	0	0
ENSG00000152936	1.272	19	21.909	2.0071525e-06	5	1	4	0	0	0
ENSG00000123095	0.206	0	14.48	1.1426515e-06	16	0	16	0	0	0
ENSG00000123096	1.174	3	6.5812	4.6586775e-07	3	0	3	0	0	0
ENSG00000029153	0.859	17	29.673	2.66124e-06	1	0	1	0	0	0
ENSG00000165935	1.43	9	10.938	9.03026e-07	2	0	2	1	0	1
ENSG00000205693	1.881	6	4.9548	3.495725e-07	20	0	20	0	0	0
ENSG00000087448	0.724	6	16.347	1.31237925e-06	1	0	1	1	0	1
ENSG00000053702	1.544	15	14.892	1.22893075e-06	7	0	7	0	0	0
ENSG00000111206	0.591	11	30.786	3.042805e-06	2	0	2	0	0	0
ENSG00000078246	0.879	13	23.511	2.27063e-06	4	0	4	0	0	0
ENSG00000087502	0.628	7	20.937	1.6191555e-06	1	0	1	1	0	1
ENSG00000187950	1.223	55	56.298	4.2921875e-06	32	0	32	0	0	0
ENSG00000133687	0.744	22	42.211	3.6972275e-06	6	0	6	0	0	0
ENSG00000133704	0.358	15	64.526	5.93486e-06	1	0	1	0	0	0
ENSG00000110900	1.291	11	14.097	1.146906e-06	11	0	11	0	0	0
ENSG00000013573	0.943	40	55.244	5.06386e-06	7	0	7	0	0	0
ENSG00000139160	1.764	12	10.518	1.00461475e-06	1	0	1	0	0	0
ENSG00000174718	0.408	16	59.616	4.8161275e-06	2	2	0	0	0	0
ENSG00000087470	0.45	11	40.469	4.1287075e-06	1	1	0	0	0	0
ENSG00000139131	1.264	18	21.12	2.11184e-06	10	0	10	0	0	0
ENSG00000057294	1.059	32	40.596	3.8968875e-06	2	1	1	0	0	0
ENSG00000139133	1.203	11	15.134	1.085869e-06	4	0	4	0	0	0
ENSG00000130038	1.118	14	19.584	2.9210325e-06	6	0	6	0	0	0
ENSG00000111224	1.189	15	19.426	1.7783475e-06	3	0	3	1	0	1
ENSG00000175548	1.365	13	15.135	1.08967125e-06	20	0	20	0	0	0
ENSG00000139116	0.456	31	91.801	8.331115e-06	3	0	3	0	0	0
ENSG00000180116	1.223	22	25.677	1.9622625e-06	2	0	2	0	0	0
ENSG00000188906	0.64	72	136.85	1.26621625e-05	5	0	5	2	0	2
ENSG00000018236	0.373	14	58.671	5.675905e-06	2	0	2	2	0	2
ENSG00000120647	1.307	30	31.137	2.995235e-06	7	0	7	0	0	0
ENSG00000165966	0.61	18	43.739	4.319825e-06	1	0	1	0	0	0
ENSG00000139168	0.908	6	13.039	1.19841225e-06	2	0	2	2	0	2
ENSG00000134283	0.767	9	20.485	3.121865e-06	1	0	1	0	0	0
ENSG00000139174	0.129	1	36.848	3.29305e-06	1	1	0	0	0	0
ENSG00000173157	0.834	77	111.65	1.03791375e-05	7	0	7	1	0	1
ENSG00000118972	1.28	3	6.0086	4.336575e-07	1	0	1	1	0	1
ENSG00000129317	0.843	13	24.522	1.864945e-06	4	0	4	1	0	1
ENSG00000177119	1.154	51	55.804	5.5219725e-06	3	0	3	0	0	0
ENSG00000111247	0.739	6	16.023	1.12518125e-06	3	0	3	0	0	0
ENSG00000010219	1.508	26	23.913	1.86662e-06	12	0	12	0	0	0
ENSG00000111254	0.528	7	24.886	2.0185425e-06	4	1	3	0	0	0
ENSG00000130035	1.388	29	28.484	2.415015e-06	17	0	17	0	0	0
ENSG00000111405	1.437	21	21.04	1.9857125e-06	1	0	1	0	0	0
ENSG00000139219	0.139	6	85.099	8.263445e-06	1	1	0	0	0	0
ENSG00000177875	1.818	4	4.1268	2.9428075e-07	1	0	1	1	0	1
ENSG00000172640	1.299	4	7.0044	8.0522275e-07	1	0	1	0	0	0
ENSG00000129315	0.498	8	29.014	2.3424875e-06	2	0	2	0	0	0
ENSG00000139537	1.066	19	26.15	2.3421525e-06	1	1	0	1	1	0
ENSG00000134287	0.716	2	8.7946	8.790065e-07	1	1	0	0	0	0
ENSG00000169884	0.916	8	15.752	1.925915e-06	1	0	1	0	0	0
ENSG00000125084	0.603	3	12.852	9.4431475e-07	2	0	2	2	0	2
ENSG00000167548	0.103	15	224.38	2.044505e-05	1	0	1	1	0	1
ENSG00000139636	1.067	23	30.553	2.5870375e-06	4	0	4	0	0	0
ENSG00000135406	1.383	21	21.861	1.6755025e-06	1	0	1	0	0	0
ENSG00000123352	0.319	4	28.711	2.883345e-06	1	1	0	0	0	0
ENSG00000135436	1.242	37	39.198	3.3602175e-06	25	0	25	0	0	0
ENSG00000186666	1.321	8	10.906	1.2101875e-06	1	0	1	0	0	0
ENSG00000086159	1.087	4	8.4178	7.36397e-07	2	0	2	0	0	0
ENSG00000161800	0.52	12	37.423	3.903755e-06	1	0	1	0	0	0
ENSG00000110881	0.344	5	30.521	2.9002625e-06	1	0	1	0	0	0
ENSG00000167588	0.834	6	14.192	1.0048325e-06	2	0	2	0	0	0
ENSG00000139624	0.964	17	26.461	2.45019e-06	1	0	1	0	0	0
ENSG00000185958	0.796	56	87.922	7.4401825e-06	37	0	37	2	0	2
ENSG00000186452	1.42	9	11.021	8.850365e-07	11	0	11	0	0	0
ENSG00000185432	1.378	6	8.5473	7.0485675e-07	3	0	3	0	0	0
ENSG00000214511	1.806	5	5.0007	4.9708975e-07	11	0	11	0	0	0
ENSG00000135457	0.676	15	34.165	3.111145e-06	1	0	1	1	0	1
ENSG00000139610	0.98	8	14.73	1.05061025e-06	15	0	15	0	0	0
ENSG00000139629	0.899	19	31.001	3.0915475e-06	6	0	6	0	0	0
ENSG00000050438	0.309	9	50.784	4.5745925e-06	2	0	2	0	0	0
ENSG00000167612	1.875	22	15.627	1.4324265e-06	11	0	11	0	0	0
ENSG00000123395	0.662	1	7.1674	5.1708925e-07	1	1	0	0	0	0
ENSG00000135480	1.443	18	18.485	1.318426e-06	5	0	5	0	0	0
ENSG00000205426	1.906	23	15.523	1.14236675e-06	5	0	5	0	0	0
ENSG00000170523	1.408	21	21.468	1.7177125e-06	12	0	12	1	0	1
ENSG00000135443	0.826	13	25.011	2.447175e-06	6	1	5	0	0	0
ENSG00000161849	1.145	17	22.269	1.7321175e-06	4	0	4	1	0	1
ENSG00000161850	1.562	25	22.311	1.727595e-06	18	0	18	0	0	0
ENSG00000170454	1.016	15	22.722	2.0932475e-06	2	0	2	0	0	0
ENSG00000185479	1.272	16	19.1	1.4255925e-06	1	0	1	0	0	0
ENSG00000170465	1.85	28	19.947	1.469042e-06	14	0	14	0	0	0
ENSG00000139648	0.946	13	21.855	1.87265e-06	1	1	0	0	0	0
ENSG00000170484	1.583	20	18.29	1.34859275e-06	4	1	3	0	0	0
ENSG00000170486	1.322	18	20.187	1.52791825e-06	2	0	2	0	0	0
ENSG00000186049	1.257	19	22.176	1.7240775e-06	2	0	2	0	0	0
ENSG00000172867	0.67	9	23.45	1.9907375e-06	1	0	1	1	0	1
ENSG00000167768	0.399	5	26.343	2.60831e-06	16	0	16	0	0	0
ENSG00000189182	1.263	20	23.011	1.89878e-06	9	1	8	1	0	1
ENSG00000185640	1.466	24	23.015	1.93362e-06	4	4	0	0	0	0
ENSG00000170423	1.395	23	23.35	1.7877275e-06	1	0	1	0	0	0
ENSG00000111057	0.443	3	17.504	1.58413125e-06	2	0	2	0	0	0
ENSG00000167778	0.507	6	23.361	2.313175e-06	1	1	0	0	0	0
ENSG00000167779	0.921	4	9.9349	9.757545e-07	1	0	1	0	0	0
ENSG00000167780	1.48	39	34.412	3.2248775e-06	30	0	30	0	0	0
ENSG00000139631	1.019	22	30.832	2.3522025e-06	1	0	1	0	0	0
ENSG00000170374	0.558	2	11.275	8.94048e-07	1	0	1	0	0	0
ENSG00000012822	0.639	17	39.912	3.759705e-06	1	0	1	0	0	0
ENSG00000123364	0.66	2	9.5441	6.8723575e-07	11	0	11	9	0	9
ENSG00000123407	1.934	11	7.1942	5.1605075e-07	3	0	3	0	0	0
ENSG00000123388	1.129	5	9.3087	6.66047e-07	11	0	11	0	0	0
ENSG00000123415	1.188	2	5.2589	1.633728e-06	5	4	1	0	0	0
ENSG00000139572	1.585	13	12.927	1.6437445e-06	6	0	6	0	0	0
ENSG00000161642	0.549	4	16.664	1.96578e-06	2	0	2	0	0	0
ENSG00000161638	0.345	15	66.878	5.9601525e-06	1	0	1	1	0	1
ENSG00000172551	1.908	6	4.5151	6.2830925e-07	1	0	1	0	0	0
ENSG00000135426	0.792	13	26.083	2.32222e-06	1	0	1	0	0	0
ENSG00000123307	0.87	3	8.9119	8.73881e-07	1	0	1	0	0	0
ENSG00000179919	0.874	1	5.4227	3.9066025e-07	1	0	1	0	0	0
ENSG00000188324	1.434	3	5.2771	3.642455e-07	11	0	11	0	0	0
ENSG00000205330	0.777	1	6.1044	5.3065675e-07	1	0	1	0	0	0
ENSG00000205328	1.938	6	3.8312	2.6557125e-07	15	0	15	0	0	0
ENSG00000185821	1.749	4	4.6231	3.1763025e-07	2	0	2	0	0	0
ENSG00000184954	1.938	8	5.1265	3.53157e-07	2	0	2	0	0	0
ENSG00000179626	1.959	10	5.458	3.8285475e-07	13	0	13	0	0	0
ENSG00000175398	1.2	2	5.2037	5.1799375e-07	1	0	1	0	0	0
ENSG00000135424	0.825	37	58.986	5.8418975e-06	8	0	8	1	0	1
ENSG00000135404	0.817	5	12.873	1.07064325e-06	1	0	1	0	0	0
ENSG00000123342	1.467	29	26.951	2.6148425e-06	6	0	6	0	0	0
ENSG00000139044	0.775	32	55.428	4.9920025e-06	1	0	1	0	0	0
ENSG00000197728	0.483	0	6.1957	5.6486025e-07	1	0	1	0	0	0
ENSG00000135482	0.609	3	12.729	1.63675975e-06	1	0	1	0	0	0
ENSG00000139641	0.623	34	72.651	7.11272e-06	3	0	3	0	0	0
ENSG00000139613	0.117	3	66.249	6.0288275e-06	3	1	2	1	1	0
ENSG00000139540	1.2	18	22.239	2.1820225e-06	6	0	6	0	0	0
ENSG00000111602	0.949	60	78.371	8.39175e-06	17	0	17	1	0	1
ENSG00000198056	0.69	9	22.757	1.7478625e-06	2	0	2	0	0	0
ENSG00000025423	0.591	3	13.111	1.4013385e-06	4	0	4	0	0	0
ENSG00000166856	1.346	7	9.7421	8.5004575e-07	3	0	3	0	0	0
ENSG00000166866	1.325	66	61.125	6.2877825e-06	24	0	24	0	0	0
ENSG00000175189	1.245	8	11.588	1.25057175e-06	3	0	3	0	0	0
ENSG00000111087	0.924	27	40.312	3.691365e-06	2	0	2	0	0	0
ENSG00000166987	0.209	2	30.054	2.8727925e-06	1	0	1	0	0	0
ENSG00000166908	0.722	8	19.99	1.8148625e-06	1	0	1	0	0	0
ENSG00000135506	0.768	18	34.749	3.0128225e-06	1	0	1	0	0	0
ENSG00000111012	0.983	14	22.268	1.66640725e-06	2	0	2	0	0	0
ENSG00000135407	0.778	29	50.808	4.7591775e-06	5	0	5	0	0	0
ENSG00000166896	1.23	9	12.762	1.15861425e-06	2	0	2	1	0	1
ENSG00000139263	0.644	24	52.375	4.6965325e-06	1	1	0	0	0	0
ENSG00000257230	1.957	5	2.4393	1.708835e-07	1	0	1	0	0	0
ENSG00000110799	0.593	64	132.96	1.1646945e-05	3	0	3	1	0	1
ENSG00000008323	1.001	35	46.375	5.522475e-06	9	0	9	2	0	2
ENSG00000111319	0.939	23	34.72	3.7146475e-06	14	0	14	0	0	0
ENSG00000177990	0.906	27	41.112	3.3025975e-06	1	1	0	0	0	0
ENSG00000118600	0.928	13	22.28	1.846855e-06	2	0	2	0	0	0
ENSG00000111321	0.491	5	21.406	1.53622625e-06	1	1	0	0	0	0
ENSG00000196935	0.267	8	54.125	4.9082525e-06	1	1	0	0	0	0
ENSG00000185306	1.579	22	19.836	1.56547175e-06	16	0	16	0	0	0
ENSG00000139192	1.224	17	20.839	2.20698e-06	2	1	1	0	0	0
ENSG00000010292	0.582	34	77.788	7.480885e-06	6	0	6	1	0	1
ENSG00000111641	0.134	1	35.5	3.8928675e-06	7	0	7	2	0	2
ENSG00000139233	1.045	1	4.5124	3.1575425e-07	5	0	5	0	0	0
ENSG00000155957	1.38	10	12.269	7.39479e-07	7	0	7	1	0	1
ENSG00000090376	1.549	29	25.496	2.0366325e-06	31	0	31	0	0	0
ENSG00000184574	1.073	3	7.2187	7.0807275e-07	1	0	1	0	0	0
ENSG00000127311	1.172	41	45.374	3.8741075e-06	5	1	4	1	0	1
ENSG00000111644	0.934	20	31.121	2.7903825e-06	5	0	5	0	0	0
ENSG00000089693	0.413	2	15.234	1.64788175e-06	1	1	0	0	0	0
ENSG00000089692	0.5	5	21.023	1.91553e-06	2	1	1	0	0	0
ENSG00000111554	0.892	24	37.828	3.36876e-06	2	0	2	0	0	0
ENSG00000111581	0.57	26	63.292	5.82766e-06	3	0	3	0	0	0
ENSG00000111676	0.194	3	40.018	4.13658e-06	11	0	11	0	0	0
ENSG00000127337	1.189	8	12.134	8.4822e-07	1	0	1	0	0	0
ENSG00000111679	0.132	1	36	3.4459775e-06	1	1	0	0	0	0
ENSG00000127325	1.431	28	26.831	2.307815e-06	2	0	2	0	0	0
ENSG00000127328	0.849	15	27.195	2.744655e-06	1	0	1	0	0	0
ENSG00000166268	1.012	38	49.234	1.3569845e-06	19	0	19	2	0	2
ENSG00000139178	1.156	14	18.936	1.35599625e-06	1	0	1	0	0	0
ENSG00000173451	1.748	10	9.2257	1.03231925e-06	4	0	4	0	0	0
ENSG00000139291	0.845	6	14.023	1.15744175e-06	2	0	2	0	0	0
ENSG00000080371	0.671	4	13.645	1.278762e-06	1	0	1	0	0	0
ENSG00000121749	0.413	10	41.117	3.5665775e-06	2	0	2	0	0	0
ENSG00000215009	1.236	30	32.919	3.0771425e-06	5	0	5	0	0	0
ENSG00000177675	0.862	52	75.963	6.8117225e-06	15	0	15	1	0	1
ENSG00000177575	0.443	17	57.556	4.383475e-06	1	0	1	0	0	0
ENSG00000173401	1.45	10	11.653	9.882835e-07	1	0	1	0	0	0
ENSG00000180481	1.636	9	9.3748	1.00397825e-06	6	0	6	0	0	0
ENSG00000139278	1.747	19	15.605	1.5874645e-06	2	0	2	0	0	0
ENSG00000111615	0.721	9	21.797	1.9770025e-06	12	0	12	0	0	0
ENSG00000139289	0.448	2	14.051	1.02421225e-06	1	0	1	0	0	0
ENSG00000091039	0.416	15	55.541	4.9447675e-06	1	0	1	1	0	1
ENSG00000111701	1.59	12	12.097	1.0048325e-06	3	0	3	0	0	0
ENSG00000175183	1.579	10	10.603	8.845005e-07	1	0	1	0	0	0
ENSG00000198178	1.388	9	11.289	1.462007e-06	8	0	8	0	0	0
ENSG00000205857	1.124	5	9.3442	8.2471975e-07	1	0	1	0	0	0
ENSG00000111704	0.557	1	8.5145	6.0733825e-07	5	0	5	0	0	0
ENSG00000165899	1.134	35	40.918	1.1267055e-05	4	0	4	2	0	2
ENSG00000139304	1.048	6	11.297	7.3768675e-06	1	0	1	0	0	0
ENSG00000111058	0.91	23	35.795	2.96944e-06	2	0	2	1	0	1
ENSG00000111729	1.305	8	11.046	9.4669325e-07	14	0	14	0	0	0
ENSG00000196946	1.701	5	5.7369	4.0529975e-07	13	0	13	0	0	0
ENSG00000171847	1.874	8	6.4535	4.6017275e-07	5	0	5	0	0	0
ENSG00000127720	1.05	23	31.029	2.65923e-06	1	0	1	0	0	0
ENSG00000179104	0.477	10	35.566	2.98284e-06	1	0	1	1	0	1
ENSG00000205846	1.439	10	11.745	8.383375e-07	14	0	14	0	0	0
ENSG00000133640	0.938	68	88.681	7.7386675e-06	15	0	15	2	0	2
ENSG00000166523	1.292	9	12.15	8.5925825e-07	1	0	1	0	0	0
ENSG00000198774	1.245	14	17.572	1.9867175e-06	13	0	13	0	0	0
ENSG00000060237	0.126	7	104.16	1.071196e-05	6	0	6	0	0	0
ENSG00000197614	0.849	6	13.952	1.325662e-06	1	0	1	1	0	1
ENSG00000165805	0.803	15	28.77	2.87229e-06	1	0	1	0	0	0
ENSG00000133641	1.36	13	15.186	1.16189725e-06	1	0	1	0	0	0
ENSG00000198707	0.983	104	124.51	1.0698895e-05	27	0	27	4	0	4
ENSG00000139324	0.563	15	41.008	3.752e-06	2	1	1	0	0	0
ENSG00000166535	0.952	63	81.637	6.6556125e-06	18	0	18	0	0	0
ENSG00000111752	0.261	5	40.26	3.4623925e-06	1	0	1	0	0	0
ENSG00000139323	0.933	16	26.041	2.34701e-06	2	0	2	0	0	0
ENSG00000175899	0.544	32	78.962	6.74355e-06	2	0	2	2	0	2
ENSG00000197651	1.068	9	14.7	1.46145425e-06	3	0	3	0	0	0
ENSG00000083782	1.317	11	13.812	1.47947725e-06	2	0	2	0	0	0
ENSG00000139330	1.492	11	12.148	1.174912e-06	1	0	1	0	0	0
ENSG00000126838	0.975	64	80.804	6.9278e-06	34	0	34	0	0	0
ENSG00000257127	1.826	4	4.0584	4.467225e-07	1	0	1	0	0	0
ENSG00000187510	1.543	27	24.108	2.2259075e-06	14	0	14	0	0	0
ENSG00000102189	0.304	18	87.784	7.088935e-06	2	0	2	2	0	2
ENSG00000120833	0.638	1	7.4297	6.35227e-07	1	0	1	1	0	1
ENSG00000173588	0.894	28	42.963	3.890355e-06	3	0	3	0	0	0
ENSG00000120798	0.381	7	34.467	3.31583e-06	1	1	0	0	0	0
ENSG00000136014	1.071	26	33.68	3.411975e-06	3	0	3	0	0	0
ENSG00000258292	1.905	1	0.85441	6.087955e-08	14	0	14	0	0	0
ENSG00000165972	1.063	24	31.749	2.50982e-06	5	0	5	0	0	0
ENSG00000139344	1.166	14	18.771	1.58630875e-06	6	4	2	0	0	0
ENSG00000111796	1.441	11	12.597	1.147375e-06	1	0	1	0	0	0
ENSG00000084110	1.305	35	35.546	3.0329225e-06	12	0	12	0	0	0
ENSG00000111144	0.715	19	38.976	3.2181775e-06	2	0	2	0	0	0
ENSG00000111145	0.715	4	12.809	1.201846e-06	1	0	1	0	0	0
ENSG00000188596	0.747	88	140.68	1.175113e-05	1	0	1	0	0	0
ENSG00000166130	1.389	12	13.977	1.1388325e-06	3	0	3	0	0	0
ENSG00000256797	1.926	13	8.7052	6.7835825e-07	9	0	9	0	0	0
ENSG00000188393	1.751	7	6.962	4.88162e-07	15	0	15	0	0	0
ENSG00000180219	1.006	2	6.2513	7.5413525e-07	20	0	20	0	0	0
ENSG00000175198	0.943	30	43.167	3.775115e-06	1	0	1	0	0	0
ENSG00000134864	1.919	4	2.9065	2.0962625e-07	1	0	1	0	0	0
ENSG00000102452	0.522	41	101.87	9.0153525e-06	1	0	1	1	0	1
ENSG00000198542	0.972	18	27.473	2.150365e-06	1	0	1	0	0	0
ENSG00000134900	0.273	11	66.61	5.401875e-06	1	1	0	0	0	0
ENSG00000139780	1.449	10	11.664	8.25842e-07	17	0	17	0	0	0
ENSG00000175820	0.678	16	35.824	2.9223725e-06	34	1	33	2	0	2
ENSG00000134897	0.672	11	27.103	2.2215525e-06	2	1	1	0	0	0
ENSG00000125255	1.944	20	12.355	1.03014175e-06	3	0	3	0	0	0
ENSG00000182346	1.883	1	1.1067	4.5920125e-07	1	0	1	0	0	0
ENSG00000134905	0.84	16	28.939	2.1800125e-06	2	1	1	0	0	0
ENSG00000088448	0.616	4	14.852	1.16578325e-06	2	1	1	1	0	1
ENSG00000126216	0.354	13	58.392	5.8278275e-06	2	0	2	1	0	1
ENSG00000057593	0.991	11	18.378	1.760425e-06	13	0	13	0	0	0
ENSG00000126231	1.73	22	17.892	1.616308e-06	8	0	8	1	0	1
ENSG00000126226	1.078	23	30.235	2.7129975e-06	1	0	1	0	0	0
ENSG00000139842	0.131	1	36.166	2.8225425e-06	1	0	1	0	0	0
ENSG00000153531	1.457	14	14.988	1.59538725e-06	8	0	8	0	0	0
ENSG00000185974	0.816	11	22.302	1.8617625e-06	10	0	10	1	0	1
ENSG00000184497	1.689	16	14.155	1.0055025e-06	1	1	0	0	0	0
ENSG00000183087	0.486	9	32.325	2.7384575e-06	1	1	0	0	0	0
ENSG00000198033	0.865	6	13.69	1.12682275e-06	12	0	12	0	0	0
ENSG00000121388	1.904	1	0.86539	6.1169325e-08	1	0	1	0	0	0
ENSG00000165474	1.984	17	6.5002	4.715125e-07	30	0	30	0	0	0
ENSG00000121742	1.739	10	9.3055	1.1177275e-06	11	0	11	1	0	1
ENSG00000165475	1.062	11	17.137	1.60523625e-06	3	0	3	0	0	0
ENSG00000032742	0.708	25	49.311	4.1049225e-06	2	0	2	1	0	1
ENSG00000150459	0.915	3	8.4769	7.1855825e-07	2	0	2	0	0	0
ENSG00000165487	1.511	29	26.16	2.3488525e-06	2	0	2	0	0	0
ENSG00000151835	0.536	66	151.18	1.443448e-05	5	0	5	1	0	1
ENSG00000027001	1.035	28	37.078	3.30243e-06	4	0	4	0	0	0
ENSG00000240654	1.292	9	12.149	1.4174185e-06	6	0	6	0	0	0
ENSG00000102699	0.837	55	82.227	6.9108825e-06	9	1	8	0	0	0
ENSG00000075673	0.815	29	48.507	3.841445e-06	3	0	3	0	0	0
ENSG00000151849	0.972	50	65.127	6.041725e-06	20	0	20	1	0	1
ENSG00000151846	1.667	20	17.276	2.2681175e-06	2	0	2	0	0	0
ENSG00000165566	0.733	4	12.488	1.046808e-06	3	1	2	0	0	0
ENSG00000139505	0.756	18	35.286	3.102435e-06	1	1	0	0	0	0
ENSG00000122035	1.647	9	9.2872	8.105995e-07	3	0	3	0	0	0
ENSG00000183463	1.889	3	2.6439	1.889735e-07	12	0	12	0	0	0
ENSG00000152520	0.15	2	41.955	4.0741025e-06	4	0	4	0	0	0
ENSG00000102755	0.246	10	68.884	5.87724e-06	1	0	1	0	0	0
ENSG00000139508	1.12	13	18.452	1.9696325e-06	14	0	14	0	0	0
ENSG00000132952	0.456	11	39.885	3.192215e-06	1	0	1	0	0	0
ENSG00000132965	0.963	3	8.0451	5.7424025e-07	1	0	1	1	0	1
ENSG00000175664	1.399	14	15.626	1.248612e-06	5	0	5	0	0	0
ENSG00000187676	1.289	26	27.982	2.0982725e-06	1	0	1	0	0	0
ENSG00000133105	1.004	29	39.403	3.44313e-06	1	0	1	0	0	0
ENSG00000139618	0.634	61	119.02	9.0277475e-06	14	1	13	3	0	3
ENSG00000244754	1.509	27	24.663	2.28269e-06	1	0	1	0	0	0
ENSG00000133119	0.942	11	19.323	1.64067925e-06	3	0	3	0	0	0
ENSG00000242715	1.168	10	14.524	1.262146e-06	3	0	3	0	0	0
ENSG00000133104	0.838	15	27.548	2.2168625e-06	9	0	9	0	0	0
ENSG00000133101	0.68	10	24.93	2.4731375e-06	4	1	3	0	0	0
ENSG00000133111	0.978	4	9.3593	6.648075e-07	2	0	2	2	0	2
ENSG00000102710	0.808	30	50.347	3.947305e-06	1	0	1	1	0	1
ENSG00000180138	1.146	4	7.9781	1.05375925e-06	3	1	2	0	0	0
ENSG00000133110	0.688	19	40.512	3.6643975e-06	3	1	2	1	0	1
ENSG00000133107	0.455	10	37.275	4.3702425e-06	1	1	0	0	0	0
ENSG00000150893	0.475	38	104.8	1.00940525e-05	1	1	0	1	1	0
ENSG00000133115	1.727	19	15.845	1.578051e-06	8	0	8	0	0	0
ENSG00000188811	1.02	8	14.15	1.50212325e-06	1	0	1	0	0	0
ENSG00000102738	0.873	10	19.435	1.89074e-06	1	0	1	0	0	0
ENSG00000120688	1.018	15	22.689	1.59726325e-06	2	0	2	0	0	0
ENSG00000120662	0.969	20	29.987	3.107795e-06	3	0	3	0	0	0
ENSG00000102760	1.518	4	5.8553	4.1357425e-07	2	0	2	0	0	0
ENSG00000102763	1.15	107	109.28	1.0314985e-05	7	1	6	0	0	0
ENSG00000133106	1.846	30	21.291	1.9012925e-06	20	0	20	0	0	0
ENSG00000120658	0.649	16	37.425	3.3876875e-06	2	1	1	0	0	0
ENSG00000151778	0.831	0	3.5872	2.5408075e-07	1	0	1	1	0	1
ENSG00000083635	0.975	15	23.696	1.9240725e-06	1	0	1	1	0	1
ENSG00000188342	0.848	9	18.526	1.854225e-06	3	2	1	1	0	1
ENSG00000136152	0.214	5	49.158	3.8566875e-06	1	0	1	1	0	1
ENSG00000165837	1.07	26	33.711	2.71417e-06	11	1	10	0	0	0
ENSG00000174015	1.093	9	14.372	1.176051e-06	13	0	13	0	0	0
ENSG00000080618	1.341	26	26.909	2.4051325e-06	1	1	0	0	0	0
ENSG00000136159	1.408	5	7.3909	5.253135e-07	12	0	12	0	0	0
ENSG00000136146	0.788	6	15.021	1.21914875e-06	1	0	1	0	0	0
ENSG00000102539	1.159	4	7.8862	5.8362025e-07	10	0	10	3	0	3
ENSG00000102547	1.003	9	15.665	1.21181225e-06	5	0	5	0	0	0
ENSG00000136147	1.341	13	15.399	1.25137575e-06	4	0	4	0	0	0
ENSG00000123179	1.481	7	8.789	6.283595e-07	1	0	1	0	0	0
ENSG00000123178	1.246	7	10.538	1.05191675e-06	2	0	2	0	0	0
ENSG00000186047	1.6	1	2.5611	1.839485e-07	15	0	15	0	0	0
ENSG00000150510	1.434	15	16.09	1.46604375e-06	1	0	1	0	0	0
ENSG00000253309	1.121	12	17.343	1.44993025e-06	3	0	3	0	0	0
ENSG00000139668	0.994	16	24.445	1.8832025e-06	2	0	2	0	0	0
ENSG00000102796	1.482	11	12.228	1.57860375e-06	4	0	4	0	0	0
ENSG00000123171	1.78	3	3.6014	4.02e-07	2	0	2	0	0	0
ENSG00000123191	1.188	47	50.435	3.8657325e-06	7	0	7	1	0	1
ENSG00000197168	1.171	38	42.52	3.74195e-06	8	0	8	0	0	0
ENSG00000136114	0.883	16	27.529	2.631425e-06	1	0	1	0	0	0
ENSG00000136100	0.502	8	28.745	2.5937375e-06	3	3	0	1	1	0
ENSG00000136108	1.125	22	27.931	2.4818475e-06	1	0	1	0	0	0
ENSG00000136110	1.235	11	14.738	1.04870075e-06	6	0	6	0	0	0
ENSG00000118946	0.401	6	29.552	2.2838625e-06	22	0	22	22	0	22
ENSG00000139734	0.716	32	60.007	4.95867e-06	1	1	0	0	0	0
ENSG00000197991	0.38	4	24.092	2.19023e-06	3	0	3	0	0	0
ENSG00000136122	1.149	8	12.56	1.8349625e-06	1	0	1	0	0	0
ENSG00000083520	1.006	39	50.615	4.7179725e-06	6	0	6	0	0	0
ENSG00000083535	0.719	26	50.194	5.244425e-06	2	1	1	1	1	0
ENSG00000177596	1.897	1	0.94965	6.7737e-08	1	0	1	0	0	0
ENSG00000136111	0.856	39	59.491	5.70974e-06	2	0	2	0	0	0
ENSG00000188243	0.99	2	6.3495	4.5052475e-07	1	0	1	0	0	0
ENSG00000118939	1.308	13	15.799	1.42664775e-06	6	5	1	0	0	0
ENSG00000102794	1.217	10	13.931	1.126203e-06	1	0	1	0	0	0
ENSG00000136155	1.009	38	49.383	3.9112925e-06	12	0	12	0	0	0
ENSG00000152193	0.866	16	28.07	2.41937e-06	1	0	1	0	0	0
ENSG00000139746	0.112	2	56.306	6.031005e-06	1	1	0	0	0	0
ENSG00000102471	0.514	3	15.076	1.0667405e-06	1	0	1	1	0	1
ENSG00000080166	1.275	23	25.56	2.72958e-06	2	0	2	0	0	0
ENSG00000152749	1.107	16	21.95	1.561033e-06	7	1	6	0	0	0
ENSG00000134874	1.03	36	46.156	3.783825e-06	3	0	3	0	0	0
ENSG00000102580	0.564	9	27.852	2.79792e-06	1	0	1	0	0	0
ENSG00000102595	1.059	69	79.636	6.2938125e-06	8	0	8	1	0	1
ENSG00000185352	0.216	0	13.842	9.9627325e-07	3	0	3	0	0	0
ENSG00000165621	1.588	7	8.0862	8.43396e-07	4	0	4	0	0	0
ENSG00000139797	0.499	1	9.5066	6.899995e-07	2	0	2	0	0	0
ENSG00000152767	0.509	20	57.137	4.646115e-06	1	1	0	0	0	0
ENSG00000125245	1.798	13	10.856	1.21000325e-06	1	0	1	0	0	0
ENSG00000125304	0.079	0	37.798	3.0845125e-06	1	1	0	0	0	0
ENSG00000125246	1.289	15	17.911	1.712855e-06	9	0	9	0	0	0
ENSG00000043355	0.267	0	11.202	8.15725e-07	7	0	7	0	0	0
ENSG00000168350	1.214	7	10.819	7.8127025e-07	1	0	1	1	0	1
ENSG00000197119	1.159	6	10.214	8.97197e-07	2	0	2	0	0	0
ENSG00000258512	1.018	1	4.6382	3.2788125e-07	11	0	11	0	0	0
ENSG00000100865	0.857	4	10.681	9.998075e-07	1	0	1	0	0	0
ENSG00000196663	0.346	13	59.736	4.28197e-06	5	1	4	0	0	0
ENSG00000156381	1.194	1	3.9072	2.855205e-07	8	0	8	0	0	0
ENSG00000166126	0.816	9	19.256	1.38824e-06	1	0	1	0	0	0
ENSG00000198752	0.12	6	98.437	9.3302525e-06	3	3	0	1	1	0
ENSG00000205436	0.981	17	25.982	2.189895e-06	6	0	6	2	0	2
ENSG00000185215	0.731	11	24.922	2.23512e-06	4	0	4	0	0	0
ENSG00000126214	0.471	11	38.655	2.974465e-06	2	0	2	0	0	0
ENSG00000126215	1.721	14	12.386	1.05144775e-06	8	0	8	4	0	4
ENSG00000088808	0.269	8	53.591	4.6422625e-06	1	0	1	0	0	0
ENSG00000156411	0.814	0	3.6623	3.8442925e-07	1	0	1	1	0	1
ENSG00000066735	0.502	16	48.438	5.135885e-06	1	0	1	1	0	1
ENSG00000203485	0.379	7	34.706	5.0188025e-06	2	0	2	0	0	0
ENSG00000185100	0.826	13	25.036	2.42875e-06	1	0	1	0	0	0
ENSG00000166428	1.303	20	22.308	1.8858825e-06	5	0	5	0	0	0
ENSG00000185567	1.01	7	13.015	1.17402425e-06	20	0	20	0	0	0
ENSG00000183484	1.558	3	4.7253	3.401255e-07	1	0	1	0	0	0
ENSG00000184916	0.143	4	63.938	5.4981875e-06	1	0	1	0	0	0
ENSG00000182809	1.205	7	10.905	1.12189825e-06	2	2	0	0	0	0
ENSG00000185347	0.766	6	15.45	1.51961025e-06	7	0	7	1	0	1
ENSG00000184986	0.674	1	7.0364	5.070895e-07	1	0	1	0	0	0
ENSG00000165762	1.891	6	4.8013	3.48601e-07	1	0	1	1	0	1
ENSG00000176281	1.771	6	6.05	6.570355e-07	1	0	1	0	0	0
ENSG00000155249	1.943	9	5.5871	5.4224775e-07	7	0	7	0	0	0
ENSG00000169488	1.508	3	4.9478	3.5461425e-07	2	0	2	0	0	0
ENSG00000176219	1.562	5	6.5301	5.32985e-07	12	0	12	0	0	0
ENSG00000136319	0.794	13	26.044	2.506805e-06	2	0	2	0	0	0
ENSG00000100814	1.126	8	12.819	1.578587e-06	1	0	1	0	0	0
ENSG00000129484	0.99	25	35.265	3.0345975e-06	6	0	6	0	0	0
ENSG00000129566	0.838	98	138.32	1.2132025e-05	9	0	9	2	0	2
ENSG00000185271	0.935	11	19.471	2.1863775e-06	28	0	28	0	0	0
ENSG00000182545	1.795	4	4.3098	3.01299e-07	1	0	1	0	0	0
ENSG00000181803	1.313	3	5.8424	4.8687225e-07	3	0	3	0	0	0
ENSG00000165792	1.07	20	27.17	2.1746525e-06	2	0	2	0	0	0
ENSG00000165794	1.196	8	12.063	1.120173e-06	19	0	19	0	0	0
ENSG00000165799	1.837	1	1.4833	1.057796e-07	1	0	1	0	0	0
ENSG00000169327	1.891	8	6.1902	4.3397575e-07	24	0	24	0	0	0
ENSG00000100439	1.028	10	16.499	2.4751475e-06	12	0	12	0	0	0
ENSG00000255804	1.647	2	3.394	2.3277475e-07	9	0	9	0	0	0
ENSG00000172590	1.922	3	2.1391	9.6397925e-07	1	1	0	0	0	0
ENSG00000197324	0.892	16	27.253	2.64047e-06	2	0	2	1	0	1
ENSG00000139890	1.304	9	12.028	1.1659005e-06	10	0	10	0	0	0
ENSG00000129474	0.401	4	22.848	1.926585e-06	1	0	1	1	0	1
ENSG00000139880	0.76	17	33.543	3.3618925e-06	3	0	3	0	0	0
ENSG00000129473	0.826	1	5.7427	4.1300475e-07	1	0	1	0	0	0
ENSG00000100842	1.219	14	17.947	1.56847e-06	2	0	2	0	0	0
ENSG00000166090	1.6	5	6.3228	5.9336875e-07	1	0	1	0	0	0
ENSG00000129460	1.085	14	20.171	2.124905e-06	3	0	3	0	0	0
ENSG00000092051	0.137	0	21.743	2.0664475e-06	1	0	1	0	0	0
ENSG00000100867	1.438	10	11.752	9.563245e-07	4	0	4	0	0	0
ENSG00000100889	1.393	34	32.498	3.5702625e-06	15	0	15	0	0	0
ENSG00000100926	0.897	15	25.758	2.6677725e-06	1	1	0	0	0	0
ENSG00000139908	1.255	10	13.513	1.247942e-06	13	0	13	0	0	0
ENSG00000092330	0.671	9	23.404	2.1800125e-06	5	1	4	0	0	0
ENSG00000092295	0.93	26	38.801	3.9009075e-06	3	1	2	1	0	1
ENSG00000100949	0.816	22	38.514	4.03206e-06	1	1	0	0	0	0
ENSG00000196943	1.034	21	29.253	2.7421425e-06	1	0	1	0	0	0
ENSG00000136305	1.923	18	11.932	1.245262e-06	1	0	1	0	0	0
ENSG00000129467	0.892	37	54.558	4.6178075e-06	6	1	5	0	0	0
ENSG00000129465	1.367	22	22.981	1.66151625e-06	1	0	1	0	0	0
ENSG00000205978	0.562	27	66.25	5.915765e-06	2	0	2	0	0	0
ENSG00000100441	0.89	17	28.642	2.5944075e-06	15	1	14	0	0	0
ENSG00000092009	1.431	2	4.2425	5.96836e-07	4	0	4	0	0	0
ENSG00000100450	1.773	10	9.0008	6.38175e-07	1	0	1	0	0	0
ENSG00000186960	1.542	1	2.7547	2.167115e-07	9	0	9	1	0	1
ENSG00000184304	0.622	18	42.888	3.6382675e-06	7	0	7	0	0	0
ENSG00000100473	0.913	15	25.31	2.3944125e-06	1	0	1	0	0	0
ENSG00000100478	1.633	9	9.3924	1.033877e-06	2	0	2	0	0	0
ENSG00000129480	1.657	5	5.9992	4.2060925e-07	16	0	16	16	0	16
ENSG00000151320	0.253	14	86.459	8.234635e-06	1	1	0	0	0	0
ENSG00000129521	0.931	5	11.291	8.0301175e-07	3	1	2	1	1	0
ENSG00000165389	0.888	0	3.345	2.407645e-07	3	0	3	0	0	0
ENSG00000129518	1.51	15	15.251	1.23723875e-06	1	0	1	0	0	0
ENSG00000151327	1.139	6	10.395	7.4626275e-07	1	0	1	0	0	0
ENSG00000100890	1.281	20	22.689	2.08772e-06	2	0	2	1	0	1
ENSG00000151338	1.1	20	26.411	2.272975e-06	2	0	2	0	0	0
ENSG00000139865	0.958	15	24.099	6.365335e-06	2	0	2	0	0	0
ENSG00000100934	0.741	26	48.654	4.51446e-06	2	2	0	0	0	0
ENSG00000165355	0.241	1	19.701	2.0295975e-06	6	0	6	0	0	0
ENSG00000179476	1.51	15	15.247	1.588235e-06	7	0	7	1	0	1
ENSG00000179454	0.548	7	24.007	2.177165e-06	1	0	1	0	0	0
ENSG00000187790	0.593	40	87.863	7.7597725e-06	4	0	4	0	0	0
ENSG00000129534	0.79	28	48.58	3.85451e-06	3	0	3	0	0	0
ENSG00000165496	1.491	4	5.9903	8.547525e-07	2	2	0	0	0	0
ENSG00000139915	0.239	4	38.316	3.505105e-06	1	0	1	0	0	0
ENSG00000165501	1.435	13	14.372	1.412829e-06	4	0	4	0	0	0
ENSG00000165506	1.068	16	22.749	1.6190885e-06	2	1	1	0	0	0
ENSG00000165516	0.531	8	27.19	2.1501975e-06	2	1	1	0	0	0
ENSG00000165525	0.415	21	72.93	6.680235e-06	1	0	1	0	0	0
ENSG00000214900	1.817	6	5.6656	5.6425725e-07	2	0	2	0	0	0
ENSG00000087299	0.806	11	22.603	2.1622575e-06	1	0	1	0	0	0
ENSG00000100490	1.188	11	15.331	1.631852e-06	5	0	5	0	0	0
ENSG00000100504	0.965	33	45.727	4.33155e-06	3	0	3	1	0	1
ENSG00000087303	0.559	26	64.563	5.26888e-06	1	0	1	0	0	0
ENSG00000168229	1.502	9	10.372	1.0384665e-06	17	0	17	0	0	0
ENSG00000087301	0.626	15	36.894	2.6054625e-06	1	0	1	0	0	0
ENSG00000100519	0.246	2	25.573	2.245505e-06	15	0	15	0	0	0
ENSG00000020577	0.203	2	31.027	3.2835025e-06	1	0	1	1	0	1
ENSG00000180008	1.047	10	16.201	1.9900675e-06	1	0	1	0	0	0
ENSG00000126787	0.899	29	43.979	4.1943675e-06	5	1	4	1	0	1
ENSG00000126775	0.465	7	28.258	2.9870275e-06	1	0	1	1	0	1
ENSG00000182521	1.387	16	17.511	1.63009325e-06	4	0	4	0	0	0
ENSG00000126777	0.349	22	89.963	7.48122e-06	1	0	1	0	0	0
ENSG00000070269	1.118	32	38.435	3.2165025e-06	2	0	2	0	0	0
ENSG00000053770	1.091	17	23.37	2.09107e-06	1	0	1	0	0	0
ENSG00000100557	0.866	8	16.665	1.65139925e-06	11	0	11	0	0	0
ENSG00000151812	0.667	7	19.727	1.399563e-06	1	0	1	0	0	0
ENSG00000139971	0.883	15	26.162	2.13663e-06	7	1	6	0	0	0
ENSG00000131966	0.658	9	23.866	2.0748225e-06	1	0	1	1	0	1
ENSG00000100578	0.739	33	59.727	4.968385e-06	14	0	14	2	0	2
ENSG00000181619	1.526	7	8.4932	7.247725e-07	5	0	5	2	0	2
ENSG00000126790	1.471	10	11.476	9.6069625e-07	5	0	5	0	0	0
ENSG00000151838	0.75	20	38.771	3.47663e-06	21	0	21	1	0	1
ENSG00000126773	1.237	35	37.528	3.0552e-06	11	0	11	0	0	0
ENSG00000100612	1.488	17	17.107	1.33589625e-06	1	0	1	0	0	0
ENSG00000100614	0.16	0	18.659	1.7314475e-06	1	0	1	0	0	0
ENSG00000179008	0.691	15	33.436	2.597925e-06	1	0	1	0	0	0
ENSG00000184302	0.595	2	10.578	7.96161e-07	1	0	1	0	0	0
ENSG00000126814	0.588	6	20.124	2.0942525e-06	12	0	12	1	0	1
ENSG00000139974	1.456	29	27.144	2.0728125e-06	3	0	3	0	0	0
ENSG00000023608	1.527	23	21.316	1.94099e-06	1	0	1	1	0	1
ENSG00000140006	1.189	8	12.139	1.12819625e-06	1	0	1	0	0	0
ENSG00000054654	0.364	115	368.36	3.067595e-05	3	1	2	0	0	0
ENSG00000140009	1.103	12	17.621	2.006985e-06	3	0	3	0	0	0
ENSG00000165807	1.142	18	23.371	2.1267475e-06	5	0	5	0	0	0
ENSG00000126822	0.651	20	44.611	3.8771225e-06	1	0	1	0	0	0
ENSG00000070182	0.142	8	101.55	9.61115e-06	3	2	1	0	0	0
ENSG00000072415	0.429	8	33.671	2.9009325e-06	1	1	0	0	0	0
ENSG00000100558	1.203	15	19.2	1.844175e-06	7	0	7	1	0	1
ENSG00000054690	0.537	27	69.318	5.87724e-06	1	1	0	0	0	0
ENSG00000139988	1.435	14	15.229	1.89409e-06	4	0	4	1	0	1
ENSG00000081177	1.121	21	26.978	2.4439925e-06	3	0	3	0	0	0
ENSG00000100652	1.975	18	8.8099	6.161655e-07	3	0	3	0	0	0
ENSG00000198732	0.592	8	24.392	2.185875e-06	1	1	0	0	0	0
ENSG00000133983	1.78	7	6.7315	7.1232725e-07	1	0	1	0	0	0
ENSG00000133985	0.975	3	7.9472	7.448725e-07	2	0	2	0	0	0
ENSG00000006432	0.438	11	41.593	4.32217e-06	1	1	0	0	0	0
ENSG00000119599	0.95	8	15.189	2.57079e-06	1	0	1	0	0	0
ENSG00000119707	0.077	1	61.742	8.3426725e-06	1	0	1	0	0	0
ENSG00000187105	1.202	46	48.932	4.2077675e-06	5	0	5	0	0	0
ENSG00000184227	1.528	7	8.476	5.9122475e-07	28	0	28	0	0	0
ENSG00000119673	1.327	9	11.818	8.4096725e-07	7	0	7	0	0	0
ENSG00000177465	1.655	12	11.535	9.288545e-07	4	0	4	1	0	1
ENSG00000205669	1.631	4	5.2881	3.679305e-07	2	0	2	0	0	0
ENSG00000119661	1.757	3	3.739	7.823925e-07	1	0	1	1	0	1
ENSG00000140043	1.077	13	19.198	1.60935675e-06	4	0	4	1	0	1
ENSG00000119725	0.279	2	22.591	2.1297625e-06	1	0	1	1	0	1
ENSG00000156050	1.088	24	31.032	2.786195e-06	5	0	5	0	0	0
ENSG00000187097	0.701	12	27.737	2.542315e-06	6	0	6	0	0	0
ENSG00000119614	1.043	8	13.845	1.10491375e-06	1	0	1	1	0	1
ENSG00000119681	0.383	24	88.106	7.077545e-06	4	1	3	2	0	2
ENSG00000119682	0.6	19	46.489	4.4295375e-06	3	1	2	1	0	1
ENSG00000198208	1.051	18	25.405	2.36443e-06	2	0	2	0	0	0
ENSG00000119718	1.517	15	15.175	1.39411925e-06	1	0	1	0	0	0
ENSG00000140044	0.71	2	8.8683	1.060342e-06	1	0	1	0	0	0
ENSG00000133935	0.853	2	7.3787	8.35624e-07	1	0	1	0	0	0
ENSG00000119685	0.757	48	80.622	8.29326e-06	5	0	5	0	0	0
ENSG00000119650	1.598	16	15.108	1.41271175e-06	2	0	2	1	0	1
ENSG00000089916	0.566	10	29.956	3.495055e-06	2	0	2	1	0	1
ENSG00000071246	0.604	3	12.845	9.73041e-07	1	0	1	0	0	0
ENSG00000119669	0.405	3	19.139	1.4570825e-06	8	0	8	0	0	0
ENSG00000177108	1.049	3	7.3847	6.757955e-07	1	0	1	0	0	0
ENSG00000100577	1.483	16	16.36	1.56198775e-06	5	0	5	0	0	0
ENSG00000100580	0.711	4	12.869	1.05429525e-06	1	0	1	0	0	0
ENSG00000151445	0.826	21	36.623	4.0881725e-06	2	0	2	0	0	0
ENSG00000100601	1.026	11	17.741	1.68974e-06	4	1	3	0	0	0
ENSG00000063761	1.283	23	25.406	2.3913975e-06	2	0	2	0	0	0
ENSG00000021645	0.112	1	42.532	3.701415e-06	1	1	0	1	1	0
ENSG00000100629	0.839	47	71.462	7.3638025e-06	2	1	1	0	0	0
ENSG00000140022	0.68	11	26.776	2.0909025e-06	1	0	1	0	0	0
ENSG00000071537	0.303	8	47.569	3.82101e-06	1	0	1	1	0	1
ENSG00000054983	0.937	29	42.215	3.6144825e-06	1	0	1	0	0	0
ENSG00000140030	0.833	3	9.3054	8.103315e-07	2	1	1	0	0	0
ENSG00000100433	0.747	9	21.018	1.92156e-06	4	0	4	0	0	0
ENSG00000042317	1.191	21	25.4	2.3816825e-06	14	0	14	0	0	0
ENSG00000070778	0.656	30	62.066	6.06283e-06	1	0	1	0	0	0
ENSG00000100722	0.342	8	42.227	4.1049225e-06	9	0	9	0	0	0
ENSG00000042088	1.107	30	36.771	3.110475e-06	3	0	3	0	0	0
ENSG00000119720	0.768	33	57.463	5.251795e-06	10	0	10	0	0	0
ENSG00000015133	0.454	31	92.181	8.0358125e-06	4	1	3	1	0	1
ENSG00000133962	0.867	36	54.828	4.40994e-06	14	0	14	0	0	0
ENSG00000100815	0.504	39	101.08	9.2863675e-06	3	0	3	0	0	0
ENSG00000066427	0.506	6	23.393	2.3431575e-06	2	0	2	0	0	0
ENSG00000165934	0.741	18	36.042	2.9280675e-06	1	0	1	0	0	0
ENSG00000100599	0.902	20	32.23	2.419035e-06	4	0	4	0	0	0
ENSG00000100604	0.568	7	23.156	2.216025e-06	2	0	2	0	0	0
ENSG00000153485	1.632	3	4.3923	4.621325e-07	1	0	1	0	0	0
ENSG00000012963	0.447	5	23.539	1.66175075e-06	1	1	0	0	0	0
ENSG00000140067	1.249	6	9.4694	6.6807375e-07	2	0	2	1	0	1
ENSG00000165948	1.521	2	3.8959	2.75638e-07	9	0	9	0	0	0
ENSG00000119698	0.624	24	54.133	5.3306875e-06	1	1	0	0	0	0
ENSG00000170099	1.488	10	11.334	8.36294e-07	2	1	1	0	0	0
ENSG00000197249	1.626	11	11.013	8.0003025e-07	1	0	1	0	0	0
ENSG00000186910	1.545	14	14.092	1.1525675e-06	1	0	1	1	0	1
ENSG00000170054	1.808	14	11.437	8.6966e-07	4	0	4	0	0	0
ENSG00000100665	1.664	12	11.456	9.2793325e-07	5	0	5	0	0	0
ENSG00000196136	1.902	17	11.884	1.0086515e-06	16	0	16	0	0	0
ENSG00000100697	0.166	8	86.97	8.2200625e-06	2	0	2	1	0	1
ENSG00000176438	1.08	43	51.358	4.262205e-06	6	0	6	0	0	0
ENSG00000182512	0.661	0	4.5272	3.2731175e-07	1	0	1	0	0	0
ENSG00000213231	1.236	4	7.3815	6.7524275e-07	1	0	1	0	0	0
ENSG00000066739	0.435	35	106.68	9.707295e-06	1	0	1	0	0	0
ENSG00000140057	0.853	27	43.635	4.25517e-06	1	0	1	1	0	1
ENSG00000246223	1.716	4	4.8198	3.4476525e-07	24	0	24	0	0	0
ENSG00000183576	0.508	9	30.941	3.1327525e-06	1	1	0	0	0	0
ENSG00000182218	0.851	13	24.293	1.7414975e-06	16	0	16	0	0	0
ENSG00000140471	0.962	14	22.761	1.59398025e-06	1	0	1	0	0	0
ENSG00000131873	0.405	5	25.963	2.561745e-06	2	0	2	2	0	2
ENSG00000140479	0.863	16	28.16	5.0037275e-06	11	0	11	1	0	1
ENSG00000184277	1.69	12	11.221	7.94888e-07	1	0	1	0	0	0
ENSG00000182854	1.371	2	4.476	3.2567025e-07	2	0	2	0	0	0
ENSG00000183706	1.865	6	5.1597	5.119805e-07	5	0	5	0	0	0
ENSG00000206190	0.427	17	59.656	5.290655e-06	1	0	1	0	0	0
ENSG00000186297	0.372	3	20.817	1.7656175e-06	1	1	0	0	0	0
ENSG00000104044	0.848	26	42.55	3.509795e-06	2	0	2	0	0	0
ENSG00000128731	0.201	36	236.31	2.0627625e-05	6	0	6	0	0	0
ENSG00000104059	0.698	5	15.07	1.0743115e-06	2	0	2	0	0	0
ENSG00000104067	0.071	2	88.397	8.8063125e-06	1	1	0	0	0	0
ENSG00000186399	1.981	13	4.948	3.85585e-07	2	0	2	0	0	0
ENSG00000198690	1.117	42	48.629	4.6208225e-06	6	1	5	0	0	0
ENSG00000134160	1.076	70	79.381	7.6488875e-06	14	0	14	0	0	0
ENSG00000169918	0.333	5	31.614	2.547005e-06	2	0	2	0	0	0
ENSG00000175344	0.789	9	19.896	1.58744775e-06	4	0	4	1	0	1
ENSG00000198826	0.742	21	40.739	3.55033e-06	1	0	1	0	0	0
ENSG00000248905	0.934	35	49.687	4.2375825e-06	6	1	5	1	0	1
ENSG00000169857	1.414	14	15.461	1.45646275e-06	8	0	8	0	0	0
ENSG00000184984	0.743	7	17.701	1.9743225e-06	1	0	1	0	0	0
ENSG00000140199	0.395	17	64.572	6.95594e-06	1	1	0	0	0	0
ENSG00000175265	1.807	5	4.9951	4.5977075e-07	20	1	19	0	0	0
ENSG00000021776	0.219	11	83.327	8.030285e-06	1	0	1	1	0	1
ENSG00000198146	0.275	2	22.871	2.0094975e-06	1	0	1	0	0	0
ENSG00000166069	1.038	11	17.546	1.24115825e-06	1	0	1	0	0	0
ENSG00000150667	1.252	22	25.083	1.7622675e-06	3	0	3	0	0	0
ENSG00000128829	0.572	42	94.959	8.48287e-06	5	0	5	1	0	1
ENSG00000137843	0.705	12	27.589	2.544325e-06	1	0	1	0	0	0
ENSG00000137841	0.853	41	62.363	5.0415825e-06	2	0	2	0	0	0
ENSG00000128944	0.981	12	19.823	1.88069e-06	3	0	3	0	0	0
ENSG00000128928	1.585	14	13.707	2.1019575e-06	3	1	2	0	0	0
ENSG00000169105	0.64	2	9.8312	8.7188775e-07	1	0	1	1	0	1
ENSG00000166133	1.087	12	17.891	1.7853825e-06	2	1	1	0	0	0
ENSG00000166145	0.818	12	23.761	1.70649e-06	5	0	5	1	0	1
ENSG00000104140	0.522	1	9.0839	8.8284225e-07	1	0	1	0	0	0
ENSG00000178997	1.263	22	24.873	2.1106675e-06	1	0	1	0	0	0
ENSG00000104147	1.756	10	9.1585	6.5105575e-07	1	0	1	0	0	0
ENSG00000137804	0.609	6	19.451	1.558688e-06	1	0	1	0	0	0
ENSG00000137806	0.905	6	13.092	1.1901545e-06	1	0	1	0	0	0
ENSG00000062524	1.22	40	42.682	3.6282175e-06	2	0	2	0	0	0
ENSG00000103932	0.763	38	65.304	6.0985075e-06	5	0	5	0	0	0
ENSG00000168970	1.406	57	50.544	4.125525e-06	4	0	4	0	0	0
ENSG00000137877	1.062	186	197.71	1.750375e-05	85	0	85	10	0	10
ENSG00000103966	0.787	11	23.124	2.181855e-06	2	0	2	0	0	0
ENSG00000188089	0.769	28	49.91	4.814285e-06	5	0	5	2	0	2
ENSG00000159337	0.918	28	41.84	3.2975725e-06	5	0	5	0	0	0
ENSG00000214013	1.191	54	56.882	4.9554875e-06	19	0	19	0	0	0
ENSG00000092529	0.973	34	46.544	4.28465e-06	7	0	7	0	0	0
ENSG00000103994	0.4	25	87.296	9.078835e-06	1	0	1	1	0	1
ENSG00000137814	1.513	9	10.293	7.249735e-07	1	0	1	1	0	1
ENSG00000159433	0.631	92	173.35	1.5552375e-05	22	0	22	3	0	3
ENSG00000140326	0.675	30	60.239	5.564015e-06	2	1	1	0	0	0
ENSG00000159459	0.349	27	106.7	8.8924075e-06	1	1	0	0	0	0
ENSG00000137842	1.038	21	29.137	2.2453375e-06	1	0	1	0	0	0
ENSG00000104055	1.436	36	33.11	2.5860325e-06	3	0	3	0	0	0
ENSG00000159495	1.18	32	36.433	3.1557e-06	5	1	4	3	0	3
ENSG00000168806	1.473	22	21.31	1.89074e-06	1	0	1	0	0	0
ENSG00000168803	1.361	10	12.445	1.0910615e-06	1	0	1	1	0	1
ENSG00000137822	0.721	21	41.967	3.882985e-06	1	0	1	0	0	0
ENSG00000166963	0.192	9	81.636	7.44638e-06	1	1	0	0	0	0
ENSG00000237289	1.358	8	10.6	1.10029075e-06	2	0	2	0	0	0
ENSG00000166762	1.224	27	30.432	2.80931e-06	2	0	2	0	0	0
ENSG00000167004	0.25	2	25.175	2.084035e-06	1	0	1	0	0	0
ENSG00000140259	0.374	6	31.648	3.86456e-06	1	1	0	0	0	0
ENSG00000092470	0.853	19	32.701	3.061565e-06	3	0	3	0	0	0
ENSG00000104133	0.812	81	120	9.7764725e-06	6	0	6	1	0	1
ENSG00000229474	0.979	22	32.098	2.751355e-06	1	0	1	0	0	0
ENSG00000185880	1.146	16	21.214	1.657915e-06	2	0	2	0	0	0
ENSG00000167014	1.345	10	12.598	1.03593725e-06	1	0	1	0	0	0
ENSG00000140263	1.275	13	16.211	1.740325e-06	1	0	1	0	0	0
ENSG00000140279	1.284	83	77.586	7.22528e-06	17	0	17	0	0	0
ENSG00000140254	0.977	9	16.076	1.164058e-06	1	0	1	0	0	0
ENSG00000137857	0.939	61	80.368	7.078215e-06	21	0	21	0	0	0
ENSG00000137860	1.531	38	32.529	2.3140125e-06	18	0	18	0	0	0
ENSG00000171766	0.534	7	24.623	2.4560525e-06	2	1	1	1	0	1
ENSG00000171763	1.068	20	27.209	2.6419775e-06	6	0	6	0	0	0
ENSG00000166920	1.856	6	5.2615	4.803565e-07	3	0	3	0	0	0
ENSG00000137767	1.18	17	21.615	1.958075e-06	1	0	1	0	0	0
ENSG00000074803	0.823	35	56.359	4.686315e-06	1	0	1	0	0	0
ENSG00000128951	1.12	6	10.569	8.5972725e-07	5	0	5	0	0	0
ENSG00000103995	0.784	47	76.465	7.4900975e-06	8	0	8	0	0	0
ENSG00000185634	0.943	21	32.054	2.9796575e-06	2	0	2	0	0	0
ENSG00000166262	1.431	33	30.843	2.7103175e-06	9	0	9	0	0	0
ENSG00000104047	1.677	14	12.819	1.196084e-06	2	0	2	0	0	0
ENSG00000104043	1.094	56	63.93	5.54492e-06	4	0	4	0	0	0
ENSG00000140284	0.965	17	26.415	2.032445e-06	1	0	1	0	0	0
ENSG00000140287	0.548	10	30.964	3.158715e-06	1	1	0	0	0	0
ENSG00000138592	0.113	2	55.558	4.7863125e-06	1	0	1	1	0	1
ENSG00000138600	0.526	8	27.437	2.203965e-06	1	0	1	0	0	0
ENSG00000081014	0.431	16	56.345	4.6365675e-06	4	0	4	0	0	0
ENSG00000183578	1.78	7	6.7287	4.759345e-07	3	0	3	0	0	0
ENSG00000186417	1.273	21	23.76	2.0848725e-06	2	0	2	1	0	1
ENSG00000128872	0.675	6	17.549	1.51542275e-06	2	0	2	1	0	1
ENSG00000166477	0.35	7	37.521	3.6610475e-06	1	1	0	0	0	0
ENSG00000137875	1.735	3	3.8688	2.7662625e-07	5	0	5	0	0	0
ENSG00000128833	0.844	74	106.4	9.5553725e-06	1	0	1	0	0	0
ENSG00000166415	1.074	46	54.75	4.593185e-06	4	0	4	0	0	0
ENSG00000137766	0.537	44	105.28	9.7134925e-06	8	0	8	0	0	0
ENSG00000256061	1.115	17	22.863	2.0533825e-06	3	0	3	2	0	2
ENSG00000171016	0.228	0	13.094	1.34360125e-06	1	1	0	0	0	0
ENSG00000069869	0.628	32	68.404	6.42731e-06	5	0	5	0	0	0
ENSG00000151575	1.573	30	25.833	2.1223925e-06	1	0	1	0	0	0
ENSG00000138587	1.325	32	32.443	2.85889e-06	2	1	1	1	1	0
ENSG00000128849	1.242	63	62.565	5.8499375e-06	9	0	9	2	0	2
ENSG00000255529	0.729	5	14.425	1.26899675e-06	1	0	1	0	0	0
ENSG00000166035	0.93	14	23.535	2.2748175e-06	8	0	8	0	0	0
ENSG00000157483	0.442	21	68.477	6.4673425e-06	1	0	1	1	0	1
ENSG00000140297	1.434	13	14.388	1.49800275e-06	7	0	7	0	0	0
ENSG00000128915	0.839	28	45.782	4.1199975e-06	2	1	1	0	0	0
ENSG00000069667	0.404	8	35.752	3.43308e-06	1	0	1	0	0	0
ENSG00000129003	0.676	108	187.58	1.61498475e-05	4	0	4	2	0	2
ENSG00000205502	1.943	5	3.0083	2.1659425e-07	25	0	25	0	0	0
ENSG00000103642	0.99	12	19.643	1.52708075e-06	2	1	1	0	0	0
ENSG00000138613	1.737	15	12.931	1.328543e-06	1	0	1	0	0	0
ENSG00000074410	1.327	18	20.115	1.616375e-06	1	0	1	0	0	0
ENSG00000035664	1.28	16	18.976	1.34631475e-06	6	0	6	0	0	0
ENSG00000169118	0.216	2	29.141	3.2982425e-06	2	2	0	0	0	0
ENSG00000103671	0.668	17	38.2	3.795215e-06	1	0	1	0	0	0
ENSG00000140451	1.325	25	26.358	2.3565575e-06	13	0	13	0	0	0
ENSG00000090487	0.834	8	17.3	1.5153725e-06	2	1	1	0	0	0
ENSG00000103707	1.008	14	21.715	1.7967725e-06	3	0	3	0	0	0
ENSG00000103710	1.214	6	9.7414	8.3420025e-07	2	0	2	2	0	2
ENSG00000234438	1.87	13	9.8947	8.5758325e-07	5	0	5	0	0	0
ENSG00000090470	1.122	10	15.121	1.3574535e-06	2	0	2	0	0	0
ENSG00000166855	0.342	6	34.677	3.3719425e-06	1	1	0	0	0	0
ENSG00000138615	1.292	39	39.424	3.6044325e-06	6	0	6	2	0	2
ENSG00000138617	1.478	15	15.593	1.5806975e-06	1	0	1	0	0	0
ENSG00000103742	0.55	19	50.685	4.1779525e-06	1	0	1	0	0	0
ENSG00000074621	0.569	14	38.437	3.31918e-06	2	0	2	0	0	0
ENSG00000157890	1.158	44	48.865	4.8020575e-06	6	0	6	1	0	1
ENSG00000166938	0.957	36	49.657	4.8362275e-06	8	0	8	1	0	1
ENSG00000174444	0.12	0	24.906	2.73762e-06	1	0	1	0	0	0
ENSG00000174442	1.021	25	34.182	2.42272e-06	1	0	1	0	0	0
ENSG00000188501	1.231	31	33.993	2.7129975e-06	1	0	1	0	0	0
ENSG00000259471	1.776	3	3.6236	2.587875e-07	2	0	2	0	0	0
ENSG00000137834	1.975	23	11.672	9.8059525e-07	7	0	7	1	0	1
ENSG00000103591	1.037	13	19.924	1.710845e-06	2	0	2	0	0	0
ENSG00000103599	0.979	40	53.204	4.447125e-06	14	1	13	0	0	0
ENSG00000189227	1.322	2	4.6748	3.3488275e-07	8	0	8	0	0	0
ENSG00000137764	0.509	11	35.771	2.9645825e-06	1	0	1	1	0	1
ENSG00000188779	0.736	20	39.496	2.969775e-06	5	0	5	0	0	0
ENSG00000138604	0.438	4	20.896	1.7954325e-06	1	0	1	0	0	0
ENSG00000137819	0.705	5	14.914	1.06195e-06	1	0	1	0	0	0
ENSG00000137831	0.973	53	68.51	6.117435e-06	3	1	2	0	0	0
ENSG00000129028	1.117	3	6.9308	5.0121025e-07	4	0	4	2	0	2
ENSG00000137821	0.599	14	36.528	3.042805e-06	1	0	1	0	0	0
ENSG00000187720	0.572	20	50.84	4.3997225e-06	1	0	1	0	0	0
ENSG00000066933	0.304	30	133.72	1.35844175e-05	4	1	3	2	0	2
ENSG00000175318	1.357	20	21.405	1.6617675e-06	5	1	4	0	0	0
ENSG00000140488	0.645	8	22.364	1.996935e-06	1	0	1	0	0	0
ENSG00000213614	0.973	22	32.303	3.003945e-06	10	0	10	0	0	0
ENSG00000215186	1.695	17	14.812	1.23308475e-06	18	0	18	0	0	0
ENSG00000140463	1.184	27	31.45	2.439135e-06	1	0	1	0	0	0
ENSG00000159322	0.715	7	18.393	1.59862e-06	1	0	1	0	0	0
ENSG00000183324	1.109	9	14.162	1.11750975e-06	4	0	4	0	0	0
ENSG00000103855	1.407	12	13.792	1.5333955e-06	3	0	3	0	0	0
ENSG00000167139	1.06	13	19.504	1.39226e-06	1	0	1	0	0	0
ENSG00000159289	1.504	8	9.5011	6.7825775e-07	6	0	6	0	0	0
ENSG00000167178	0.583	5	18.038	1.30695225e-06	1	0	1	1	0	1
ENSG00000138623	0.441	8	32.767	2.6382925e-06	1	0	1	1	0	1
ENSG00000138629	0.767	8	18.812	1.64650825e-06	1	0	1	0	0	0
ENSG00000179335	0.408	7	32.261	3.708115e-06	1	1	0	0	0	0
ENSG00000140465	1.778	23	17.908	1.56205475e-06	21	0	21	0	0	0
ENSG00000140506	1.185	22	26.502	2.0091625e-06	11	0	11	0	0	0
ENSG00000178718	1.498	1	2.8958	2.0885575e-07	5	0	5	2	0	2
ENSG00000167195	1.179	6	10.037	8.076515e-07	12	0	12	0	0	0
ENSG00000140478	1.934	9	5.8993	4.80256e-07	33	0	33	0	0	0
ENSG00000140398	1.01	13	20.467	1.90414e-06	17	1	16	0	0	0
ENSG00000140400	1.031	47	58.146	4.8308675e-06	16	0	16	0	0	0
ENSG00000169371	1.493	21	20.238	1.843505e-06	1	0	1	0	0	0
ENSG00000177971	1.966	8	3.8025	2.7267325e-07	1	0	1	0	0	0
ENSG00000173548	0.611	5	17.217	1.51535575e-06	1	0	1	1	0	1
ENSG00000173546	0.459	21	65.94	6.090635e-06	1	0	1	0	0	0
ENSG00000182950	1.743	14	12.161	1.471052e-06	2	0	2	0	0	0
ENSG00000140367	0.944	15	24.465	1.7361375e-06	1	1	0	0	0	0
ENSG00000167196	0.296	1	16.039	1.38517475e-06	4	0	4	0	0	0
ENSG00000169752	1.327	3	5.7773	4.0751075e-07	4	0	4	0	0	0
ENSG00000169758	0.982	14	22.296	1.5964425e-06	1	0	1	0	0	0
ENSG00000117906	0.741	6	15.976	1.14729125e-06	2	0	2	0	0	0
ENSG00000169783	0.196	0	15.275	1.39371725e-06	1	1	0	0	0	0
ENSG00000167202	0.701	20	41.457	3.48333e-06	2	0	2	2	0	2
ENSG00000183476	1.193	14	18.34	1.7120175e-06	7	0	7	0	0	0
ENSG00000136425	1.091	6	10.855	1.0560205e-06	2	0	2	0	0	0
ENSG00000166426	1.441	4	6.2415	4.4184825e-07	2	0	2	2	0	2
ENSG00000169684	1.136	11	16.026	1.12735875e-06	12	0	12	0	0	0
ENSG00000080644	1.148	13	18.001	1.28541175e-06	3	0	3	0	0	0
ENSG00000136378	0.646	35	71.855	6.1554575e-06	1	0	1	0	0	0
ENSG00000166557	0.985	4	9.2876	9.5319225e-07	2	0	2	0	0	0
ENSG00000169330	0.692	13	29.884	2.8550375e-06	1	0	1	0	0	0
ENSG00000136371	1.548	6	7.4891	8.3858875e-07	1	0	1	1	0	1
ENSG00000103876	1.414	25	24.688	2.1367975e-06	4	0	4	1	0	1
ENSG00000172345	1.226	8	11.763	1.308845e-06	7	0	7	0	0	0
ENSG00000188869	1.034	39	49.249	4.331885e-06	12	0	12	1	0	1
ENSG00000140598	0.561	23	58.082	5.5199625e-06	2	1	1	0	0	0
ENSG00000188659	1.806	14	11.457	8.0562475e-07	6	0	6	0	0	0
ENSG00000103723	0.342	11	53.314	4.381465e-06	2	0	2	1	0	1
ENSG00000186628	1.27	33	34.753	3.0573775e-06	10	0	10	2	0	2
ENSG00000156232	1.153	22	27.243	2.456555e-06	7	0	7	1	0	1
ENSG00000169609	1.226	2	5.0852	4.626015e-07	5	0	5	0	0	0
ENSG00000156218	0.647	47	92.648	8.27383e-06	1	0	1	1	0	1
ENSG00000176371	0.806	11	22.587	2.0718075e-06	1	1	0	0	0	0
ENSG00000197696	1.69	4	4.9697	4.9446e-07	1	0	1	0	0	0
ENSG00000136383	0.911	48	67.03	5.9970025e-06	2	2	0	0	0	0
ENSG00000156222	1.252	31	33.425	2.91852e-06	6	0	6	0	0	0
ENSG00000073417	0.532	15	43.439	3.8151475e-06	1	0	1	1	0	1
ENSG00000170776	0.294	25	118.66	1.077695e-05	1	1	0	0	0	0
ENSG00000183655	1.915	19	12.786	9.259735e-07	7	0	7	1	0	1
ENSG00000259494	1.316	12	14.771	1.62131625e-06	1	0	1	0	0	0
ENSG00000181026	1.878	13	9.7653	9.82555e-07	3	0	3	0	0	0
ENSG00000140525	1.052	62	72.818	6.31877e-06	3	0	3	0	0	0
ENSG00000140519	0.716	11	25.438	2.2801775e-06	1	0	1	0	0	0
ENSG00000140534	0.599	36	79.377	7.4609525e-06	3	0	3	0	0	0
ENSG00000166819	1.26	18	21.177	2.1930775e-06	1	0	1	1	0	1
ENSG00000140527	1.067	30	38.136	3.2731175e-06	11	0	11	0	0	0
ENSG00000166823	1.944	5	2.9705	2.1441675e-07	7	0	7	0	0	0
ENSG00000188095	1.277	10	13.278	9.8565375e-07	7	0	7	1	0	1
ENSG00000166825	0.638	23	51.089	4.3498075e-06	1	0	1	0	0	0
ENSG00000157823	1.427	8	10.065	8.219895e-07	3	0	3	0	0	0
ENSG00000242498	1.514	8	9.4351	6.657455e-07	1	0	1	0	0	0
ENSG00000185043	1.148	7	11.451	1.07560125e-06	1	0	1	0	0	0
ENSG00000183208	1.84	11	8.9782	7.92811e-07	8	0	8	0	0	0
ENSG00000213471	1.178	20	24.671	2.4835225e-06	10	0	10	0	0	0
ENSG00000196391	1.484	22	21.154	2.20229e-06	4	0	4	1	0	1
ENSG00000197299	0.751	34	60.271	4.884635e-06	4	0	4	0	0	0
ENSG00000182511	0.845	31	49.53	4.707755e-06	3	0	3	0	0	0
ENSG00000140553	0.738	25	47.283	4.342605e-06	2	0	2	0	0	0
ENSG00000166965	1.536	16	15.769	1.45646275e-06	2	1	1	0	0	0
ENSG00000198901	0.611	18	43.654	4.7993775e-06	3	0	3	0	0	0
ENSG00000185442	1.83	4	4.0251	4.26522e-07	3	0	3	0	0	0
ENSG00000140563	1.636	68	50.844	4.8342175e-06	2	0	2	0	0	0
ENSG00000140450	1.128	13	18.325	1.7110125e-06	4	0	4	0	0	0
ENSG00000183571	1.95	10	5.9421	4.2566775e-07	2	0	2	0	0	0
ENSG00000182253	1.149	37	42.354	4.003585e-06	16	0	16	1	0	1
ENSG00000168904	1.293	18	20.639	2.0791775e-06	11	0	11	0	0	0
ENSG00000166669	0.65	8	22.223	2.26795e-06	18	0	18	0	0	0
ENSG00000103274	1.613	19	17.191	1.22208e-06	2	0	2	0	0	0
ENSG00000179583	0.583	21	51.876	4.77777e-06	2	0	2	1	0	1
ENSG00000184471	1.972	14	6.8653	6.17874e-07	14	0	14	0	0	0
ENSG00000188897	1.455	28	26.371	2.33696e-06	18	0	18	0	0	0
ENSG00000153066	0.818	22	38.408	3.2845075e-06	3	1	2	0	0	0
ENSG00000234719	1.741	11	10.027	7.1232725e-07	1	0	1	0	0	0
ENSG00000048462	1.884	8	6.3037	5.49802e-07	1	0	1	0	0	0
ENSG00000116176	1.966	17	9.1878	6.560305e-07	20	0	20	0	0	0
ENSG00000172236	1.95	16	9.6293	9.307975e-07	3	0	3	0	0	0
ENSG00000095917	1.85	15	11.534	9.9922125e-07	10	0	10	0	0	0
ENSG00000103381	1.821	5	4.8736	1.04447975e-06	6	0	6	0	0	0
ENSG00000237515	0.887	1	5.3393	1.377855e-06	1	0	1	1	0	1
ENSG00000007516	1.035	55	66.527	5.2288475e-06	1	0	1	0	0	0
ENSG00000007520	1.147	6	10.322	8.7909025e-07	2	0	2	0	0	0
ENSG00000090581	1.215	15	19.013	1.7066575e-06	3	0	3	0	0	0
ENSG00000175595	0.896	25	38.969	3.564065e-06	2	1	1	2	1	1
ENSG00000059145	0.578	2	10.895	1.9756625e-06	8	0	8	0	0	0
ENSG00000186260	0.17	3	45.635	3.990855e-06	1	0	1	0	0	0
ENSG00000103249	0.421	10	40.306	3.744295e-06	2	1	1	0	0	0
ENSG00000069764	1.928	1	0.48819	3.4429625e-08	5	0	5	0	0	0
ENSG00000251692	1.64	18	16.14	1.7110125e-06	10	0	10	2	0	2
ENSG00000103512	1.022	35	45.412	3.6221875e-06	4	0	4	0	0	0
ENSG00000183426	1.853	0	0.38278	2.7001e-08	4	0	4	0	0	0
ENSG00000100726	0.927	27	40.177	3.49405e-06	1	1	0	0	0	0
ENSG00000085721	0.648	14	33.786	2.78117e-06	2	0	2	0	0	0
ENSG00000183793	1.857	1	1.3338	9.3902175e-08	2	0	2	0	0	0
ENSG00000007545	0.417	12	46.603	3.8111275e-06	9	0	9	0	0	0
ENSG00000091262	1.026	60	72.492	6.0479225e-06	6	0	6	0	0	0
ENSG00000103226	0.81	10	20.938	1.640562e-06	5	0	5	0	0	0
ENSG00000188536	1.934	3	1.8782	1.31720325e-07	8	1	7	0	0	0
ENSG00000074071	1.686	4	4.9908	3.44849e-07	6	0	6	0	0	0
ENSG00000099769	1.881	14	10.38	9.50328e-07	3	0	3	0	0	0
ENSG00000180185	1.967	14	7.316	5.2117625e-07	1	0	1	0	0	0
ENSG00000162039	1.417	21	21.335	1.9177075e-06	2	0	2	0	0	0
ENSG00000185164	1.072	12	18.144	1.427435e-06	17	0	17	0	0	0
ENSG00000170537	0.825	21	36.666	3.0955675e-06	5	0	5	2	0	2
ENSG00000167186	1.491	9	10.459	8.576e-07	1	0	1	0	0	0
ENSG00000140986	1.607	22	19.471	1.7133575e-06	5	0	5	2	0	2
ENSG00000103540	0.454	13	45.496	3.793205e-06	1	0	1	1	0	1
ENSG00000179580	1.523	4	5.8311	4.8747525e-07	2	0	2	0	0	0
ENSG00000103550	1.246	12	15.601	1.3501505e-06	2	0	2	0	0	0
ENSG00000127554	1.652	6	6.8578	4.971735e-07	3	0	3	0	0	0
ENSG00000167191	0.765	5	13.745	1.35267975e-06	1	0	1	0	0	0
ENSG00000169347	1.344	27	27.696	2.7937325e-06	1	0	1	0	0	0
ENSG00000169340	0.802	12	24.239	2.0594125e-06	3	2	1	0	0	0
ENSG00000183549	1.258	29	31.433	2.6516925e-06	22	0	22	0	0	0
ENSG00000065057	1.595	14	13.612	1.11821325e-06	2	0	2	0	0	0
ENSG00000183747	1.364	34	33.188	3.087025e-06	5	0	5	0	0	0
ENSG00000066813	1.42	37	34.284	3.306115e-06	21	0	21	0	0	0
ENSG00000066654	1.577	17	16.088	1.498723e-06	2	0	2	1	0	1
ENSG00000005187	1.055	26	34.184	3.2781425e-06	14	0	14	0	0	0
ENSG00000005189	0.856	23	38.068	2.8044525e-06	14	0	14	0	0	0
ENSG00000103197	0.074	2	85.448	7.2395175e-06	1	0	1	0	0	0
ENSG00000158486	0.798	132	191.11	1.64925525e-05	19	0	19	0	0	0
ENSG00000011638	1.643	4	5.2237	3.693375e-07	2	0	2	0	0	0
ENSG00000103316	0.756	5	13.908	9.9925475e-07	1	0	1	0	0	0
ENSG00000155719	0.732	26	49.273	4.020335e-06	3	0	3	0	0	0
ENSG00000131653	0.456	11	39.885	3.30176e-06	1	0	1	0	0	0
ENSG00000103319	1.081	34	41.859	3.997555e-06	4	0	4	0	0	0
ENSG00000058600	0.453	12	42.927	3.6298925e-06	1	0	1	1	0	1
ENSG00000140743	1.026	13	20.152	1.73798e-06	2	0	2	1	0	1
ENSG00000167969	1.837	16	12.404	1.1715955e-06	4	0	4	1	0	1
ENSG00000167972	0.501	26	71.995	5.96836e-06	1	0	1	1	0	1
ENSG00000168447	0.763	18	34.966	2.6711225e-06	1	1	0	0	0	0
ENSG00000168434	0.661	18	40.37	3.5702625e-06	1	1	0	0	0	0
ENSG00000083093	1.006	35	46.121	3.84245e-06	10	0	10	0	0	0
ENSG00000134398	1.029	42	52.81	5.1146125e-06	8	0	8	1	0	1
ENSG00000166869	1.465	10	11.528	1.104495e-06	6	0	6	0	0	0
ENSG00000162062	1.373	18	19.431	1.6653185e-06	2	0	2	0	0	0
ENSG00000090905	0.136	7	96.802	8.4046475e-06	1	0	1	0	0	0
ENSG00000158865	1.067	24	31.623	2.3739775e-06	21	0	21	0	0	0
ENSG00000140750	0.442	12	44.023	3.850825e-06	1	0	1	1	0	1
ENSG00000162066	0.67	5	15.685	1.16059075e-06	7	0	7	0	0	0
ENSG00000103375	1.123	7	11.708	9.8277275e-07	14	0	14	0	0	0
ENSG00000167930	1.261	20	23.041	2.073985e-06	3	1	2	0	0	0
ENSG00000172382	1.175	8	12.276	8.847015e-07	3	0	3	0	0	0
ENSG00000155666	0.833	10	20.366	1.84049e-06	1	0	1	0	0	0
ENSG00000169189	1.178	9	13.331	1.092569e-06	3	0	3	0	0	0
ENSG00000077238	0.832	9	18.884	1.51672925e-06	2	0	2	0	0	0
ENSG00000077235	0.173	11	105.47	9.7436425e-06	1	0	1	0	0	0
ENSG00000167978	0.118	7	111.38	1.58969225e-05	2	0	2	0	0	0
ENSG00000047578	0.907	57	78.324	7.07051e-06	15	1	14	1	0	1
ENSG00000103363	1.326	2	4.6578	3.2851775e-07	2	0	2	0	0	0
ENSG00000103355	1.439	11	12.62	1.03144825e-06	1	0	1	0	0	0
ENSG00000007038	1.319	12	14.732	1.5226085e-06	1	0	1	0	0	0
ENSG00000162078	1.849	5	4.6043	3.26223e-07	2	0	2	0	0	0
ENSG00000185615	1.963	39	22.23	1.7150325e-06	43	0	43	0	0	0
ENSG00000198156	1.932	4	2.6286	1.8888975e-07	11	0	11	0	0	0
ENSG00000205609	1.696	3	4.0751	4.448465e-07	1	0	1	0	0	0
ENSG00000233232	1.927	2	1.2972	9.2527e-08	1	0	1	0	0	0
ENSG00000188603	0.944	14	23.193	2.0483575e-06	1	0	1	0	0	0
ENSG00000176046	1.878	4	3.5329	1.62024425e-07	6	0	6	0	0	0
ENSG00000196502	1.543	16	15.687	1.4379205e-06	7	0	7	0	0	0
ENSG00000255524	1.92	3	2.1731	1.557348e-07	1	0	1	0	0	0
ENSG00000178188	0.323	4	28.357	2.67665e-06	1	1	0	0	0	0
ENSG00000177548	0.611	10	27.758	2.7183575e-06	1	0	1	0	0	0
ENSG00000177455	0.354	5	29.696	2.24919e-06	3	0	3	0	0	0
ENSG00000176953	1.018	10	16.662	1.442309e-06	2	0	2	0	0	0
ENSG00000196796	1.884	1	1.097	7.7895875e-08	2	0	2	0	0	0
ENSG00000059122	1.358	28	28.264	2.836445e-06	13	0	13	0	0	0
ENSG00000127564	0.521	5	20.192	1.6186865e-06	3	0	3	0	0	0
ENSG00000174992	0.647	1	7.333	8.0284425e-07	1	1	0	0	0	0
ENSG00000013364	0.726	18	36.777	3.0593875e-06	5	0	5	0	0	0
ENSG00000149932	1.466	7	8.8895	7.729455e-07	1	0	1	0	0	0
ENSG00000149929	0.867	13	23.83	2.2667775e-06	5	0	5	1	0	1
ENSG00000169592	0.969	4	9.441	8.060435e-07	1	0	1	0	0	0
ENSG00000149926	0.614	2	10.254	1.017261e-06	1	0	1	1	0	1
ENSG00000132207	1.16	2	5.3955	4.4955325e-07	5	0	5	0	0	0
ENSG00000103145	1.722	5	5.6067	4.06288e-07	1	0	1	0	0	0
ENSG00000169217	1.037	10	16.351	1.45676425e-06	1	0	1	0	0	0
ENSG00000180096	0.968	15	23.863	1.8517125e-06	1	0	1	0	0	0
ENSG00000179965	1.018	3	7.6096	5.6127575e-07	1	0	1	0	0	0
ENSG00000179958	0.838	1	5.6595	5.2449275e-07	2	0	2	0	0	0
ENSG00000005844	0.412	17	61.964	4.9735775e-06	1	0	1	0	0	0
ENSG00000008516	1.245	22	25.227	2.2922375e-06	3	1	2	2	1	1
ENSG00000169955	1.468	2	4.0977	2.936945e-07	1	0	1	0	0	0
ENSG00000197162	1.941	7	4.379	3.12555e-07	11	0	11	0	0	0
ENSG00000008517	1.958	10	5.5426	6.88894e-07	4	0	4	2	0	2
ENSG00000156873	0.714	9	21.981	2.2543825e-06	2	1	1	0	0	0
ENSG00000103549	0.238	8	60.765	6.6087125e-06	2	0	2	0	0	0
ENSG00000099385	0.723	4	12.668	1.25693675e-06	1	0	1	1	0	1
ENSG00000099364	0.104	0	28.727	3.2654125e-06	1	0	1	1	0	1
ENSG00000175938	1.234	3	6.2502	4.508095e-07	2	0	2	0	0	0
ENSG00000103496	1.158	13	17.853	1.3825785e-06	1	0	1	1	0	1
ENSG00000167394	0.57	5	18.429	1.846185e-06	1	0	1	1	0	1
ENSG00000151006	1.363	25	25.615	1.9535525e-06	11	1	10	2	0	2
ENSG00000178226	1.074	33	41.077	3.6091225e-06	6	0	6	0	0	0
ENSG00000103490	1.895	5	4.0357	2.88033e-07	1	0	1	0	0	0
ENSG00000177238	1.053	9	14.921	1.0708945e-06	3	0	3	2	0	2
ENSG00000085644	1.055	14	20.749	1.75741e-06	1	0	1	0	0	0
ENSG00000156886	0.866	43	64.03	5.5192925e-06	4	0	4	0	0	0
ENSG00000156885	1.582	1	2.6204	1.8671225e-07	8	0	8	0	0	0
ENSG00000140691	0.491	7	26.757	2.49642e-06	1	0	1	0	0	0
ENSG00000140682	0.547	6	21.643	1.9522125e-06	1	0	1	1	0	1
ENSG00000140688	1.39	26	25.953	2.00665e-06	2	0	2	0	0	0
ENSG00000197302	0.892	2	7.0553	4.98011e-07	4	0	4	0	0	0
ENSG00000185947	1.555	3	4.7427	3.3702675e-07	24	0	24	0	0	0
ENSG00000168124	1.931	7	4.6827	3.389865e-07	11	0	11	0	0	0
ENSG00000010539	1.12	10	15.144	1.629976e-06	2	0	2	0	0	0
ENSG00000103313	1.129	25	30.917	2.50044e-06	1	0	1	0	0	0
ENSG00000168158	1.647	7	7.6995	6.87755e-07	2	0	2	0	0	0
ENSG00000140987	1.567	16	15.435	1.415844e-06	9	0	9	0	0	0
ENSG00000215131	1.414	5	7.3566	6.4422175e-07	3	0	3	0	0	0
ENSG00000188827	0.872	45	66.172	6.178405e-06	4	0	4	1	0	1
ENSG00000213918	1.948	25	15.174	1.34396975e-06	10	0	10	0	0	0
ENSG00000126602	1.412	42	38.477	3.4272175e-06	2	0	2	0	0	0
ENSG00000086504	1.469	11	12.348	1.16377325e-06	1	0	1	0	0	0
ENSG00000005339	0.066	3	118.35	1.136856e-05	1	0	1	0	0	0
ENSG00000103202	1.565	5	6.5174	4.66521e-07	3	0	3	0	0	0
ENSG00000242612	1.684	14	12.75	1.29747175e-06	4	0	4	1	0	1
ENSG00000262246	1.017	45	56.74	5.2864675e-06	13	1	12	1	0	1
ENSG00000103423	0.59	8	24.486	2.16276e-06	1	1	0	0	0	0
ENSG00000153406	1.329	9	11.805	1.09941975e-06	5	0	5	0	0	0
ENSG00000103415	0.966	8	14.95	1.342814e-06	6	0	6	0	0	0
ENSG00000205832	1.076	36	44.183	3.78282e-06	9	0	9	1	0	1
ENSG00000069329	0.313	8	46.049	4.3752675e-06	3	1	2	0	0	0
ENSG00000091651	1.393	11	13.045	1.0335085e-06	1	0	1	0	0	0
ENSG00000140795	0.72	16	33.746	2.7833475e-06	6	0	6	0	0	0
ENSG00000102858	0.465	8	31.065	2.680335e-06	1	0	1	0	0	0
ENSG00000168096	0.726	17	35.112	3.0751325e-06	1	1	0	0	0	0
ENSG00000166246	1.517	28	25.283	2.29408e-06	11	0	11	0	0	0
ENSG00000102893	0.834	44	67.815	5.705385e-06	2	2	0	0	0	0
ENSG00000103199	0.949	11	19.192	1.7947625e-06	1	0	1	0	0	0
ENSG00000140623	1.881	24	16.768	1.34319925e-06	12	0	12	0	0	0
ENSG00000140798	1.274	72	68.743	6.0241375e-06	28	0	28	1	0	1
ENSG00000121270	1.232	67	66.656	5.777745e-06	18	0	18	0	0	0
ENSG00000102910	1.349	41	39.421	3.8868375e-06	10	0	10	0	0	0
ENSG00000196470	0.499	2	12.624	1.45770225e-06	1	0	1	0	0	0
ENSG00000118898	1.028	72	85.225	7.4177375e-06	1	0	1	0	0	0
ENSG00000166152	1.177	10	14.412	1.58376275e-06	11	0	11	0	0	0
ENSG00000103184	1.25	34	36.202	3.16441e-06	1	0	1	0	0	0
ENSG00000121274	0.1	0	29.9	2.6054625e-06	1	0	1	0	0	0
ENSG00000121281	0.552	20	52.655	4.195205e-06	5	0	5	0	0	0
ENSG00000103174	1.318	19	21.157	1.5603295e-06	2	0	2	1	0	1
ENSG00000153446	1.702	22	18.25	1.4535985e-06	8	0	8	0	0	0
ENSG00000167207	1.363	44	41.498	3.6476475e-06	9	0	9	0	0	0
ENSG00000033011	1.499	27	24.821	2.1059775e-06	2	0	2	0	0	0
ENSG00000103460	0.181	1	26.259	1.90749e-06	1	0	1	1	0	1
ENSG00000103479	0.268	8	53.95	4.36036e-06	1	0	1	1	0	1
ENSG00000103494	0.978	56	71.546	6.95125e-06	2	0	2	0	0	0
ENSG00000140718	1.846	4	3.8802	2.6640875e-06	1	0	1	0	0	0
ENSG00000177508	0.409	1	11.601	8.299625e-07	1	0	1	0	0	0
ENSG00000159387	1.331	19	20.943	1.77483e-06	1	0	1	0	0	0
ENSG00000087253	0.994	20	29.229	2.7247225e-06	1	0	1	0	0	0
ENSG00000198848	1.456	22	21.57	1.877675e-06	6	0	6	0	0	0
ENSG00000159461	0.63	13	32.807	3.0603925e-06	1	0	1	0	0	0
ENSG00000125124	1.066	31	39.263	4.3876625e-06	6	0	6	0	0	0
ENSG00000102891	1.924	5	3.4943	2.4503575e-07	8	0	8	0	0	0
ENSG00000169715	1.833	2	2.3949	1.717545e-07	2	0	2	0	0	0
ENSG00000205362	1.905	3	2.4302	1.728935e-07	1	0	1	0	0	0
ENSG00000205358	1.86	3	2.9748	2.1270825e-07	7	0	7	0	0	0
ENSG00000070915	1.122	46	52.405	4.501395e-06	1	0	1	1	0	1
ENSG00000087237	1.499	33	29.42	2.777485e-06	1	0	1	0	0	0
ENSG00000102931	1.351	8	10.659	1.053106e-06	1	0	1	0	0	0
ENSG00000005194	0.836	7	15.727	1.38725175e-06	2	1	1	0	0	0
ENSG00000088682	1.011	11	18.015	1.63736275e-06	1	1	0	0	0	0
ENSG00000135736	0.846	10	20.049	1.56744825e-06	3	0	3	0	0	0
ENSG00000159618	0.514	6	23.028	1.64902075e-06	1	1	0	0	0	0
ENSG00000159625	0.891	30	45.68	4.1809675e-06	1	0	1	0	0	0
ENSG00000140854	0.609	15	37.897	3.492375e-06	2	2	0	1	1	0
ENSG00000140859	0.459	13	45.046	4.51312e-06	2	0	2	0	0	0
ENSG00000187185	1.816	0	0.60371	4.2325575e-08	2	0	2	0	0	0
ENSG00000007541	0.904	13	22.868	1.931945e-06	8	0	8	2	0	2
ENSG00000070729	1.153	59	63.553	4.839075e-06	1	0	1	0	0	0
ENSG00000070761	1.008	6	11.748	1.12158e-06	1	0	1	0	0	0
ENSG00000103021	1.427	23	22.829	2.31619e-06	4	0	4	1	0	1
ENSG00000103023	0.86	3	9.0124	7.8046625e-07	3	0	3	0	0	0
ENSG00000181938	1.468	7	8.8754	8.193095e-07	2	0	2	0	0	0
ENSG00000103037	1.633	25	21.293	1.5193255e-06	1	0	1	0	0	0
ENSG00000150394	0.269	3	28.783	2.758725e-06	3	3	0	0	0	0
ENSG00000130731	1.615	8	8.7273	5.2368875e-07	7	0	7	2	0	2
ENSG00000161996	1.297	93	85.185	7.282565e-06	12	0	12	2	0	2
ENSG00000179776	0.404	7	32.557	3.076975e-06	1	0	1	0	0	0
ENSG00000166546	1.245	0	2.2513	8.9104975e-07	1	0	1	0	0	0
ENSG00000217555	1.508	4	5.9073	5.296685e-07	1	0	1	0	0	0
ENSG00000183723	0.867	2	7.2572	6.58409e-07	5	0	5	1	0	1
ENSG00000135720	0.302	3	25.702	2.0708025e-06	1	0	1	1	0	1
ENSG00000159593	0.941	26	38.332	3.614985e-06	3	0	3	1	0	1
ENSG00000166592	0.646	2	9.7407	8.3862225e-07	1	0	1	0	0	0
ENSG00000172831	1.288	25	27.101	2.1582375e-06	16	0	16	0	0	0
ENSG00000172828	1.146	21	26.395	2.2135125e-06	7	0	7	0	0	0
ENSG00000125149	0.308	4	29.671	2.6972525e-06	1	0	1	0	0	0
ENSG00000135722	1.914	11	7.7283	5.605555e-07	3	0	3	1	0	1
ENSG00000102890	0.969	29	40.823	3.58249e-06	2	0	2	0	0	0
ENSG00000135723	0.876	33	50.362	4.3508125e-06	3	1	2	2	0	2
ENSG00000135740	0.691	20	42.056	4.17812e-06	2	0	2	0	0	0
ENSG00000196155	0.766	36	62.035	6.2779e-06	1	0	1	0	0	0
ENSG00000168676	0.884	30	46.042	3.87461e-06	3	0	3	0	0	0
ENSG00000159714	1.168	17	21.833	1.85121e-06	2	0	2	0	0	0
ENSG00000102977	1.233	22	25.473	2.01536e-06	3	0	3	0	0	0
ENSG00000038358	0.36	17	70.811	6.5403725e-06	1	0	1	0	0	0
ENSG00000188038	1.778	6	5.9899	5.6124225e-07	4	0	4	0	0	0
ENSG00000141096	1.276	16	19.041	1.59391325e-06	2	0	2	0	0	0
ENSG00000182810	1.414	13	14.599	1.29107325e-06	2	0	2	0	0	0
ENSG00000167264	0.908	22	34.613	3.58651e-06	1	1	0	0	0	0
ENSG00000103064	0.655	7	20.061	1.44564225e-06	1	0	1	0	0	0
ENSG00000132600	0.987	28	38.888	3.2111425e-06	3	0	3	1	0	1
ENSG00000127580	0.692	17	36.822	2.6141725e-06	4	0	4	0	0	0
ENSG00000141076	0.656	17	38.875	3.9290475e-06	1	1	0	0	0	0
ENSG00000258429	1.904	7	5.2773	3.8543425e-07	2	0	2	0	0	0
ENSG00000103018	0.88	3	8.8073	6.2221225e-07	1	0	1	1	0	1
ENSG00000181019	1.508	14	14.466	1.31921325e-06	1	0	1	0	0	0
ENSG00000141101	1.213	16	20.041	1.71185e-06	1	0	1	0	0	0
ENSG00000157322	1.337	4	6.7911	4.8941825e-07	7	0	7	0	0	0
ENSG00000090857	0.676	21	44.715	4.0657275e-06	9	0	9	0	0	0
ENSG00000157353	1.132	48	53.942	4.7497975e-06	5	0	5	0	0	0
ENSG00000103051	0.713	21	42.428	3.70711e-06	2	0	2	0	0	0
ENSG00000189091	0.178	6	66.397	6.8596275e-06	1	1	0	0	0	0
ENSG00000157368	0.574	2	10.969	9.204125e-07	2	0	2	0	0	0
ENSG00000157423	0.505	72	173.46	1.56627575e-05	1	1	0	0	0	0
ENSG00000180917	1.16	17	21.975	1.805985e-06	6	0	6	1	0	1
ENSG00000167377	1.041	14	21.024	1.6178155e-06	6	1	5	1	0	1
ENSG00000157429	1.226	10	13.83	1.110458e-06	2	0	2	0	0	0
ENSG00000140835	1.648	13	12.349	1.28963275e-06	2	0	2	1	0	1
ENSG00000140832	1.394	13	14.806	1.42232625e-06	1	0	1	0	0	0
ENSG00000166747	0.179	4	51.02	5.5722225e-06	1	1	0	0	0	0
ENSG00000182149	1.027	11	17.725	1.545623e-06	2	0	2	0	0	0
ENSG00000102967	0.778	7	16.91	1.50771775e-06	2	0	2	0	0	0
ENSG00000257017	1.018	10	16.655	1.33586275e-06	2	0	2	0	0	0
ENSG00000140829	0.607	32	70.769	6.770685e-06	1	0	1	1	0	1
ENSG00000118557	1.105	55	62.299	5.3615075e-06	29	0	29	1	0	1
ENSG00000140836	0.136	10	124.8	1.12729175e-05	3	1	2	0	0	0
ENSG00000103245	1.064	17	23.965	2.28738e-06	2	0	2	0	0	0
ENSG00000140839	1.045	12	18.608	1.34182575e-06	8	0	8	0	0	0
ENSG00000090863	0.207	9	76.036	7.4562625e-06	6	0	6	0	0	0
ENSG00000168404	1.494	12	12.957	2.478665e-06	3	0	3	0	0	0
ENSG00000103091	0.723	32	59.449	5.3357125e-06	2	0	2	0	0	0
ENSG00000166816	1.221	22	25.729	2.3361225e-06	3	0	3	0	0	0
ENSG00000168928	1.45	6	8.0823	5.8425675e-07	1	0	1	0	0	0
ENSG00000168925	1.83	8	6.9876	5.034715e-07	1	0	1	1	0	1
ENSG00000183196	1.823	12	9.8817	8.7510375e-07	2	0	2	0	0	0
ENSG00000135702	1.233	7	10.65	1.21335325e-06	5	0	5	0	0	0
ENSG00000205084	1.154	11	15.782	1.75875e-06	2	0	2	0	0	0
ENSG00000065457	1.187	22	26.47	2.455215e-06	2	0	2	0	0	0
ENSG00000152910	0.476	21	63.523	5.0191375e-06	3	0	3	0	0	0
ENSG00000205078	1.733	19	15.78	1.2873715e-06	1	0	1	0	0	0
ENSG00000140873	0.928	56	75.381	8.191755e-06	4	0	4	0	0	0
ENSG00000140876	1.915	8	5.7339	4.118825e-07	28	0	28	0	0	0
ENSG00000007376	1.889	13	9.5629	6.80921e-07	1	0	1	0	0	0
ENSG00000186153	1.61	9	9.5694	1.758415e-06	10	0	10	0	0	0
ENSG00000103152	1.65	17	15.294	2.08772e-06	4	0	4	0	0	0
ENSG00000127588	1.946	5	2.8845	2.047185e-07	3	0	3	0	0	0
ENSG00000103121	1.54	1	2.7599	1.909835e-07	1	0	1	0	0	0
ENSG00000166451	0.75	10	22.624	2.155055e-06	1	1	0	0	0	0
ENSG00000166455	1.627	11	11.006	9.0170275e-07	6	0	6	2	0	2
ENSG00000135697	1.18	20	24.637	1.954055e-06	2	0	2	0	0	0
ENSG00000086696	1.725	14	12.346	1.01352575e-06	10	0	10	0	0	0
ENSG00000135698	1.419	6	8.2814	5.797845e-07	1	0	1	0	0	0
ENSG00000103150	0.837	8	17.25	1.398357e-06	1	0	1	0	0	0
ENSG00000140961	1.788	30	22.346	1.71252e-06	1	0	1	0	0	0
ENSG00000103154	1.39	20	20.905	1.6369775e-06	1	0	1	0	0	0
ENSG00000140943	0.588	24	57.384	5.056825e-06	2	0	2	2	0	2
ENSG00000103168	1.291	33	34.184	3.55904e-06	1	0	1	1	0	1
ENSG00000140955	1.144	21	26.423	2.01e-06	5	0	5	0	0	0
ENSG00000168418	1.893	20	13.981	1.1482125e-06	1	0	1	0	0	0
ENSG00000103175	1.716	15	13.155	1.3603345e-06	5	0	5	0	0	0
ENSG00000064270	1.838	75	49.012	4.072595e-06	14	0	14	1	0	1
ENSG00000140950	1.784	23	17.815	1.415107e-06	13	0	13	0	0	0
ENSG00000103187	1.18	3	6.5466	4.6466175e-07	5	0	5	4	0	4
ENSG00000103194	0.282	5	37.311	3.4362625e-06	4	0	4	0	0	0
ENSG00000153786	0.67	5	15.684	1.8711425e-06	1	0	1	1	0	1
ENSG00000153789	1.43	15	16.136	1.3156455e-06	2	0	2	0	0	0
ENSG00000131149	0.128	2	49.153	4.25986e-06	13	0	13	0	0	0
ENSG00000131153	1.813	11	9.2953	9.6990875e-07	1	0	1	0	0	0
ENSG00000131143	0.68	2	9.2578	9.646325e-07	1	1	0	0	0	0
ENSG00000103227	1.269	25	27.504	2.3947475e-06	4	0	4	0	0	0
ENSG00000260456	1.906	8	5.9304	9.4655925e-07	2	1	1	0	0	0
ENSG00000104731	1.859	39	26.607	1.8902375e-06	8	0	8	0	0	0
ENSG00000225614	0.367	8	39.333	3.5705975e-06	6	0	6	1	0	1
ENSG00000179588	0.474	6	24.967	1.9381425e-06	5	0	5	0	0	0
ENSG00000124391	1.727	6	6.3674	5.2941725e-07	1	0	1	1	0	1
ENSG00000051523	1.626	8	8.6531	6.215255e-07	1	1	0	0	0	0
ENSG00000185669	1.144	4	7.9912	7.1349975e-07	3	0	3	0	0	0
ENSG00000174177	1.507	29	26.23	2.3666075e-06	1	0	1	0	0	0
ENSG00000103335	0.581	55	118.44	9.28553e-06	3	0	3	0	0	0
ENSG00000167513	1.215	17	20.986	1.8239075e-06	1	0	1	0	0	0
ENSG00000129993	0.5	8	28.86	2.76375e-06	1	0	1	1	0	1
ENSG00000176715	1.772	34	25.228	2.241485e-06	2	0	2	0	0	0
ENSG00000129910	1.105	25	31.586	2.5059675e-06	12	0	12	0	0	0
ENSG00000170100	1.944	10	6.1914	7.338175e-07	12	0	12	0	0	0
ENSG00000197912	1.651	48	36.947	3.76875e-06	27	0	27	0	0	0
ENSG00000178773	1.381	35	33.608	2.78921e-06	3	0	3	1	0	1
ENSG00000015413	1.312	16	18.523	1.3323285e-06	2	0	2	0	0	0
ENSG00000167523	1.927	5	3.4462	2.4081475e-07	2	0	2	0	0	0
ENSG00000075399	1.312	30	31.018	2.670955e-06	2	0	2	2	0	2
ENSG00000187741	1.366	96	83.296	7.105685e-06	9	0	9	0	0	0
ENSG00000204991	0.861	19	32.374	2.8376175e-06	4	0	4	0	0	0
ENSG00000141002	0.402	8	35.915	2.8191925e-06	1	1	0	0	0	0
ENSG00000141013	1.188	21	25.446	2.2309325e-06	3	0	3	0	0	0
ENSG00000126856	1.462	2	4.1219	2.3853675e-06	1	0	1	0	0	0
ENSG00000260362	1.968	4	1.1236	1.40416925e-07	2	0	2	0	0	0
ENSG00000006788	0.875	73	101.39	8.6079925e-06	20	0	20	1	0	1
ENSG00000264424	1.041	92	105.06	9.7737925e-06	13	0	13	0	0	0
ENSG00000109061	1.081	91	100.18	8.8367975e-06	26	1	25	0	0	0
ENSG00000125414	0.686	53	97.119	8.8324425e-06	6	0	6	0	0	0
ENSG00000133028	0.991	8	14.563	1.18765875e-06	2	0	2	0	0	0
ENSG00000170222	1.107	7	11.872	9.8920475e-07	1	0	1	0	0	0
ENSG00000233670	1.085	0	2.6807	1.8919125e-07	1	0	1	0	0	0
ENSG00000188803	0.296	1	16.009	1.665017e-06	1	1	0	0	0	0
ENSG00000007174	0.722	130	208.35	1.77684e-05	9	0	9	0	0	0
ENSG00000154957	0.766	11	23.772	1.691415e-06	2	0	2	0	0	0
ENSG00000205899	1.885	0	0.14433	1.003392e-08	25	0	25	0	0	0
ENSG00000223510	1.889	8	6.2239	7.536495e-07	4	0	4	0	0	0
ENSG00000125409	1.46	25	23.907	2.574475e-06	16	0	16	0	0	0
ENSG00000175106	1.428	8	10.059	8.2575825e-07	1	0	1	0	0	0
ENSG00000251537	1.144	42	47.478	4.3407625e-06	1	1	0	0	0	0
ENSG00000241322	1.149	9	13.67	8.2168e-07	5	0	5	0	0	0
ENSG00000221926	1.129	16	21.531	1.678015e-06	6	0	6	0	0	0
ENSG00000167703	0.574	9	27.36	2.25254e-06	1	1	0	0	0	0
ENSG00000170425	1.485	8	9.6405	9.789705e-07	2	0	2	0	0	0
ENSG00000214941	1.207	6	9.8011	9.6669275e-07	6	0	6	0	0	0
ENSG00000011295	1.116	15	20.687	1.6360395e-06	8	0	8	0	0	0
ENSG00000141027	0.175	15	131.99	1.3062655e-05	2	1	1	0	0	0
ENSG00000074660	0.726	16	33.462	3.3072875e-06	11	0	11	2	0	2
ENSG00000166582	0.736	2	8.5543	6.05077e-07	22	0	22	0	0	0
ENSG00000197566	0.488	9	32.159	2.741975e-06	4	0	4	0	0	0
ENSG00000170160	1.197	14	18.278	4.10509e-06	5	0	5	0	0	0
ENSG00000240505	1.958	18	10.428	8.95321e-07	9	0	9	0	0	0
ENSG00000185561	1.696	8	8.1501	5.8797525e-07	13	0	13	0	0	0
ENSG00000179598	1.758	4	4.561	3.95903e-07	3	0	3	2	0	2
ENSG00000205309	1.855	11	8.7853	6.361985e-07	17	0	17	0	0	0
ENSG00000133027	0.666	3	11.639	9.967925e-07	1	0	1	0	0	0
ENSG00000072310	0.406	10	41.74	3.60929e-06	3	3	0	0	0	0
ENSG00000186532	1.076	26	33.538	2.6801675e-06	2	0	2	0	0	0
ENSG00000141034	0.379	1	12.516	8.859745e-07	1	0	1	0	0	0
ENSG00000131899	0.53	17	48.142	4.1411025e-06	1	1	0	1	1	0
ENSG00000177731	0.607	31	68.934	5.8934875e-06	1	0	1	0	0	0
ENSG00000176974	1.362	22	23.06	2.4516975e-06	12	0	12	0	0	0
ENSG00000171916	1.506	13	13.67	9.7490025e-07	22	0	22	0	0	0
ENSG00000189375	1.811	11	9.3232	6.5899525e-07	5	0	5	0	0	0
ENSG00000171931	1.152	44	49.088	5.091665e-06	3	0	3	0	0	0
ENSG00000154025	1.039	24	32.48	2.85755e-06	18	1	17	0	0	0
ENSG00000142494	1.166	24	28.942	2.2208825e-06	1	0	1	0	0	0
ENSG00000072210	0.808	11	22.529	1.850875e-06	2	0	2	0	0	0
ENSG00000108602	1.533	24	21.993	1.7133575e-06	8	0	8	0	0	0
ENSG00000128487	0.493	14	44.435	3.8134725e-06	3	1	2	1	0	1
ENSG00000108963	1.372	25	25.445	2.2249025e-06	3	0	3	1	0	1
ENSG00000170298	1.165	8	12.382	8.8424925e-07	6	0	6	0	0	0
ENSG00000214819	1.816	4	4.1479	5.68093e-07	5	0	5	0	0	0
ENSG00000034152	0.65	5	16.184	1.43733425e-06	1	0	1	0	0	0
ENSG00000181031	1.465	16	16.566	2.0356275e-06	3	0	3	0	0	0
ENSG00000132361	0.284	10	59.662	5.31846e-06	2	1	1	0	0	0
ENSG00000168961	1.075	11	16.942	1.603444e-06	3	0	3	0	0	0
ENSG00000232859	1.621	3	4.4428	4.4332225e-07	1	1	0	0	0	0
ENSG00000087095	0.113	0	26.497	2.72489e-06	1	0	1	0	0	0
ENSG00000109072	1.06	19	26.308	2.6198675e-06	14	0	14	0	0	0
ENSG00000007216	1.06	20	27.424	2.47096e-06	2	0	2	0	0	0
ENSG00000109107	0.601	5	17.488	1.71721e-06	1	0	1	1	0	1
ENSG00000076382	0.72	35	64.419	5.4137675e-06	1	0	1	1	0	1
ENSG00000167524	1.039	18	25.687	2.4084825e-06	9	0	9	0	0	0
ENSG00000007202	0.414	34	109.31	1.1081465e-05	1	0	1	1	0	1
ENSG00000109111	0.087	4	105.73	1.0511295e-05	4	3	1	3	2	1
ENSG00000167525	1.459	12	13.29	1.22869625e-06	2	0	2	0	0	0
ENSG00000173065	0.544	4	16.821	1.9451775e-06	1	0	1	0	0	0
ENSG00000132591	1.024	17	24.899	2.2486875e-06	2	0	2	0	0	0
ENSG00000132589	0.676	12	28.76	2.04283e-06	15	0	15	0	0	0
ENSG00000167536	0.954	4	9.5988	8.252725e-07	8	0	8	0	0	0
ENSG00000179761	1.263	19	22.081	2.10782e-06	1	1	0	0	0	0
ENSG00000108255	1.002	9	15.672	1.4595615e-06	1	0	1	0	0	0
ENSG00000168792	1.489	12	13.002	1.197156e-06	3	0	3	0	0	0
ENSG00000126653	0.576	8	25.055	2.092745e-06	1	0	1	0	0	0
ENSG00000108578	0.482	7	27.304	2.4764875e-06	3	0	3	0	0	0
ENSG00000182271	1.459	11	12.433	1.027177e-06	2	0	2	0	0	0
ENSG00000176390	0.673	10	25.215	2.60764e-06	1	0	1	1	0	1
ENSG00000176208	0.208	9	75.407	6.5289825e-06	1	0	1	1	0	1
ENSG00000181481	1.088	3	7.1179	1.096321e-06	1	0	1	0	0	0
ENSG00000183024	1.82	5	4.8856	3.4298975e-07	5	0	5	0	0	0
ENSG00000185862	0.761	4	12.025	8.75288e-07	3	0	3	2	0	2
ENSG00000126860	1.344	5	7.7793	6.71742e-07	2	0	2	1	0	1
ENSG00000178691	0.134	1	35.445	3.17178e-06	3	0	3	0	0	0
ENSG00000010244	0.473	6	25.034	2.332605e-06	1	1	0	0	0	0
ENSG00000108671	0.159	1	29.84	3.0098075e-06	1	1	0	0	0	0
ENSG00000180090	1.416	3	5.3597	6.1018575e-07	13	0	13	0	0	0
ENSG00000141316	1.388	7	9.4302	6.69129e-07	2	0	2	0	0	0
ENSG00000180016	1.481	5	6.9785	6.83936e-07	8	0	8	0	0	0
ENSG00000172156	1.751	3	3.7756	4.1116225e-07	1	0	1	0	0	0
ENSG00000108700	1.748	2	2.9194	2.065945e-07	2	0	2	0	0	0
ENSG00000127780	1.431	5	7.2587	6.9551025e-07	18	0	18	0	0	0
ENSG00000181291	0.644	13	32.105	2.7625775e-06	3	0	3	3	0	3
ENSG00000108381	1.099	7	11.96	8.443005e-07	2	0	2	0	0	0
ENSG00000132141	1.123	19	24.816	1.9043075e-06	9	0	9	0	0	0
ENSG00000005156	0.702	25	49.759	5.08731e-06	6	1	5	1	0	1
ENSG00000185379	1.29	9	12.165	2.05556e-06	3	0	3	0	0	0
ENSG00000141161	0.909	30	44.761	4.299725e-06	7	0	7	0	0	0
ENSG00000167723	1.146	33	38.509	3.3826625e-06	10	0	10	1	0	1
ENSG00000166750	1.359	19	20.507	1.60867e-06	21	0	21	0	0	0
ENSG00000172716	1.562	26	23.066	1.8815275e-06	17	0	17	0	0	0
ENSG00000172123	1.346	11	13.515	1.26782425e-06	5	0	5	0	0	0
ENSG00000154760	1.54	23	21.131	1.6375805e-06	3	0	3	0	0	0
ENSG00000205045	1.628	15	14.041	1.264625e-06	5	0	5	0	0	0
ENSG00000236320	0.918	18	29.065	2.543655e-06	14	0	14	0	0	0
ENSG00000197417	1.307	20	22.23	2.3411475e-06	18	0	18	1	0	1
ENSG00000040531	0.867	9	18.119	1.47086775e-06	1	0	1	0	0	0
ENSG00000083454	1.267	21	23.875	1.970135e-06	16	0	16	1	0	1
ENSG00000083457	0.884	40	58.91	4.475265e-06	5	0	5	0	0	0
ENSG00000004660	0.634	11	28.7	2.2041325e-06	2	1	1	0	0	0
ENSG00000204952	0.558	7	23.571	1.919215e-06	1	0	1	0	0	0
ENSG00000108405	1.206	18	22.127	1.91151e-06	3	0	3	0	0	0
ENSG00000108306	0.257	3	30.22	3.0322525e-06	1	1	0	0	0	0
ENSG00000167258	0.126	3	61.594	5.979415e-06	1	1	0	0	0	0
ENSG00000141744	1.08	5	9.7293	8.3952675e-07	1	0	1	0	0	0
ENSG00000141738	0.773	15	29.891	2.77313e-06	5	0	5	0	0	0
ENSG00000073605	1.046	12	18.591	1.63910475e-06	1	0	1	0	0	0
ENSG00000204913	1.307	3	5.8733	5.006575e-07	2	0	2	2	0	2
ENSG00000167914	1.432	24	23.559	2.4309275e-06	1	0	1	1	0	1
ENSG00000008838	0.692	25	50.44	4.2791225e-06	1	0	1	0	0	0
ENSG00000126368	0.394	4	23.206	2.1887225e-06	1	0	1	0	0	0
ENSG00000108352	0.461	6	25.698	2.2098275e-06	6	0	6	0	0	0
ENSG00000094804	1.005	18	26.568	2.3488525e-06	3	0	3	0	0	0
ENSG00000074755	0.291	33	151.39	1.31716975e-05	1	1	0	0	0	0
ENSG00000131747	0.288	15	80.219	7.322095e-06	1	0	1	1	0	1
ENSG00000141753	0.98	4	9.3355	7.8220825e-07	2	0	2	0	0	0
ENSG00000131746	0.751	16	32.38	3.2627325e-06	2	0	2	0	0	0
ENSG00000167916	1.445	24	23.349	2.116865e-06	3	0	3	0	0	0
ENSG00000186393	1.402	22	22.409	1.9592475e-06	16	0	16	0	0	0
ENSG00000171446	1.092	15	21.146	1.8249125e-06	1	0	1	0	0	0
ENSG00000186395	0.622	9	25.25	2.212005e-06	1	0	1	0	0	0
ENSG00000171431	1.296	17	19.678	1.64985825e-06	3	0	3	1	0	1
ENSG00000108244	1.337	20	21.731	1.9485275e-06	12	0	12	0	0	0
ENSG00000196859	1.221	21	24.776	2.1970975e-06	2	0	2	0	0	0
ENSG00000204889	1.251	16	19.42	1.6785175e-06	9	0	9	0	0	0
ENSG00000212900	1.397	0	1.8839	1.3293805e-07	1	0	1	1	0	1
ENSG00000221852	1.596	4	5.468	4.020335e-07	1	0	1	0	0	0
ENSG00000187624	1.969	6	2.3139	1.684045e-07	12	0	12	1	0	1
ENSG00000212725	1.915	3	2.2642	1.6383175e-07	14	0	14	0	0	0
ENSG00000212724	1.844	3	3.1194	2.24182e-07	13	0	13	0	0	0
ENSG00000240871	1.912	5	3.7496	2.6979225e-07	33	0	33	0	0	0
ENSG00000204880	1.397	3	5.4472	3.8592e-07	1	0	1	0	0	0
ENSG00000212722	1.933	5	3.2879	2.305135e-07	8	0	8	0	0	0
ENSG00000212721	1.749	7	6.98	6.79447e-07	3	0	3	0	0	0
ENSG00000198090	1.813	5	4.9387	3.712805e-07	2	0	2	1	0	1
ENSG00000198271	1.689	1	2.233	1.598151e-07	3	0	3	0	0	0
ENSG00000171396	1.854	0	0.37953	2.6063e-08	1	0	1	0	0	0
ENSG00000239886	1.863	0	0.31753	2.1816875e-08	1	0	1	0	0	0
ENSG00000198083	1.891	0	0.086694	5.62264e-09	1	0	1	0	0	0
ENSG00000212659	1.896	0	0.036333	2.2713e-09	6	0	6	0	0	0
ENSG00000212658	1.765	12	10.509	8.2477e-07	11	0	11	0	0	0
ENSG00000212657	1.125	10	15.073	1.3542375e-06	1	0	1	0	0	0
ENSG00000186860	1.049	0	2.787	1.977505e-07	1	0	1	1	0	1
ENSG00000006059	1.689	23	19.116	1.517885e-06	4	0	4	0	0	0
ENSG00000131738	1.662	23	19.476	1.545087e-06	13	1	12	1	0	1
ENSG00000131737	1.102	14	19.859	1.57880475e-06	1	0	1	0	0	0
ENSG00000171360	1.229	15	18.787	1.48631125e-06	16	0	16	0	0	0
ENSG00000108759	1.796	24	18.303	1.407804e-06	3	0	3	0	0	0
ENSG00000197079	0.934	11	19.496	1.58188675e-06	1	0	1	0	0	0
ENSG00000126337	1.396	20	20.811	1.64577125e-06	11	0	11	0	0	0
ENSG00000171401	0.838	8	17.221	1.2647925e-06	3	0	3	0	0	0
ENSG00000171346	1.526	23	21.33	2.1384725e-06	4	0	4	0	0	0
ENSG00000186847	0.846	9	18.559	1.38095375e-06	11	0	11	0	0	0
ENSG00000186832	1.614	20	17.91	1.34356775e-06	10	0	10	0	0	0
ENSG00000128422	1.339	18	19.932	1.78019e-06	6	0	6	0	0	0
ENSG00000173805	1.662	40	31.273	2.034455e-06	9	0	9	0	0	0
ENSG00000141756	0.85	13	24.309	2.3317675e-06	3	0	3	0	0	0
ENSG00000131473	0.377	15	61.287	5.919785e-06	2	0	2	0	0	0
ENSG00000108771	1.102	23	29.569	2.2838625e-06	10	0	10	0	0	0
ENSG00000089558	0.215	4	42.554	3.8426175e-06	1	1	0	0	0	0
ENSG00000167925	0.995	17	25.625	2.64516e-06	23	0	23	1	0	1
ENSG00000108784	0.903	17	28.233	3.0124875e-06	6	0	6	0	0	0
ENSG00000037042	0.803	12	24.217	2.161085e-06	2	0	2	0	0	0
ENSG00000108797	0.422	24	79.899	8.8270825e-06	2	0	2	0	0	0
ENSG00000108799	0.45	13	45.954	4.4281975e-06	1	1	0	0	0	0
ENSG00000131475	0.727	4	12.599	9.210155e-07	1	0	1	0	0	0
ENSG00000126562	1.049	43	52.868	5.0817825e-06	3	0	3	0	0	0
ENSG00000131480	1.255	24	26.891	3.0027725e-06	28	1	27	2	0	2
ENSG00000131471	1.032	20	28.15	3.049505e-06	1	0	1	0	0	0
ENSG00000131482	1.01	10	16.79	1.39753625e-06	3	0	3	0	0	0
ENSG00000108825	0.931	18	28.657	2.41937e-06	2	0	2	0	0	0
ENSG00000198863	0.698	8	20.676	1.7605925e-06	1	0	1	0	0	0
ENSG00000108828	0.837	6	14.151	1.01121425e-06	2	0	2	0	0	0
ENSG00000067596	0.495	23	65.789	6.8485725e-06	1	0	1	0	0	0
ENSG00000005102	1.268	7	10.358	1.123724e-06	1	0	1	1	0	1
ENSG00000161649	1.039	5	10.115	9.5051225e-07	3	0	3	0	0	0
ENSG00000108849	1.704	3	4.037	2.8607325e-07	1	0	1	1	0	1
ENSG00000161653	1.141	14	19.187	1.3999315e-06	2	0	2	1	0	1
ENSG00000091947	1.049	6	11.285	8.09226e-07	1	0	1	0	0	0
ENSG00000161664	1.587	23	20.471	2.2895575e-06	1	0	1	0	0	0
ENSG00000004939	0.349	8	41.381	3.579475e-06	1	0	1	1	0	1
ENSG00000030582	0.483	8	29.896	2.6238875e-06	1	0	1	0	0	0
ENSG00000005961	0.756	36	62.904	5.5862925e-06	5	0	5	4	0	4
ENSG00000180329	0.951	8	15.185	1.846185e-06	4	0	4	0	0	0
ENSG00000161692	1.171	19	23.801	1.858245e-06	2	0	2	1	0	1
ENSG00000181513	1.102	15	20.954	2.0570675e-06	4	1	3	0	0	0
ENSG00000168517	0.931	4	9.8353	1.10799575e-06	5	0	5	1	0	1
ENSG00000184361	1.491	14	14.634	1.20993625e-06	1	0	1	0	0	0
ENSG00000132382	1.202	60	61.869	5.3802675e-06	26	0	26	2	0	2
ENSG00000186868	0.596	9	26.333	2.2774975e-06	2	0	2	0	0	0
ENSG00000120071	0.238	6	49.835	5.47323e-06	1	0	1	0	0	0
ENSG00000176681	1.044	7	12.599	9.6541975e-07	11	0	11	0	0	0
ENSG00000161905	1.338	35	34.684	2.9766425e-06	5	0	5	1	0	1
ENSG00000108433	1.347	11	13.506	1.391456e-06	3	0	3	0	0	0
ENSG00000178852	1.366	46	43.049	3.2881925e-06	8	0	8	1	0	1
ENSG00000141497	0.857	21	35.286	3.9262e-06	6	0	6	1	0	1
ENSG00000141279	0.062	0	47.965	4.1035825e-06	1	0	1	0	0	0
ENSG00000129219	1.065	46	55.208	5.012605e-06	7	0	7	0	0	0
ENSG00000120094	0.718	4	12.748	1.35874325e-06	1	0	1	0	0	0
ENSG00000173917	1.33	7	9.8613	7.0311475e-07	1	0	1	1	0	1
ENSG00000108511	1.258	6	9.4001	6.94589e-07	1	0	1	1	0	1
ENSG00000159202	0.358	1	13.243	1.09824725e-06	1	0	1	1	0	1
ENSG00000159224	0.806	2	7.8062	6.2913e-07	1	0	1	0	0	0
ENSG00000167080	1.469	25	23.764	1.9461825e-06	3	0	3	1	0	1
ENSG00000121104	0.861	10	19.702	2.2614175e-06	1	0	1	1	0	1
ENSG00000108813	1.067	4	8.5714	6.124805e-07	2	0	2	0	0	0
ENSG00000129250	0.341	12	56.957	5.4104175e-06	1	0	1	1	0	1
ENSG00000005884	0.534	22	58.851	5.3986925e-06	2	0	2	0	0	0
ENSG00000005882	0.959	11	18.976	1.9321125e-06	3	0	3	2	0	2
ENSG00000108821	0.105	4	86.767	8.5687975e-06	1	1	0	1	1	0
ENSG00000132517	1.506	9	10.347	7.44504e-07	5	0	5	0	0	0
ENSG00000136444	0.979	12	19.865	1.59153475e-06	3	0	3	0	0	0
ENSG00000136449	0.639	22	49.163	4.410275e-06	1	0	1	0	0	0
ENSG00000049283	1.377	25	25.359	2.252205e-06	14	0	14	0	0	0
ENSG00000006282	0.698	22	44.984	4.094705e-06	2	0	2	0	0	0
ENSG00000006283	0.115	5	91.61	8.650705e-06	5	0	5	0	0	0
ENSG00000108846	0.896	52	73.086	5.9996825e-06	10	0	10	1	0	1
ENSG00000008294	0.142	5	73.985	6.586435e-06	7	1	6	1	1	0
ENSG00000239672	1.207	5	8.6984	7.6338125e-07	8	0	8	0	0	0
ENSG00000011052	1.218	7	10.784	1.43475475e-06	6	0	6	6	0	6
ENSG00000011260	0.627	9	25.04	1.773825e-06	1	0	1	0	0	0
ENSG00000129204	0.974	63	79.757	7.624935e-06	3	0	3	0	0	0
ENSG00000180626	1.783	6	5.9514	4.1189925e-07	19	0	19	0	0	0
ENSG00000108559	0.692	19	40.264	3.7319e-06	2	2	0	0	0	0
ENSG00000005100	0.678	14	32.259	2.9843475e-06	1	1	0	0	0	0
ENSG00000141198	1.08	17	23.62	2.32423e-06	1	0	1	1	0	1
ENSG00000108960	1.079	8	13.381	1.06528325e-06	2	0	2	0	0	0
ENSG00000091592	0.778	35	59.651	5.0693875e-06	3	0	3	0	0	0
ENSG00000141179	1.675	16	14.296	1.32852625e-06	5	0	5	0	0	0
ENSG00000153930	0.751	23	43.375	3.63408e-06	1	0	1	1	0	1
ENSG00000214226	1.897	7	5.409	5.2526325e-07	10	0	10	0	0	0
ENSG00000121060	0.591	9	26.563	2.040485e-06	1	0	1	0	0	0
ENSG00000121058	0.592	8	24.383	2.10849e-06	4	0	4	0	0	0
ENSG00000121064	1.149	23	28.368	2.32959e-06	5	0	5	1	0	1
ENSG00000166329	0.754	0	3.9621	2.8379525e-07	1	0	1	0	0	0
ENSG00000180891	1.091	14	20.065	1.8922475e-06	4	0	4	0	0	0
ENSG00000141194	1.654	6	6.8465	6.3449e-07	2	0	2	0	0	0
ENSG00000255713	1.601	5	6.3143	6.103365e-07	3	0	3	0	0	0
ENSG00000121053	1.226	32	35.062	4.174435e-06	27	0	27	0	0	0
ENSG00000011143	1.114	28	34.452	3.81431e-06	2	0	2	1	0	1
ENSG00000167419	1.15	28	33.393	2.98552e-06	1	0	1	0	0	0
ENSG00000005381	1.145	25	30.491	2.7135e-06	4	0	4	0	0	0
ENSG00000005379	0.361	22	87.07	8.6900675e-06	3	0	3	1	0	1
ENSG00000213246	1.212	6	9.7567	1.08940325e-06	4	2	2	0	0	0
ENSG00000108389	0.25	8	57.701	5.2616775e-06	2	1	1	0	0	0
ENSG00000121101	0.954	65	83.791	7.275865e-06	19	0	19	1	0	1
ENSG00000108384	1.491	20	19.475	1.7810275e-06	3	0	3	0	0	0
ENSG00000175175	0.293	3	26.48	1.889735e-06	1	0	1	0	0	0
ENSG00000108395	0.642	29	61.618	6.1541175e-06	1	0	1	1	0	1
ENSG00000182628	1.896	9	6.7876	5.897005e-07	1	0	1	1	0	1
ENSG00000068489	0.953	13	21.692	2.11854e-06	1	1	0	0	0	0
ENSG00000167447	0.471	12	41.311	4.638745e-06	1	1	0	0	0	0
ENSG00000153982	0.689	8	20.944	1.9605875e-06	1	0	1	1	0	1
ENSG00000175155	0.316	0	9.4556	1.14303675e-06	1	1	0	0	0	0
ENSG00000108406	0.362	8	39.843	3.8181625e-06	1	1	0	0	0	0
ENSG00000108443	0.317	5	33.167	3.22471e-06	1	0	1	1	0	1
ENSG00000068097	0.909	41	58.535	5.24275e-06	5	0	5	0	0	0
ENSG00000170832	0.224	13	92.338	9.2578925e-06	1	1	0	0	0	0
ENSG00000141371	1.838	16	12.385	1.16615175e-06	5	0	5	0	0	0
ENSG00000179314	0.679	12	28.628	3.0124875e-06	2	0	2	0	0	0
ENSG00000141376	0.467	18	57.158	5.9996825e-06	3	0	3	0	0	0
ENSG00000121075	0.445	5	23.649	2.45488e-06	3	0	3	0	0	0
ENSG00000136492	0.786	36	60.515	5.23806e-06	3	0	3	0	0	0
ENSG00000172421	1.1	15	20.991	2.3501925e-06	3	0	3	0	0	0
ENSG00000087995	1.352	20	21.488	1.9217275e-06	16	0	16	0	0	0
ENSG00000146872	0.138	3	56.19	5.8867875e-06	7	0	7	0	0	0
ENSG00000011028	0.319	19	87.279	7.15225e-06	2	0	2	1	0	1
ENSG00000173838	1.393	35	33.322	2.71886e-06	12	0	12	0	0	0
ENSG00000173826	1.397	42	38.899	3.4593775e-06	6	0	6	0	0	0
ENSG00000198231	0.153	2	41.2	4.9464425e-06	1	1	0	0	0	0
ENSG00000213218	1.486	3	5.0481	6.538195e-07	3	0	3	0	0	0
ENSG00000136488	1.76	7	6.898	5.68562e-07	4	0	4	0	0	0
ENSG00000204414	1.944	13	8.0986	9.309315e-07	4	0	4	0	0	0
ENSG00000007314	0.378	19	73.739	5.9762325e-06	7	0	7	7	0	7
ENSG00000129221	1.146	8	12.594	1.42028275e-06	4	0	4	0	0	0
ENSG00000176809	0.848	21	35.655	2.8396275e-06	4	0	4	0	0	0
ENSG00000154240	1.127	62	67.947	6.3219525e-06	8	0	8	1	0	1
ENSG00000198920	1.105	47	54.255	5.3310225e-06	4	0	4	1	0	1
ENSG00000091583	1.66	21	18.077	1.7441775e-06	9	0	9	1	0	1
ENSG00000108590	1.276	6	9.2595	9.09458e-07	11	0	11	0	0	0
ENSG00000177294	0.995	9	15.79	1.27154275e-06	3	0	3	0	0	0
ENSG00000186665	1.833	2	2.3893	1.950705e-07	2	0	2	0	0	0
ENSG00000196704	1.604	13	12.753	1.30959875e-06	8	0	8	0	0	0
ENSG00000108932	0.836	7	15.731	1.2818105e-06	2	0	2	0	0	0
ENSG00000167858	1.085	12	17.925	1.5181195e-06	1	0	1	1	0	1
ENSG00000141337	1.147	17	22.226	1.57880475e-06	4	0	4	0	0	0
ENSG00000108946	0.119	0	25.126	2.742645e-06	1	0	1	0	0	0
ENSG00000141338	1.186	80	81.259	6.587105e-06	9	1	8	0	0	0
ENSG00000154258	1.07	78	88.007	7.65676e-06	25	0	25	3	0	3
ENSG00000154262	0.864	54	78.406	5.9825975e-06	10	0	10	1	0	1
ENSG00000154263	0.968	61	78.03	6.1306675e-06	29	0	29	1	0	1
ENSG00000154265	0.838	55	82.206	6.8036825e-06	5	0	5	3	0	3
ENSG00000108839	1.039	28	36.948	3.32521e-06	4	0	4	0	0	0
ENSG00000153822	1.674	16	14.31	1.7270925e-06	2	1	1	0	0	0
ENSG00000123700	0.615	3	12.609	1.485055e-06	1	0	1	1	0	1
ENSG00000132514	1.136	10	14.926	1.21248225e-06	8	0	8	0	0	0
ENSG00000161944	1.448	13	14.244	1.02025925e-06	1	0	1	0	0	0
ENSG00000141505	1.737	20	16.418	1.17894875e-06	1	0	1	0	0	0
ENSG00000004975	0.657	14	33.317	3.084345e-06	1	0	1	0	0	0
ENSG00000166685	0.649	20	44.754	4.186495e-06	1	0	1	1	0	1
ENSG00000141219	1.034	12	18.803	1.934625e-06	8	0	8	0	0	0
ENSG00000187959	1.066	6	11.107	1.077829e-06	6	0	6	0	0	0
ENSG00000072818	0.423	11	43.038	3.8014125e-06	3	0	3	0	0	0
ENSG00000169992	0.126	0	23.633	1.7106775e-06	20	0	20	0	0	0
ENSG00000184560	1.366	18	19.528	1.8661175e-06	1	0	1	0	0	0
ENSG00000204347	0.783	5	13.425	9.7446475e-07	3	0	3	2	0	2
ENSG00000257008	1.529	15	15.055	1.37891025e-06	4	0	4	1	0	1
ENSG00000161958	1.271	7	10.326	8.840985e-07	1	0	1	0	0	0
ENSG00000178789	1.702	10	9.6213	1.084797e-06	1	0	1	0	0	0
ENSG00000167850	1.571	8	9.0312	9.3372875e-07	4	0	4	0	0	0
ENSG00000174282	0.113	0	26.342	2.6051275e-06	1	0	1	0	0	0
ENSG00000109062	1.157	8	12.479	9.08855e-07	15	0	15	0	0	0
ENSG00000161509	0.715	17	35.649	2.70546e-06	1	1	0	0	0	0
ENSG00000161513	0.836	14	26.166	2.3860375e-06	1	0	1	0	0	0
ENSG00000182938	1.151	19	24.226	2.2406475e-06	11	0	11	0	0	0
ENSG00000109089	0.832	7	15.807	1.13523125e-06	1	0	1	1	0	1
ENSG00000167863	1.387	6	8.487	5.9752275e-07	1	0	1	0	0	0
ENSG00000125445	1.123	6	10.542	7.5919375e-07	1	0	1	0	0	0
ENSG00000125454	0.524	2	12.024	8.6944225e-07	3	2	1	0	0	0
ENSG00000177728	0.641	35	72.394	6.380075e-06	4	1	3	2	0	2
ENSG00000073350	0.709	27	52.51	4.398215e-06	7	2	5	3	1	2
ENSG00000108469	0.977	34	46.316	3.9424475e-06	5	0	5	0	0	0
ENSG00000132470	0.648	45	89.022	7.74118e-06	1	0	1	0	0	0
ENSG00000092929	0.773	40	67.343	5.9715425e-06	3	0	3	0	0	0
ENSG00000132481	0.79	9	19.882	1.73329e-06	4	1	3	0	0	0
ENSG00000141569	1.843	27	19.445	1.51314475e-06	5	0	5	1	0	1
ENSG00000129194	0.896	2	7.0257	5.097695e-07	1	0	1	0	0	0
ENSG00000161533	0.462	9	33.976	3.184175e-06	1	1	0	0	0	0
ENSG00000167880	0.749	54	90.396	7.7125375e-06	16	0	16	1	0	1
ENSG00000129245	0.185	3	41.983	4.8033975e-06	1	1	0	0	0	0
ENSG00000129646	0.933	54	72.61	6.6117275e-06	7	0	7	0	0	0
ENSG00000161542	1.303	8	11.063	1.057796e-06	5	0	5	0	0	0
ENSG00000129214	1.246	9	12.595	1.7297725e-06	5	0	5	0	0	0
ENSG00000129667	0.506	13	40.875	3.35402e-06	2	0	2	1	0	1
ENSG00000070526	1.125	20	25.834	2.1471825e-06	2	0	2	0	0	0
ENSG00000092931	0.856	12	22.702	1.7448475e-06	1	0	1	0	0	0
ENSG00000167889	0.494	12	39.392	3.17312e-06	1	0	1	0	0	0
ENSG00000108947	0.607	3	12.782	1.2989625e-06	1	0	1	1	0	1
ENSG00000183914	0.563	115	238.43	2.2138475e-05	8	0	8	0	0	0
ENSG00000167699	1.606	18	16.526	1.2874385e-06	1	0	1	0	0	0
ENSG00000141524	0.85	12	22.864	3.3310725e-06	1	0	1	1	0	1
ENSG00000167895	1.124	25	31.053	2.455885e-06	9	0	9	0	0	0
ENSG00000183077	1.099	16	22.109	2.0078225e-06	1	0	1	0	0	0
ENSG00000089685	1.043	3	7.429	5.909735e-07	1	0	1	0	0	0
ENSG00000187775	0.75	134	206.33	1.74602e-05	15	1	14	3	0	3
ENSG00000132510	0.14	4	65.219	6.7279725e-06	1	1	0	0	0	0
ENSG00000055483	0.505	17	50.537	4.648125e-06	3	0	3	1	0	1
ENSG00000170004	0.157	11	116.05	1.16926725e-05	1	1	0	0	0	0
ENSG00000108679	1.426	11	12.737	1.05268725e-06	3	0	3	1	0	1
ENSG00000171302	1.309	10	12.952	1.05995675e-06	2	0	2	0	0	0
ENSG00000173918	0.782	2	8.0454	1.002588e-06	1	0	1	0	0	0
ENSG00000173894	0.661	0	4.5266	1.43716675e-06	4	0	4	0	0	0
ENSG00000167291	0.771	16	31.537	2.4939075e-06	1	0	1	1	0	1
ENSG00000171298	0.981	34	46.15	3.9591975e-06	4	0	4	0	0	0
ENSG00000132518	0.748	22	41.981	3.7494875e-06	11	0	11	0	0	0
ENSG00000141527	0.995	36	47.791	4.05953e-06	5	0	5	2	0	2
ENSG00000181523	0.804	10	21.091	1.6838775e-06	2	0	2	0	0	0
ENSG00000181045	1.407	28	27.273	1.9502025e-06	7	0	7	0	0	0
ENSG00000173821	0.746	26	48.334	1.96176e-05	13	1	12	0	0	0
ENSG00000179593	1.127	26	32.007	2.926225e-06	8	0	8	0	0	0
ENSG00000173818	1.594	13	12.84	1.65019325e-06	11	0	11	1	0	1
ENSG00000141564	0.101	3	76.841	6.7976525e-06	5	1	4	4	0	4
ENSG00000175866	0.429	6	27.595	1.9642725e-06	2	0	2	0	0	0
ENSG00000179148	1.055	35	44.004	3.932565e-06	7	0	7	0	0	0
ENSG00000141577	0.778	34	58.154	4.9407475e-06	3	0	3	0	0	0
ENSG00000167302	1.281	14	17.082	1.382947e-06	1	0	1	0	0	0
ENSG00000157637	0.863	21	35.032	2.9354375e-06	1	0	1	0	0	0
ENSG00000186765	1.479	19	18.83	1.83379e-06	16	0	16	2	0	2
ENSG00000183048	1.159	12	16.775	1.344757e-06	1	0	1	0	0	0
ENSG00000185269	0.58	10	29.235	2.825725e-06	1	0	1	0	0	0
ENSG00000169696	0.966	23	33.741	2.98619e-06	2	0	2	0	0	0
ENSG00000169738	1.488	10	11.335	9.7734575e-07	18	0	18	0	0	0
ENSG00000169718	0.965	19	28.876	2.7160125e-06	1	0	1	0	0	0
ENSG00000141526	1.17	7	11.229	9.257725e-07	1	0	1	0	0	0
ENSG00000181408	1.925	6	4.159	3.0188525e-07	15	0	15	0	0	0
ENSG00000181396	1.196	13	17.278	1.53162e-06	2	0	2	0	0	0
ENSG00000169660	1.052	17	24.25	1.892415e-06	2	1	1	0	0	0
ENSG00000178921	0.773	38	64.409	5.8891325e-06	2	0	2	1	0	1
ENSG00000141568	0.58	7	22.672	1.9331175e-06	15	0	15	0	0	0
ENSG00000141542	1.774	1	1.8582	9.4738e-07	1	0	1	0	0	0
ENSG00000141560	1.544	13	13.305	9.5778175e-07	2	0	2	0	0	0
ENSG00000167363	1.363	13	15.155	1.578051e-06	2	0	2	0	0	0
ENSG00000141556	0.493	26	73.106	6.5504225e-06	3	0	3	3	0	3
ENSG00000175711	1.795	36	26.1	2.605965e-06	5	0	5	0	0	0
ENSG00000184650	1.214	4	7.5181	5.3387275e-07	3	1	2	0	0	0
ENSG00000133026	0.149	10	113.59	1.05312275e-05	3	1	2	1	0	1
ENSG00000161973	1.066	11	17.082	1.36008325e-06	3	0	3	0	0	0
ENSG00000154914	0.398	11	45.691	4.30073e-06	1	0	1	0	0	0
ENSG00000184544	1.5	12	12.903	1.0588345e-06	2	0	2	0	0	0
ENSG00000065325	0.931	22	33.759	3.087025e-06	1	0	1	1	0	1
ENSG00000109047	1.854	12	9.4756	9.59842e-07	1	0	1	0	0	0
ENSG00000177370	1.638	7	7.7586	5.4613375e-07	1	0	1	0	0	0
ENSG00000154864	0.361	38	137.9	1.25496025e-05	1	1	0	0	0	0
ENSG00000154889	1.252	13	16.505	1.87265e-06	5	0	5	0	0	0
ENSG00000176194	1.711	8	8.035	7.1081975e-07	1	0	1	0	0	0
ENSG00000176014	1.041	8	13.868	1.01265475e-06	1	0	1	1	0	1
ENSG00000141385	0.7	21	43.172	4.6754275e-06	7	1	6	0	0	0
ENSG00000101624	0.758	20	38.362	4.12586e-06	1	1	0	0	0	0
ENSG00000101639	0.67	50	94.476	1.061414e-05	14	1	13	10	0	10
ENSG00000177150	1.45	10	11.656	1.09704125e-06	1	0	1	1	0	1
ENSG00000101654	0.761	11	23.918	2.0068175e-06	3	0	3	0	0	0
ENSG00000176136	1.837	6	5.4728	3.9504875e-07	2	0	2	0	0	0
ENSG00000185231	1.846	5	4.6374	4.413625e-07	1	0	1	0	0	0
ENSG00000183206	1.26	17	20.242	1.5510165e-06	3	0	3	0	0	0
ENSG00000180777	0.908	42	59.855	4.542935e-06	23	1	22	0	0	0
ENSG00000101557	0.348	6	34.048	3.09205e-06	1	0	1	0	0	0
ENSG00000141449	0.078	2	80.367	7.5152225e-06	1	0	1	1	0	1
ENSG00000158201	1.181	16	20.58	1.729605e-06	1	0	1	0	0	0
ENSG00000101752	1.973	105	57.462	5.859485e-06	4	0	4	1	0	1
ENSG00000101773	0.749	27	49.731	4.53657e-06	2	0	2	1	0	1
ENSG00000134508	0.63	8	22.929	2.2158575e-06	2	1	1	0	0	0
ENSG00000134490	0.952	13	21.706	1.5466615e-06	1	1	0	0	0	0
ENSG00000101782	0.802	15	28.796	2.58285e-06	3	0	3	0	0	0
ENSG00000141452	0.297	7	44.263	4.2382525e-06	1	1	0	0	0	0
ENSG00000053747	0.691	102	173.92	1.58426525e-05	5	1	4	0	0	0
ENSG00000141447	0.522	23	62.399	5.4687075e-06	3	0	3	0	0	0
ENSG00000154059	1.123	14	19.494	1.52195525e-06	2	1	1	0	0	0
ENSG00000134489	1.438	12	13.488	1.1876755e-06	14	0	14	0	0	0
ENSG00000101574	0.856	11	21.266	2.2409825e-06	2	1	1	0	0	0
ENSG00000154611	1.026	9	15.312	1.7207275e-06	1	0	1	0	0	0
ENSG00000132205	1.051	26	34.34	2.9029425e-06	31	0	31	0	0	0
ENSG00000101577	0.51	17	50.044	4.8106e-06	1	0	1	0	0	0
ENSG00000101605	0.972	72	90.114	8.23497e-06	9	0	9	0	0	0
ENSG00000134762	1.196	34	37.854	2.9444825e-06	8	0	8	0	0	0
ENSG00000134755	0.703	18	37.995	3.2067875e-06	1	1	0	0	0	0
ENSG00000134765	0.963	30	42.275	4.0024125e-06	10	1	9	0	0	0
ENSG00000175065	0.814	27	45.722	3.8697525e-06	2	0	2	0	0	0
ENSG00000134757	1.09	35	42.578	3.898395e-06	7	0	7	0	0	0
ENSG00000046604	0.79	22	39.749	3.1237075e-06	2	0	2	0	0	0
ENSG00000118271	0.763	1	6.2162	5.901695e-07	1	0	1	0	0	0
ENSG00000141437	1.76	5	5.3508	6.254115e-07	17	0	17	0	0	0
ENSG00000101695	1.284	8	11.228	9.3047925e-07	1	0	1	1	0	1
ENSG00000141434	1.279	37	38.05	3.3826625e-06	9	0	9	0	0	0
ENSG00000166960	1.155	38	43.127	3.4572e-06	11	0	11	0	0	0
ENSG00000141431	0.199	8	72.572	6.4703575e-06	1	1	0	0	0	0
ENSG00000177426	0.911	5	11.541	8.605815e-07	6	0	6	0	0	0
ENSG00000186812	1.056	10	16.067	1.99861e-06	1	0	1	0	0	0
ENSG00000186814	1.429	19	19.502	1.66875225e-06	1	0	1	0	0	0
ENSG00000186496	1.118	10	15.17	1.24973425e-06	6	1	5	0	0	0
ENSG00000141429	0.587	10	28.909	2.6175225e-06	3	0	3	0	0	0
ENSG00000141424	0.8	15	28.886	2.792225e-06	1	0	1	0	0	0
ENSG00000134759	0.935	39	54.486	5.165365e-06	1	0	1	0	0	0
ENSG00000075643	1.154	32	37.237	3.03912e-06	9	0	9	0	0	0
ENSG00000150477	0.926	16	26.232	2.083365e-06	14	0	14	0	0	0
ENSG00000132874	0.98	33	45.022	3.44179e-06	5	0	5	0	0	0
ENSG00000141469	1.562	18	17.028	1.43063425e-06	1	0	1	0	0	0
ENSG00000197046	1.87	11	8.5573	6.11509e-07	7	0	7	1	0	1
ENSG00000152223	0.456	48	133.97	1.145633e-05	2	1	1	0	0	0
ENSG00000167210	1.012	46	58.094	5.2673725e-06	13	0	13	0	0	0
ENSG00000101638	0.855	8	16.888	1.2043585e-06	2	0	2	0	0	0
ENSG00000167216	0.816	14	26.812	2.3726375e-06	4	1	3	0	0	0
ENSG00000167220	1.488	9	10.482	8.3688025e-07	2	0	2	0	0	0
ENSG00000215474	0.436	3	17.769	1.428507e-06	1	0	1	1	0	1
ENSG00000173213	1.868	5	4.4004	3.151345e-07	26	0	26	0	0	0
ENSG00000141627	0.905	26	39.857	3.793205e-06	2	0	2	0	0	0
ENSG00000101670	1.178	18	22.658	1.93898e-06	1	0	1	0	0	0
ENSG00000167315	1.306	16	18.602	1.56319375e-06	2	0	2	0	0	0
ENSG00000167306	0.688	53	96.899	8.0867325e-06	2	0	2	1	0	1
ENSG00000172361	1.344	28	28.561	2.97145e-06	1	0	1	0	0	0
ENSG00000141644	0.25	4	36.614	4.2255225e-06	1	0	1	1	0	1
ENSG00000134042	1.25	10	13.566	1.35385225e-06	5	0	5	1	0	1
ENSG00000082212	1.063	27	35.035	3.6654025e-06	2	1	1	1	0	1
ENSG00000231824	1.415	0	1.8397	1.30484175e-07	1	0	1	0	0	0
ENSG00000187323	0.283	15	81.578	8.8830275e-06	1	1	0	0	0	0
ENSG00000134046	0.522	4	17.53	1.844845e-06	4	0	4	1	0	1
ENSG00000101751	0.94	13	21.981	2.111505e-06	3	0	3	0	0	0
ENSG00000178690	1.728	4	4.7494	3.3531825e-07	2	0	2	0	0	0
ENSG00000082397	0.477	19	58.457	5.35866e-06	1	0	1	0	0	0
ENSG00000166510	1.411	19	19.748	1.5098785e-06	3	0	3	0	0	0
ENSG00000196628	0.217	4	42.125	3.74195e-06	1	1	0	0	0	0
ENSG00000134440	0.781	20	37.231	4.0811375e-06	2	0	2	1	0	1
ENSG00000177143	1.475	1	2.9697	2.0620925e-07	1	0	1	0	0	0
ENSG00000198796	0.815	45	70.82	5.4633475e-06	7	0	7	2	0	2
ENSG00000166569	1.707	6	6.5004	4.56605e-07	1	0	1	0	0	0
ENSG00000141682	1.571	1	2.6578	9.9570375e-08	1	0	1	1	0	1
ENSG00000197563	1.025	38	48.571	3.9236875e-06	2	0	2	1	0	1
ENSG00000081913	0.257	8	56.136	5.0978625e-06	1	0	1	0	0	0
ENSG00000171791	0.712	1	6.6643	4.8173e-07	1	0	1	1	0	1
ENSG00000119541	0.478	6	24.78	2.3424875e-06	2	0	2	1	0	1
ENSG00000206075	0.903	6	13.11	9.1647625e-07	2	0	2	0	0	0
ENSG00000166634	1.96	30	17.327	1.38805575e-06	8	0	8	0	0	0
ENSG00000206073	1.879	21	14.912	1.16387375e-06	6	0	6	0	0	0
ENSG00000166396	1.31	14	16.702	1.45535725e-06	11	1	10	1	0	1
ENSG00000197632	1.53	17	16.617	1.27918075e-06	1	1	0	0	0	0
ENSG00000242550	1.468	15	15.71	1.10632075e-06	15	0	15	0	0	0
ENSG00000221887	1.673	3	4.1944	4.0797975e-07	12	0	12	0	0	0
ENSG00000071991	1.119	25	31.205	2.4902225e-06	11	0	11	0	0	0
ENSG00000171451	0.568	17	44.883	4.23038e-06	10	0	10	2	0	2
ENSG00000101680	0.621	78	151.6	1.307237e-05	2	0	2	1	0	1
ENSG00000150637	0.698	5	15.061	1.07077725e-06	2	1	1	1	0	1
ENSG00000206422	1.856	8	6.6907	6.18276e-07	1	1	0	0	0	0
ENSG00000075336	1.146	8	12.591	9.3339375e-07	3	0	3	0	0	0
ENSG00000206043	0.763	13	27.079	2.0754925e-06	9	0	9	0	0	0
ENSG00000187773	1.819	9	7.82	5.5752375e-07	1	0	1	1	0	1
ENSG00000150656	1.002	18	26.626	2.514175e-06	2	0	2	0	0	0
ENSG00000180011	1.274	5	8.2246	5.86585e-07	1	0	1	0	0	0
ENSG00000101493	0.176	2	35.749	2.952355e-06	1	1	0	0	0	0
ENSG00000130856	0.169	8	85.213	7.2797175e-06	4	0	4	0	0	0
ENSG00000256463	0.415	4	22.054	2.0909025e-06	7	7	0	1	1	0
ENSG00000178342	0.666	1	7.1195	5.6770775e-07	1	0	1	0	0	0
ENSG00000178127	0.834	6	14.204	1.223152e-06	3	0	3	0	0	0
ENSG00000101745	0.197	9	79.748	7.6388375e-06	3	0	3	3	0	3
ENSG00000168454	0.92	0	3.2214	2.24383e-07	9	0	9	0	0	0
ENSG00000080573	0.605	51	106.52	8.9225575e-06	2	0	2	1	0	1
ENSG00000116032	0.978	14	22.387	1.8319475e-06	9	0	9	1	0	1
ENSG00000130812	1.193	14	18.339	1.759755e-06	14	0	14	0	0	0
ENSG00000130810	1.102	15	20.951	2.1408175e-06	3	0	3	0	0	0
ENSG00000105364	1.441	15	16.006	1.261543e-06	8	0	8	0	0	0
ENSG00000105376	0.542	11	33.622	2.53461e-06	2	1	1	1	0	1
ENSG00000076662	1.92	31	19.966	1.6726885e-06	13	0	13	0	0	0
ENSG00000064687	1.067	90	100.53	8.59476e-06	20	0	20	1	0	1
ENSG00000180739	1.034	2	6.0796	4.39252e-07	17	0	17	0	0	0
ENSG00000130734	0.717	10	23.657	1.97851e-06	2	0	2	0	0	0
ENSG00000129347	0.876	30	46.467	3.7789675e-06	1	0	1	0	0	0
ENSG00000129354	1.076	15	21.468	1.643309e-06	2	0	2	2	0	2
ENSG00000129351	0.129	1	36.889	4.37912e-06	2	0	2	0	0	0
ENSG00000213339	1.082	13	19.109	1.659724e-06	1	0	1	1	0	1
ENSG00000099203	1.7	9	8.8821	8.020235e-07	1	0	1	1	0	1
ENSG00000214212	0.919	5	11.439	1.0276125e-06	1	0	1	0	0	0
ENSG00000099817	1.487	13	13.851	1.2759145e-06	5	0	5	0	0	0
ENSG00000130733	1.279	13	16.154	1.1570565e-06	2	0	2	0	0	0
ENSG00000130164	1.073	38	46.438	3.821345e-06	2	1	1	0	0	0
ENSG00000064932	0.413	16	58.877	4.6137875e-06	9	0	9	0	0	0
ENSG00000130158	0.717	59	102.24	9.1573925e-06	3	0	3	1	0	1
ENSG00000130173	1.944	14	8.7009	7.4083575e-07	18	1	17	2	1	1
ENSG00000130167	1.478	9	10.561	7.4083575e-07	4	0	4	0	0	0
ENSG00000205517	1.379	47	43.453	4.54662e-06	35	0	35	0	0	0
ENSG00000198551	1.089	1	4.3198	3.06994e-07	2	0	2	0	0	0
ENSG00000197933	0.986	1	4.7965	3.40963e-07	3	0	3	0	0	0
ENSG00000171295	1.627	3	4.4156	3.13761e-07	24	0	24	0	0	0
ENSG00000171291	1.693	3	4.0933	2.9146675e-07	36	0	36	0	0	0
ENSG00000196757	1.708	4	4.8669	3.4577025e-07	12	0	12	0	0	0
ENSG00000197054	1.525	3	4.8746	3.468925e-07	25	0	25	0	0	0
ENSG00000197647	1.691	3	4.1005	2.94532e-07	8	0	8	0	0	0
ENSG00000223547	1.785	4	4.3797	3.1183475e-07	25	0	25	0	0	0
ENSG00000188868	0.625	0	4.7862	3.3876875e-07	7	0	7	0	0	0
ENSG00000198342	1.288	3	5.9692	4.23507e-07	37	0	37	0	0	0
ENSG00000196466	1.171	0	2.4439	4.376105e-07	7	0	7	0	0	0
ENSG00000180855	1.766	5	5.3099	5.1149475e-07	3	0	3	0	0	0
ENSG00000104774	0.97	41	54.867	4.48632e-06	2	0	2	1	0	1
ENSG00000095059	0.873	9	17.991	1.4397965e-06	1	0	1	0	0	0
ENSG00000095066	0.921	34	49.145	4.4318825e-06	2	0	2	1	0	1
ENSG00000167815	0.902	3	8.5915	6.0938175e-07	1	0	1	0	0	0
ENSG00000104889	0.88	6	13.458	9.9191825e-07	2	0	2	0	0	0
ENSG00000105607	0.639	8	22.597	1.97717e-06	2	0	2	0	0	0
ENSG00000179115	0.526	9	29.875	2.9344325e-06	1	0	1	0	0	0
ENSG00000141837	0.134	9	117.36	1.112535e-05	5	0	5	0	0	0
ENSG00000037757	1.102	7	11.932	1.13318775e-06	1	0	1	0	0	0
ENSG00000132016	0.775	10	21.895	1.864275e-06	1	0	1	0	0	0
ENSG00000132024	0.42	15	54.953	4.79318e-06	1	0	1	0	0	0
ENSG00000132000	1.725	12	10.896	1.6130585e-06	4	0	4	1	0	1
ENSG00000130005	1.376	8	10.459	5.210255e-07	1	0	1	0	0	0
ENSG00000104998	0.903	24	37.365	3.3263825e-06	4	0	4	0	0	0
ENSG00000141854	1.281	6	9.2266	7.317405e-07	18	0	18	0	0	0
ENSG00000188032	1.003	6	11.801	1.37840775e-06	8	0	8	0	0	0
ENSG00000105011	1.531	7	8.4562	7.485575e-07	1	1	0	0	0	0
ENSG00000072071	0.187	7	70.251	6.88693e-06	5	0	5	0	0	0
ENSG00000123143	0.397	11	45.815	4.2797925e-06	1	0	1	0	0	0
ENSG00000132002	0.853	4	10.73	1.2919275e-06	5	0	5	0	0	0
ENSG00000099795	1.667	4	5.0988	3.64815e-07	4	2	2	0	0	0
ENSG00000131355	1.482	39	34.374	2.66928e-06	13	0	13	0	0	0
ENSG00000115266	0.225	7	58.469	4.8603475e-06	4	0	4	0	0	0
ENSG00000160961	1.244	28	30.86	2.753365e-06	6	0	6	0	0	0
ENSG00000127507	1.253	43	44.262	3.3273875e-06	43	0	43	0	0	0
ENSG00000115257	0.964	24	35.015	3.15101e-06	1	0	1	0	0	0
ENSG00000127529	1.945	1	0.11975	8.6934175e-09	9	0	9	0	0	0
ENSG00000160994	1.124	13	18.389	1.596208e-06	7	0	7	0	0	0
ENSG00000185761	1.151	19	24.229	2.185205e-06	5	0	5	1	0	1
ENSG00000094661	1.906	7	5.2518	3.71716e-07	1	0	1	1	0	1
ENSG00000105135	0.912	17	27.95	2.142995e-06	3	0	3	3	0	3
ENSG00000141867	0.048	0	61.502	5.34258e-06	1	1	0	0	0	0
ENSG00000185988	1.149	8	12.56	8.965605e-07	7	0	7	0	0	0
ENSG00000105127	0.397	6	29.831	2.2694575e-06	1	0	1	1	0	1
ENSG00000105122	0.781	23	41.699	4.0040875e-06	1	0	1	0	0	0
ENSG00000161031	1.342	15	17.211	2.1039675e-06	8	0	8	0	0	0
ENSG00000171954	0.783	13	26.406	2.348685e-06	1	0	1	0	0	0
ENSG00000186529	1.382	24	24.423	1.7502075e-06	3	0	3	0	0	0
ENSG00000186204	1.375	26	26.239	2.303795e-06	4	0	4	1	0	1
ENSG00000171942	1.742	4	4.6645	3.3280575e-07	1	0	1	0	0	0
ENSG00000071655	0.26	0	11.518	8.300295e-07	1	0	1	0	0	0
ENSG00000171903	1.521	30	26.74	2.1769975e-06	5	0	5	0	0	0
ENSG00000176231	1.895	3	2.5678	1.871645e-07	17	0	17	1	0	1
ENSG00000127540	1.943	4	2.3076	2.3310975e-07	1	0	1	0	0	0
ENSG00000141977	1.827	12	9.8325	7.0013325e-07	4	0	4	0	0	0
ENSG00000127528	0.71	1	6.679	5.6615e-07	2	0	2	0	0	0
ENSG00000269058	1.14	17	22.361	1.9548925e-06	2	0	2	2	0	2
ENSG00000105072	1.111	16	21.864	1.70113e-06	14	1	13	0	0	0
ENSG00000072954	1.03	7	12.763	1.19620125e-06	7	0	7	0	0	0
ENSG00000127533	1.63	7	7.817	6.25646e-07	1	1	0	0	0	0
ENSG00000160111	0.674	53	98.816	8.9975975e-06	1	1	0	0	0	0
ENSG00000131351	1.021	12	19.048	1.49334625e-06	1	0	1	0	0	0
ENSG00000099331	0.177	10	96.055	7.8073425e-06	1	1	0	0	0	0
ENSG00000053501	0.994	10	17.066	1.66215275e-06	2	0	2	0	0	0
ENSG00000099330	1.162	7	11.314	9.4518575e-07	6	0	6	1	0	1
ENSG00000105393	0.324	1	14.652	1.03791375e-06	2	0	2	1	0	1
ENSG00000160117	1.437	26	25.094	2.0952575e-06	1	1	0	0	0	0
ENSG00000127220	0.31	1	15.28	1.7652825e-06	2	0	2	0	0	0
ENSG00000074855	0.317	9	49.488	4.2148025e-06	3	0	3	0	0	0
ENSG00000171773	1.701	3	4.0494	2.89842e-07	4	0	4	0	0	0
ENSG00000248099	1.602	1	2.5537	6.38778e-07	1	0	1	1	0	1
ENSG00000105639	0.525	19	53.148	4.7146225e-06	2	0	2	2	0	2
ENSG00000105641	0.564	10	30.074	2.3696225e-06	7	0	7	1	0	1
ENSG00000130270	1.011	47	59.275	4.5347275e-06	13	0	13	1	0	1
ENSG00000105642	0.398	3	19.505	1.39783775e-06	1	1	0	1	1	0
ENSG00000105647	0.489	10	34.677	3.0104775e-06	1	0	1	1	0	1
ENSG00000105650	0.84	16	28.934	2.43545e-06	6	0	6	0	0	0
ENSG00000130518	0.893	17	28.547	2.3511975e-06	8	0	8	1	0	1
ENSG00000130522	0.754	0	3.9596	2.821035e-07	4	0	4	0	0	0
ENSG00000079313	0.3	6	39.46	3.2000875e-06	4	0	4	0	0	0
ENSG00000130513	1.865	9	7.2646	6.6864325e-07	1	0	1	0	0	0
ENSG00000130511	0.445	6	26.586	2.4510275e-06	10	0	10	0	0	0
ENSG00000167487	0.978	12	19.887	1.695435e-06	2	0	2	0	0	0
ENSG00000105664	0.765	21	39.539	3.205615e-06	1	0	1	0	0	0
ENSG00000130283	0.917	1	5.1668	4.3695725e-07	9	0	9	0	0	0
ENSG00000051128	0.348	2	18.076	1.5916185e-06	7	0	7	0	0	0
ENSG00000105676	1.338	16	18.153	1.763775e-06	23	0	23	0	0	0
ENSG00000064545	0.821	14	26.642	2.63846e-06	11	0	11	1	0	1
ENSG00000227500	0.865	6	13.687	1.1119655e-06	1	0	1	1	0	1
ENSG00000130287	0.398	13	51.873	4.8452725e-06	1	1	0	0	0	0
ENSG00000160161	0.717	18	37.239	3.8506575e-06	3	0	3	0	0	0
ENSG00000089639	0.711	24	47.494	4.2539975e-06	1	0	1	1	0	1
ENSG00000105726	0.308	10	55.157	5.1705575e-06	3	0	3	2	0	2
ENSG00000133275	0.254	1	18.648	1.32306575e-06	1	0	1	0	0	0
ENSG00000105708	1.255	2	4.9556	3.511805e-07	6	0	6	0	0	0
ENSG00000184635	1.809	5	4.98	3.537265e-07	7	0	7	4	0	4
ENSG00000197124	1.55	1	2.7281	3.4834975e-07	14	0	14	0	0	0
ENSG00000213988	1.694	4	4.9477	3.49405e-07	17	0	17	0	0	0
ENSG00000256229	1.894	7	5.4541	3.8660675e-07	4	0	4	0	0	0
ENSG00000099875	0.791	12	24.595	2.0470175e-06	3	0	3	2	0	2
ENSG00000237440	1.798	5	5.0656	3.58785e-07	14	0	14	0	0	0
ENSG00000160229	1.517	2	3.9098	2.76241e-07	11	0	11	0	0	0
ENSG00000105750	1.873	6	5.0538	3.5886875e-07	4	0	4	0	0	0
ENSG00000118620	1.295	4	7.0292	4.94929e-07	5	0	5	0	0	0
ENSG00000182141	1.856	6	5.2624	3.7319e-07	5	0	5	1	0	1
ENSG00000197013	1.888	6	4.8564	3.4469825e-07	12	0	12	0	0	0
ENSG00000197020	1.63	6	6.9952	4.940915e-07	2	0	2	0	0	0
ENSG00000198521	1.759	5	5.3597	3.8014125e-07	12	0	12	0	0	0
ENSG00000160321	1.855	6	5.2794	3.7458025e-07	6	0	6	0	0	0
ENSG00000196109	1.606	1	2.5412	1.79426e-07	19	0	19	0	0	0
ENSG00000104885	0.118	3	65.78	5.26419e-06	1	0	1	0	0	0
ENSG00000197360	1.639	4	5.2439	3.7153175e-07	10	0	10	0	0	0
ENSG00000104897	0.399	2	15.779	1.26092325e-06	1	0	1	0	0	0
ENSG00000229676	1.578	1	2.6365	1.865615e-07	18	0	18	0	0	0
ENSG00000269067	1.773	5	5.255	3.75401e-07	17	0	17	0	0	0
ENSG00000183850	1.84	6	5.4412	3.864225e-07	11	0	11	0	0	0
ENSG00000196081	1.235	2	5.046	3.5927075e-07	6	0	6	0	0	0
ENSG00000130332	0.837	1	5.6666	5.3868e-07	1	0	1	1	0	1
ENSG00000167232	0.871	1	5.4397	3.854175e-07	9	0	9	0	0	0
ENSG00000197372	1.16	2	5.395	3.8272075e-07	8	0	8	0	0	0
ENSG00000213967	1.891	9	6.8779	3.89136e-07	1	0	1	0	0	0
ENSG00000099800	1.554	2	3.7693	2.6811725e-07	1	0	1	0	0	0
ENSG00000172009	0.641	12	30.354	2.1810175e-06	1	0	1	0	0	0
ENSG00000141934	1.066	9	14.729	1.42611175e-06	1	0	1	1	0	1
ENSG00000172006	1.188	17	21.472	1.83446e-06	11	0	11	0	0	0
ENSG00000186300	1.052	14	20.809	2.134285e-06	8	0	8	0	0	0
ENSG00000172000	1.783	6	5.9491	4.215975e-07	2	0	2	0	0	0
ENSG00000175691	1.539	4	5.7521	4.0781225e-07	9	0	9	0	0	0
ENSG00000105171	1.891	5	4.0889	1.08933625e-06	3	0	3	0	0	0
ENSG00000166289	1.162	4	7.861	7.0964725e-07	5	0	5	0	0	0
ENSG00000131943	1.355	1	3.3515	3.21064e-07	1	0	1	0	0	0
ENSG00000104953	0.685	15	33.709	2.6677725e-06	3	0	3	0	0	0
ENSG00000105176	0.731	12	26.592	3.1451475e-06	1	0	1	0	0	0
ENSG00000065717	0.682	18	39.151	3.0975775e-06	1	0	1	0	0	0
ENSG00000104964	0.361	1	13.133	9.4498475e-07	1	0	1	0	0	0
ENSG00000105556	0.358	5	29.354	2.544995e-06	1	0	1	1	0	1
ENSG00000088256	0.395	2	15.945	1.140139e-06	1	1	0	0	0	0
ENSG00000168813	0.444	10	38.165	3.54899e-06	3	0	3	0	0	0
ENSG00000178904	0.657	18	40.626	3.44715e-06	1	0	1	0	0	0
ENSG00000105186	1.105	51	58.292	4.8322075e-06	5	0	5	0	0	0
ENSG00000213965	1.975	17	8.1578	5.9129175e-07	19	0	19	1	0	1
ENSG00000021488	1.121	17	22.755	1.64717825e-06	1	0	1	0	0	0
ENSG00000121289	1.223	40	42.566	3.572105e-06	22	0	22	0	0	0
ENSG00000124299	1.258	23	25.895	2.20631e-06	4	1	3	1	0	1
ENSG00000124302	1.119	8	12.899	1.2117285e-06	1	0	1	1	0	1
ENSG00000153885	0.848	3	9.1444	7.4592775e-07	2	0	2	2	0	2
ENSG00000126249	1.091	12	17.817	1.4185575e-06	18	0	18	0	0	0
ENSG00000205209	1.89	4	3.3832	2.4053e-07	3	0	3	0	0	0
ENSG00000089335	1.015	8	14.222	1.16012175e-06	1	0	1	0	0	0
ENSG00000197841	1.272	19	21.923	1.6645815e-06	2	0	2	0	0	0
ENSG00000153896	0.973	14	22.505	2.4101575e-06	14	0	14	0	0	0
ENSG00000168661	1.755	4	4.584	3.24213e-07	20	0	20	0	0	0
ENSG00000180884	1.327	16	18.309	1.7244125e-06	2	0	2	0	0	0
ENSG00000089351	0.502	13	41.137	3.52755e-06	2	0	2	0	0	0
ENSG00000177558	1.82	12	9.9101	7.1530875e-07	9	0	9	1	0	1
ENSG00000105699	0.855	14	25.591	2.3404775e-06	12	0	12	0	0	0
ENSG00000012124	0.349	9	45.016	4.274935e-06	2	0	2	1	0	1
ENSG00000185897	1.877	5	4.283	3.087695e-07	3	0	3	0	0	0
ENSG00000126251	1.661	2	3.3334	2.3980975e-07	1	0	1	0	0	0
ENSG00000183397	1.86	11	8.7027	6.27589e-07	14	0	14	0	0	0
ENSG00000126262	1.262	4	7.2233	6.6505875e-07	3	0	3	0	0	0
ENSG00000161249	1.055	23	30.887	2.61501e-06	2	0	2	0	0	0
ENSG00000161091	1.309	19	21.289	2.2299275e-06	1	0	1	0	0	0
ENSG00000064961	0.807	7	16.297	1.2200365e-06	1	0	1	1	0	1
ENSG00000167595	1.388	11	13.092	1.9937525e-06	1	0	1	0	0	0
ENSG00000004777	0.426	16	56.988	5.19585e-06	2	0	2	0	0	0
ENSG00000250799	1.189	22	26.429	2.4818475e-06	17	0	17	0	0	0
ENSG00000161270	0.715	33	61.704	5.6124225e-06	5	0	5	0	0	0
ENSG00000126259	0.934	20	31.106	2.9243825e-06	10	0	10	0	0	0
ENSG00000126264	1.786	4	4.3724	3.115835e-07	2	0	2	0	0	0
ENSG00000126243	0.268	0	11.161	8.0257625e-07	3	0	3	0	0	0
ENSG00000205138	1.901	1	0.90452	6.4856e-08	2	0	2	0	0	0
ENSG00000006638	1.261	5	8.3142	8.38907e-07	2	0	2	0	0	0
ENSG00000161277	1.669	9	9.1243	7.53147e-07	10	0	10	0	0	0
ENSG00000075702	0.843	46	69.769	5.8720475e-06	1	0	1	0	0	0
ENSG00000105298	0.262	4	34.93	2.81065e-06	3	0	3	0	0	0
ENSG00000105254	0.9	5	11.678	8.401465e-07	3	0	3	3	0	3
ENSG00000126247	1.113	12	17.473	2.081355e-06	1	0	1	0	0	0
ENSG00000105549	1.35	14	16.208	1.25281625e-06	6	0	6	0	0	0
ENSG00000142065	0.735	10	23.081	1.850875e-06	1	0	1	1	0	1
ENSG00000254004	1.232	8	11.713	1.09804625e-06	1	0	1	0	0	0
ENSG00000186020	1.016	8	14.205	1.57277475e-06	12	0	12	0	0	0
ENSG00000161298	0.635	6	18.662	1.4528615e-06	4	0	4	0	0	0
ENSG00000197808	1.03	14	21.246	1.877675e-06	4	0	4	0	0	0
ENSG00000189042	1.041	14	21.026	1.7713125e-06	1	0	1	0	0	0
ENSG00000197863	1.325	24	25.464	2.5247275e-06	25	0	25	0	0	0
ENSG00000251247	1.783	4	4.3948	1.50530575e-06	5	0	5	0	0	0
ENSG00000185869	1.256	15	18.381	1.7783475e-06	4	0	4	0	0	0
ENSG00000198453	0.952	18	28.05	2.8426425e-06	5	1	4	0	0	0
ENSG00000196967	0.736	12	26.425	2.293075e-06	1	1	0	0	0	0
ENSG00000188283	1.25	18	21.36	1.9153625e-06	3	0	3	0	0	0
ENSG00000181666	1.441	28	26.639	2.50848e-06	22	0	22	0	0	0
ENSG00000171827	0.75	11	24.272	2.1170325e-06	6	0	6	1	0	1
ENSG00000188227	1.293	15	17.863	1.657781e-06	2	0	2	0	0	0
ENSG00000011132	1.239	20	23.452	2.378165e-06	10	0	10	0	0	0
ENSG00000120784	0.915	14	23.932	2.2965925e-06	3	0	3	0	0	0
ENSG00000198182	0.97	12	20.05	1.958075e-06	8	0	8	0	0	0
ENSG00000171804	0.943	38	52.801	5.0693875e-06	56	0	56	2	0	2
ENSG00000105278	1.271	39	40.081	3.38283e-06	12	0	12	0	0	0
ENSG00000105738	0.2	7	65.884	5.888295e-06	1	0	1	0	0	0
ENSG00000167641	1.143	2	5.4821	3.8493175e-07	2	0	2	0	0	0
ENSG00000167642	0.983	7	13.373	1.1451975e-06	1	0	1	1	0	1
ENSG00000099337	1.339	5	7.8083	5.6345325e-07	7	0	7	1	0	1
ENSG00000188766	0.687	3	11.288	1.030326e-06	1	0	1	0	0	0
ENSG00000130244	1.347	12	14.425	1.28725425e-06	16	0	16	0	0	0
ENSG00000196218	0.458	97	250.6	2.328585e-05	12	2	10	3	0	3
ENSG00000178982	0.822	7	15.986	1.4280715e-06	2	0	2	0	0	0
ENSG00000182472	1.52	46	38.699	2.78385e-06	9	0	9	0	0	0
ENSG00000205076	1.748	1	1.9855	1.69175e-07	6	0	6	0	0	0
ENSG00000178934	1.462	1	3.0104	2.4349475e-07	1	0	1	0	0	0
ENSG00000171747	1.075	13	19.227	1.649808e-06	2	0	2	0	0	0
ENSG00000104823	1.13	12	17.203	1.349983e-06	1	0	1	0	0	0
ENSG00000104824	0.244	2	25.762	1.97583e-06	4	0	4	1	0	1
ENSG00000068903	0.957	16	25.404	1.9562325e-06	1	0	1	1	0	1
ENSG00000104825	0.556	3	13.949	1.29606475e-06	1	1	0	0	0	0
ENSG00000269190	1.771	17	13.934	1.11488e-06	1	0	1	0	0	0
ENSG00000161243	1.76	15	12.684	1.2360495e-06	1	0	1	1	0	1
ENSG00000183760	0.957	18	27.9	2.7016075e-06	5	0	5	0	0	0
ENSG00000188505	1.48	13	13.92	1.220807e-06	2	0	2	0	0	0
ENSG00000179751	1.879	6	4.975	3.567415e-07	1	0	1	0	0	0
ENSG00000183709	1.868	10	7.908	5.6110825e-07	10	0	10	0	0	0
ENSG00000182393	1.521	6	7.6486	5.427335e-07	5	0	5	0	0	0
ENSG00000130755	1.672	9	9.1022	1.11901725e-06	2	0	2	0	0	0
ENSG00000077009	1.926	15	9.958	7.0981475e-07	1	0	1	0	0	0
ENSG00000090932	0.873	10	19.425	1.7234075e-06	3	0	3	0	0	0
ENSG00000186838	1.917	13	8.9566	6.416925e-07	5	0	5	1	0	1
ENSG00000105198	1.538	5	6.6661	7.4820575e-07	1	0	1	0	0	0
ENSG00000249861	1.769	6	6.0605	5.7025375e-07	2	0	2	1	0	1
ENSG00000006659	1.531	6	7.5894	6.83266e-07	13	0	13	0	0	0
ENSG00000105205	1.746	7	7.0043	8.0676375e-07	2	0	2	0	0	0
ENSG00000213921	1.96	3	0.99104	6.9999925e-08	1	0	1	0	0	0
ENSG00000187187	0.958	23	34.005	3.39489e-06	3	0	3	0	0	0
ENSG00000197782	1.924	10	6.8456	4.5531525e-07	8	0	8	0	0	0
ENSG00000105223	0.772	12	25.198	2.0316075e-06	1	0	1	1	0	1
ENSG00000160396	0.852	11	21.367	1.967455e-06	1	0	1	1	0	1
ENSG00000105227	1.78	6	5.9754	4.2405975e-06	1	0	1	1	0	1
ENSG00000090013	1.758	8	7.6671	7.11406e-07	9	0	9	1	0	1
ENSG00000105245	0.218	2	28.892	3.117845e-06	4	0	4	1	0	1
ENSG00000123815	1.09	20	26.672	2.4707925e-06	1	0	1	0	0	0
ENSG00000086544	0.472	7	27.829	2.289055e-06	1	1	0	0	0	0
ENSG00000183186	0.83	1	5.7126	4.1323925e-07	1	0	1	1	0	1
ENSG00000269858	0.447	3	17.327	1.64057875e-06	1	0	1	1	0	1
ENSG00000255974	1.201	15	19.231	1.509108e-06	4	2	2	0	0	0
ENSG00000198077	1.712	18	15.331	1.5644165e-06	13	0	13	0	0	0
ENSG00000197408	1.237	17	20.611	2.25723e-06	42	0	42	0	0	0
ENSG00000197838	1.089	12	17.856	1.26524475e-06	1	0	1	0	0	0
ENSG00000197446	1.242	15	18.589	1.573026e-06	2	0	2	0	0	0
ENSG00000167600	0.886	10	19.149	1.620931e-06	4	0	4	0	0	0
ENSG00000105329	0.614	6	19.285	2.0108375e-06	1	1	0	0	0	0
ENSG00000142046	1.372	2	4.471	3.996885e-07	1	0	1	0	0	0
ENSG00000077348	1.14	5	9.2161	6.5591325e-07	1	0	1	1	0	1
ENSG00000105341	1.379	13	14.974	1.47314575e-06	1	0	1	0	0	0
ENSG00000007129	1.697	17	14.785	1.3102855e-06	7	0	7	0	0	0
ENSG00000060566	1.469	20	19.768	1.818045e-06	7	0	7	0	0	0
ENSG00000105352	1.417	12	13.692	1.568068e-06	2	0	2	0	0	0
ENSG00000086548	1.217	11	14.961	1.36118875e-06	1	0	1	0	0	0
ENSG00000142025	0.444	3	17.453	1.49076675e-06	2	0	2	0	0	0
ENSG00000105404	1.066	5	9.8597	8.62893e-07	3	0	3	0	0	0
ENSG00000089847	0.808	27	46.108	4.112125e-06	4	0	4	1	0	1
ENSG00000167625	0.471	4	19.437	2.00464e-06	1	1	0	0	0	0
ENSG00000129946	1.329	22	23.635	2.148355e-06	2	0	2	1	0	1
ENSG00000079462	0.975	6	12.144	1.29897925e-06	1	0	1	1	0	1
ENSG00000105429	0.369	36	128.87	1.15995425e-05	4	0	4	3	0	3
ENSG00000105427	1.36	3	5.6161	4.0509875e-07	4	0	4	0	0	0
ENSG00000079435	0.851	24	39.652	3.4580375e-06	21	0	21	0	0	0
ENSG00000079385	0.709	9	22.139	1.869635e-06	11	0	11	1	0	1
ENSG00000124469	1.206	12	16.115	1.5404305e-06	6	0	6	0	0	0
ENSG00000221826	1.839	32	22.693	2.605965e-06	4	0	4	0	0	0
ENSG00000105251	1.125	10	15.074	1.18705575e-06	1	0	1	0	0	0
ENSG00000231924	1.986	33	14.597	1.38885975e-06	8	0	8	0	0	0
ENSG00000170848	1.745	26	20.399	2.262255e-06	23	1	22	0	0	0
ENSG00000243130	1.888	13	9.5821	1.891745e-06	16	0	16	0	0	0
ENSG00000242221	1.981	35	17.203	1.91888e-06	2	0	2	0	0	0
ENSG00000204941	1.898	27	18.215	2.106815e-06	15	0	15	0	0	0
ENSG00000243137	1.939	26	16.199	2.303125e-06	5	0	5	0	0	0
ENSG00000183668	1.923	17	11.329	1.9957625e-06	19	0	19	0	0	0
ENSG00000008382	0.875	10	19.382	1.381406e-06	4	0	4	0	0	0
ENSG00000124466	1.91	14	9.7822	7.0314825e-07	2	0	2	0	0	0
ENSG00000176531	1.236	33	35.702	3.30578e-06	15	0	15	0	0	0
ENSG00000105755	1.456	9	10.731	7.9098525e-07	1	0	1	1	0	1
ENSG00000176472	1.196	2	5.2233	5.0891525e-07	9	0	9	1	0	1
ENSG00000073050	0.74	20	39.269	3.915815e-06	4	0	4	0	0	0
ENSG00000011422	0.945	6	12.529	1.13097675e-06	6	0	6	0	0	0
ENSG00000159871	1.38	6	8.5329	7.124445e-07	1	0	1	0	0	0
ENSG00000167637	1.122	16	21.656	1.766455e-06	4	0	4	0	0	0
ENSG00000124459	0.789	15	29.266	2.8312525e-06	7	0	7	0	0	0
ENSG00000159905	1.655	5	6.0097	5.6861225e-07	16	1	15	0	0	0
ENSG00000204920	1.897	7	5.3978	5.30506e-07	7	0	7	0	0	0
ENSG00000159882	1.385	2	4.4187	3.131915e-07	2	0	2	0	0	0
ENSG00000159885	1.919	5	3.6016	5.2878075e-07	5	0	5	0	0	0
ENSG00000178386	1.861	7	5.9178	6.7624775e-07	4	0	4	1	0	1
ENSG00000186026	1.755	6	6.1668	6.93517e-07	2	0	2	1	0	1
ENSG00000267680	1.671	4	5.0737	4.7075875e-07	6	0	6	0	0	0
ENSG00000256294	1.198	2	5.2133	5.1330375e-07	6	0	6	0	0	0
ENSG00000263002	1.252	20	23.211	1.9826975e-06	2	0	2	0	0	0
ENSG00000167380	1.657	4	5.1506	2.579835e-06	8	1	7	0	0	0
ENSG00000131115	0.926	21	32.655	3.154025e-06	14	0	14	0	0	0
ENSG00000159917	1.004	19	27.779	2.5377925e-06	4	1	3	0	0	0
ENSG00000167384	0.896	15	25.778	1.9347925e-06	6	0	6	0	0	0
ENSG00000216588	1.253	4	7.2773	6.5953125e-07	1	0	1	0	0	0
ENSG00000213892	1.032	10	16.433	1.42289575e-06	1	0	1	0	0	0
ENSG00000130202	0.323	3	24.006	2.4187e-06	1	0	1	1	0	1
ENSG00000104856	0.262	2	24.033	2.1123425e-06	2	0	2	0	0	0
ENSG00000104859	0.378	10	44.899	4.5186475e-06	2	1	1	0	0	0
ENSG00000167676	1.597	22	19.603	1.4227115e-06	14	0	14	3	0	3
ENSG00000104866	0.26	2	24.259	1.7388175e-06	26	0	26	0	0	0
ENSG00000179846	0.972	13	21.266	1.82776e-06	9	0	9	7	0	7
ENSG00000214456	1.656	16	14.495	1.13023975e-06	8	0	8	0	0	0
ENSG00000104881	0.489	9	32.124	2.61635e-06	1	0	1	0	0	0
ENSG00000177464	0.861	3	9.0018	6.46952e-07	1	0	1	0	0	0
ENSG00000125746	1.029	28	37.295	3.65686e-06	1	0	1	0	0	0
ENSG00000010310	1.796	37	26.715	2.443825e-06	7	0	7	0	0	0
ENSG00000011478	1.394	13	14.807	1.05858325e-06	9	0	9	1	0	1
ENSG00000104936	0.495	8	29.145	2.14601e-06	1	0	1	0	0	0
ENSG00000185800	0.515	4	17.757	1.37616325e-06	2	0	2	1	0	1
ENSG00000104941	0.944	20	30.792	2.5046275e-06	3	0	3	0	0	0
ENSG00000170608	0.547	1	8.6785	6.2140825e-07	1	0	1	1	0	1
ENSG00000008438	1.787	7	6.6722	4.7846375e-07	2	0	2	0	0	0
ENSG00000204866	1.805	6	5.7675	4.321835e-07	1	0	1	1	0	1
ENSG00000188293	1.923	10	6.8662	6.359975e-07	4	0	4	0	0	0
ENSG00000169515	0.83	2	7.5799	5.59048e-07	4	0	4	0	0	0
ENSG00000182013	0.92	6	12.878	9.1282475e-07	1	0	1	0	0	0
ENSG00000185361	1.233	0	2.2813	1.62687725e-07	2	0	2	0	0	0
ENSG00000160013	1.612	5	6.2574	4.5340575e-07	3	0	3	0	0	0
ENSG00000181027	1.318	9	11.905	9.85637e-07	1	0	1	1	0	1
ENSG00000130751	0.823	3	9.4178	1.40668175e-06	2	0	2	0	0	0
ENSG00000130749	0.054	0	54.645	6.31341e-06	5	0	5	0	0	0
ENSG00000105327	1.864	4	3.6948	5.5447525e-07	3	0	3	0	0	0
ENSG00000105321	0.733	12	26.538	2.498765e-06	1	0	1	0	0	0
ENSG00000197405	1.698	0	1.0815	7.699975e-08	1	0	1	0	0	0
ENSG00000134815	0.768	28	50.011	4.6750925e-06	7	0	7	1	0	1
ENSG00000105419	1.029	17	24.773	2.34366e-06	1	0	1	1	0	1
ENSG00000181781	1.369	3	5.5776	3.9417775e-07	1	0	1	1	0	1
ENSG00000118156	0.201	1	23.644	4.83941e-06	1	1	0	0	0	0
ENSG00000063169	0.304	5	34.526	2.4965875e-06	5	0	5	0	0	0
ENSG00000178928	1.795	0	0.70798	4.96939e-08	4	0	4	3	0	3
ENSG00000259009	1.549	2	3.787	2.693735e-07	1	0	1	0	0	0
ENSG00000105398	1.828	20	15.178	1.2116615e-06	1	0	1	0	0	0
ENSG00000188334	1.075	4	8.5094	7.35325e-07	5	0	5	0	0	0
ENSG00000169393	1.617	16	14.91	1.30879475e-06	2	0	2	1	0	1
ENSG00000105499	1.046	25	33.374	3.0366075e-06	16	0	16	0	0	0
ENSG00000185453	0.325	1	14.588	1.1693175e-06	3	0	3	0	0	0
ENSG00000178150	1.85	3	3.0671	2.1930775e-07	4	0	4	0	0	0
ENSG00000105479	0.962	17	26.509	2.0366325e-06	1	0	1	0	0	0
ENSG00000161558	1.425	18	18.717	1.48678025e-06	12	0	12	2	0	2
ENSG00000105464	0.167	2	37.788	3.3029325e-06	2	0	2	1	0	1
ENSG00000105447	0.773	9	20.319	1.61247225e-06	4	1	3	0	0	0
ENSG00000182324	1.568	9	9.8788	7.11406e-07	4	0	4	1	0	1
ENSG00000105355	1.169	13	17.686	1.37649825e-06	1	0	1	0	0	0
ENSG00000142233	1.739	20	16.395	1.50363075e-06	17	0	17	1	0	1
ENSG00000176909	0.836	6	14.161	1.0999055e-06	6	0	6	0	0	0
ENSG00000105538	0.247	3	31.425	3.0436425e-06	2	0	2	0	0	0
ENSG00000105552	1.22	20	23.822	2.1585725e-06	3	0	3	0	0	0
ENSG00000105559	0.822	26	43.911	4.4881625e-06	2	0	2	0	0	0
ENSG00000087074	1.235	20	23.527	2.09576e-06	8	0	8	0	0	0
ENSG00000104804	1.162	27	32.049	3.566745e-06	1	0	1	0	0	0
ENSG00000104808	1.538	14	14.161	1.28296625e-06	18	0	18	0	0	0
ENSG00000104812	0.521	12	37.292	4.059195e-06	2	0	2	1	0	1
ENSG00000104827	1.879	1	1.1413	8.21554e-08	7	0	7	0	0	0
ENSG00000267631	1.793	2	2.6673	1.8821975e-07	2	0	2	0	0	0
ENSG00000104848	0.773	3	10.03	1.005134e-06	1	0	1	0	0	0
ENSG00000104852	0.118	0	25.226	3.3444725e-06	1	1	0	1	1	0
ENSG00000130528	0.929	17	27.455	2.57548e-06	20	0	20	0	0	0
ENSG00000130529	1.099	54	61.621	5.4275025e-06	14	1	13	0	0	0
ENSG00000063127	1.088	23	29.957	2.4238925e-06	8	0	8	1	0	1
ENSG00000104901	1.428	6	8.224	7.298645e-07	7	0	7	0	0	0
ENSG00000090554	0.719	1	6.5934	1.07925275e-06	1	0	1	0	0	0
ENSG00000142552	1.706	15	13.259	1.16229925e-06	5	0	5	0	0	0
ENSG00000126458	1.099	5	9.5631	7.5882525e-07	2	0	2	2	0	2
ENSG00000126456	0.802	8	18.005	1.2301535e-06	1	1	0	0	0	0
ENSG00000126453	1.467	6	7.9775	1.530682e-06	8	0	8	0	0	0
ENSG00000126467	0.259	3	29.904	2.6691125e-06	2	0	2	0	0	0
ENSG00000010361	0.91	11	20.009	1.61679375e-06	1	0	1	0	0	0
ENSG00000104973	0.652	17	39.109	3.3639025e-06	1	1	0	0	0	0
ENSG00000039650	1.21	23	26.941	2.247515e-06	1	0	1	0	0	0
ENSG00000104946	1.206	33	36.58	3.2399525e-06	2	0	2	1	0	1
ENSG00000105053	1.039	20	27.959	2.3652675e-06	1	0	1	0	0	0
ENSG00000142528	0.443	7	29.653	2.546335e-06	1	0	1	0	0	0
ENSG00000161652	1.156	9	13.586	1.296785e-06	2	0	2	0	0	0
ENSG00000099866	0.74	1	6.4108	4.64779e-07	14	0	14	0	0	0
ENSG00000131398	0.515	3	15.05	1.41314725e-06	14	0	14	1	0	1
ENSG00000131400	1.631	19	16.973	1.45792e-06	2	0	2	0	0	0
ENSG00000131408	0.473	5	22.233	1.88136e-06	1	0	1	1	0	1
ENSG00000062822	0.527	20	55.158	4.414965e-06	1	0	1	0	0	0
ENSG00000269404	0.344	0	8.6921	8.7456775e-07	2	0	2	0	0	0
ENSG00000086967	0.964	43	57.496	4.69938e-06	2	0	2	1	0	1
ENSG00000161671	1.605	15	14.272	1.57428225e-06	1	0	1	0	0	0
ENSG00000204653	1.458	5	7.1047	1.26095675e-06	6	0	6	0	0	0
ENSG00000105472	1.116	7	11.784	8.6609225e-07	1	0	1	0	0	0
ENSG00000142513	1.513	21	19.96	1.5739975e-06	1	0	1	0	0	0
ENSG00000167748	1.319	7	9.9438	7.1306425e-07	5	0	5	0	0	0
ENSG00000167751	1.362	7	9.6169	6.8742e-07	5	0	5	0	0	0
ENSG00000167749	1.459	9	10.71	8.0461975e-07	4	0	4	0	0	0
ENSG00000167754	0.997	5	10.541	7.555255e-07	1	0	1	0	0	0
ENSG00000129451	1.594	10	10.491	9.8629025e-07	10	0	10	0	0	0
ENSG00000186474	1.363	8	10.566	7.7452e-07	2	0	2	0	0	0
ENSG00000129437	1.567	12	12.303	1.13992125e-06	1	0	1	0	0	0
ENSG00000142544	1.513	2	3.9275	2.8312525e-07	7	0	7	0	0	0
ENSG00000168995	1.242	12	15.65	1.61505175e-06	2	0	2	0	0	0
ENSG00000105383	1.319	11	13.796	9.8327525e-07	3	0	3	0	0	0
ENSG00000179213	1.83	10	8.4053	5.9504375e-07	4	0	4	0	0	0
ENSG00000127663	0.171	4	53.537	4.28063e-06	1	0	1	1	0	1
ENSG00000105379	1.053	6	11.25	1.158363e-06	1	0	1	0	0	0
ENSG00000105374	1.693	6	6.5963	4.731205e-07	2	0	2	2	0	2
ENSG00000142512	0.697	15	33.151	3.5833275e-06	3	0	3	0	0	0
ENSG00000105366	1.058	13	19.542	1.7492025e-06	5	0	5	0	0	0
ENSG00000254521	1.227	22	25.608	2.5870375e-06	13	0	13	0	0	0
ENSG00000105492	0.793	6	14.937	1.48309525e-06	1	0	1	1	0	1
ENSG00000105497	0.91	15	25.377	2.0446725e-06	13	0	13	0	0	0
ENSG00000105509	1.379	19	20.207	1.60674375e-06	15	0	15	0	0	0
ENSG00000161551	1.066	9	14.733	1.178128e-06	1	0	1	0	0	0
ENSG00000141933	1.562	2	3.7358	2.7133325e-07	3	0	3	0	0	0
ENSG00000176024	0.706	9	22.237	2.101455e-06	2	0	2	0	0	0
ENSG00000256683	0.839	8	17.213	1.8654475e-06	11	7	4	0	0	0
ENSG00000197619	0.992	21	30.488	4.0044225e-06	4	0	4	0	0	0
ENSG00000142556	1.007	14	21.733	2.3478475e-06	2	1	1	0	0	0
ENSG00000256087	1.146	24	29.447	3.6697575e-06	5	0	5	1	0	1
ENSG00000105426	0.199	10	85.368	7.916385e-06	3	0	3	1	0	1
ENSG00000198464	1.189	1	3.9232	4.46555e-07	5	0	5	0	0	0
ENSG00000167554	1.76	6	6.1328	4.348635e-07	1	0	1	0	0	0
ENSG00000221923	1.693	4	4.952	3.493045e-07	21	0	21	0	0	0
ENSG00000167555	1.674	5	5.8991	4.1906825e-07	6	0	6	0	0	0
ENSG00000258405	1.865	4	3.686	2.6017775e-07	8	0	8	0	0	0
ENSG00000167562	1.95	9	5.322	3.7638925e-07	16	0	16	0	0	0
ENSG00000213020	1.513	2	3.9277	2.7872e-07	13	2	11	0	0	0
ENSG00000180257	1.933	2	1.1615	2.55337e-07	6	0	6	0	0	0
ENSG00000170954	1.386	1	3.2518	2.136965e-07	6	0	6	0	0	0
ENSG00000197937	1.817	6	5.6628	3.7414475e-07	3	0	3	0	0	0
ENSG00000197497	1.797	3	3.4832	2.486035e-07	12	0	12	0	0	0
ENSG00000197928	1.1	15	21.006	1.46748425e-06	2	0	2	0	0	0
ENSG00000213799	1.9	4	3.2409	2.3109975e-07	14	0	14	0	0	0
ENSG00000196417	1.959	6	2.9855	2.15405e-07	2	0	2	0	0	0
ENSG00000198346	0.915	0	3.2397	2.31016e-07	8	0	8	0	0	0
ENSG00000130844	0.292	1	16.269	1.372964e-06	2	0	2	0	0	0
ENSG00000204595	1.945	7	4.225	4.666215e-07	10	0	10	0	0	0
ENSG00000142405	1.355	41	39.256	3.36608e-06	9	0	9	0	0	0
ENSG00000126583	0.203	3	38.267	3.4707675e-06	1	0	1	1	0	1
ENSG00000248385	1.542	11	11.716	1.259131e-06	12	0	12	1	0	1
ENSG00000170909	1.508	5	6.8287	5.762e-07	4	0	4	1	0	1
ENSG00000105618	0.302	3	25.648	2.0322775e-06	2	0	2	2	0	2
ENSG00000099804	0.305	0	9.804	6.9886025e-07	1	1	0	0	0	0
ENSG00000125505	0.581	5	18.092	1.436413e-06	1	0	1	0	0	0
ENSG00000204577	0.827	13	25.003	1.9053125e-06	1	0	1	0	0	0
ENSG00000105609	1.411	33	31.261	2.63779e-06	8	0	8	0	0	0
ENSG00000131042	1.107	25	31.538	2.8322575e-06	15	0	15	0	0	0
ENSG00000239961	1.448	23	22.496	1.755065e-06	2	0	2	0	0	0
ENSG00000167617	1.855	0	0.37043	2.628075e-08	4	0	4	1	0	1
ENSG00000105428	1.417	0	1.8352	1.3287105e-07	3	0	3	0	0	0
ENSG00000104974	1.609	27	23.076	1.675e-06	5	0	5	0	0	0
ENSG00000104972	1.055	25	33.093	2.6547075e-06	5	0	5	0	0	0
ENSG00000186818	1.336	20	21.745	1.549576e-06	7	0	7	0	0	0
ENSG00000242019	1.733	6	6.3289	4.467895e-07	15	0	15	0	0	0
ENSG00000197540	1.198	4	7.6216	5.43906e-07	4	0	4	0	0	0
ENSG00000243772	1.611	13	12.685	8.99073e-07	10	0	10	0	0	0
ENSG00000125498	1.871	19	13.791	1.0751825e-06	6	0	6	0	0	0
ENSG00000189013	1.148	3	6.7376	5.4479375e-07	2	0	2	0	0	0
ENSG00000167633	1.759	17	14.083	1.13405875e-06	8	0	8	0	0	0
ENSG00000240403	1.871	15	11.201	8.8143525e-07	7	0	7	0	0	0
ENSG00000186431	1.693	7	7.389	9.223555e-07	1	0	1	0	0	0
ENSG00000167634	1.047	30	38.882	3.25687e-06	2	0	2	0	0	0
ENSG00000022556	1.438	51	44.792	4.4271925e-06	3	0	3	0	0	0
ENSG00000088053	1.609	16	14.992	1.2337045e-06	7	0	7	0	0	0
ENSG00000131037	1.027	28	37.395	2.9933925e-06	3	1	2	2	0	2
ENSG00000125503	0.431	10	39.349	3.5108e-06	15	0	15	0	0	0
ENSG00000080031	1.148	46	51.244	5.3460975e-06	7	0	7	2	0	2
ENSG00000180089	1.913	7	5.1003	3.6674125e-07	13	0	13	0	0	0
ENSG00000133265	0.652	5	16.115	1.39870875e-06	2	0	2	1	0	1
ENSG00000133247	0.436	5	24.1	2.7813375e-06	2	0	2	2	0	2
ENSG00000095752	1.491	6	7.8333	8.334465e-07	2	0	2	2	0	2
ENSG00000090971	1.796	3	3.4913	3.6268775e-07	6	0	6	0	0	0
ENSG00000179954	1.111	38	44.825	4.337245e-06	5	0	5	2	0	2
ENSG00000187550	1.638	7	7.7597	6.780735e-07	10	0	10	0	0	0
ENSG00000179943	0.59	2	10.668	9.0354525e-07	8	0	8	0	0	0
ENSG00000179922	0.515	0	5.815	5.57641e-07	1	0	1	0	0	0
ENSG00000063245	0.459	5	22.89	2.3310975e-06	1	0	1	0	0	0
ENSG00000185792	1.309	37	37.191	3.2074575e-06	21	0	21	0	0	0
ENSG00000160505	0.776	20	37.435	2.9592225e-06	7	0	7	1	0	1
ENSG00000130254	0.228	5	46.21	4.2215025e-06	2	0	2	2	0	2
ENSG00000173572	0.958	30	42.455	3.4737825e-06	3	1	2	0	0	0
ENSG00000179709	1.263	38	39.434	3.1588825e-06	8	0	8	0	0	0
ENSG00000171487	0.795	29	49.756	4.2305475e-06	6	0	6	2	0	2
ENSG00000196263	0.867	12	22.424	1.6838775e-06	8	0	8	1	0	1
ENSG00000197016	1.551	27	23.975	1.918545e-06	5	0	5	0	0	0
ENSG00000197951	1.219	14	17.957	1.57769925e-06	7	1	6	0	0	0
ENSG00000268182	1.62	3	4.4483	3.2037725e-07	4	0	4	0	0	0
ENSG00000167733	1.778	7	6.7526	9.3356125e-07	2	0	2	0	0	0
ENSG00000258873	1.51	12	12.815	1.1279115e-06	1	0	1	1	0	1
ENSG00000083844	0.992	13	20.828	1.726925e-06	1	0	1	0	0	0
ENSG00000105146	0.726	4	12.61	9.17699e-07	15	0	15	0	0	0
ENSG00000178229	1.681	23	19.224	1.62409675e-06	4	0	4	0	0	0
ENSG00000152433	1.813	3	3.3674	2.4131725e-07	3	0	3	0	0	0
ENSG00000188785	1.068	1	4.4118	3.15034e-07	1	0	1	0	0	0
ENSG00000186272	1.322	1	3.4601	2.288385e-07	3	0	3	0	0	0
ENSG00000186230	1.68	2	3.2487	2.313845e-07	35	0	35	1	0	1
ENSG00000105136	1.446	4	6.2178	4.3059225e-07	4	0	4	0	0	0
ENSG00000152439	1.447	9	10.804	7.6070125e-07	6	0	6	0	0	0
ENSG00000121406	0.896	0	3.3138	3.4784725e-07	1	0	1	0	0	0
ENSG00000183647	1.831	3	3.2342	2.321215e-07	7	0	7	0	0	0
ENSG00000121417	1.75	13	11.373	1.11513125e-06	5	0	5	3	0	3
ENSG00000204519	1.622	2	3.4962	2.4912275e-07	2	0	2	0	0	0
ENSG00000083814	1.881	10	7.7153	7.033995e-07	2	0	2	2	0	2
ENSG00000152443	1.855	3	3.0157	2.1629275e-07	10	0	10	0	0	0
ENSG00000083828	1.712	0	1.0358	1.91218e-07	5	0	5	0	0	0
ENSG00000172270	0.964	10	17.599	1.394337e-06	1	0	1	0	0	0
ENSG00000178935	1.908	4	3.1018	2.214015e-07	3	0	3	0	0	0
ENSG00000141994	0.943	22	33.296	2.834435e-06	5	0	5	2	0	2
ENSG00000204514	1.717	2	3.0752	2.2044675e-07	8	1	7	0	0	0
ENSG00000173480	1.849	3	3.0753	2.2011175e-07	3	0	3	0	0	0
ENSG00000196724	1.527	14	14.269	1.31703575e-06	30	0	30	1	0	1
ENSG00000152454	1.88	3	2.7575	1.96511e-07	5	0	5	0	0	0
ENSG00000177025	1.595	10	10.48	8.479185e-07	1	0	1	1	0	1
ENSG00000152467	1.593	10	10.495	8.4049825e-07	7	0	7	0	0	0
ENSG00000176293	1.165	23	27.968	2.67665e-06	34	0	34	0	0	0
ENSG00000181894	0.913	8	15.81	1.38460525e-06	3	1	2	0	0	0
ENSG00000198131	1.577	5	6.4504	6.0837675e-07	8	0	8	0	0	0
ENSG00000121410	1.208	15	19.119	1.52902375e-06	5	0	5	0	0	0
ENSG00000152475	1.678	9	9.0557	9.7453175e-07	11	0	11	1	0	1
ENSG00000171574	1.124	8	12.838	1.0463725e-06	10	0	10	0	0	0
ENSG00000131849	1.284	20	22.637	2.04216e-06	2	0	2	0	0	0
ENSG00000249471	1.098	9	14.304	1.315746e-06	1	0	1	0	0	0
ENSG00000083838	0.837	5	12.562	1.8497025e-06	11	0	11	0	0	0
ENSG00000083807	1.207	24	27.958	2.4061375e-06	3	0	3	0	0	0
ENSG00000119574	1.13	9	13.895	1.39304725e-06	1	0	1	0	0	0
ENSG00000099326	1.082	19	25.756	2.2262425e-06	4	0	4	0	0	0
ENSG00000130382	0.288	2	21.882	1.5508825e-06	3	0	3	0	0	0
ENSG00000125650	1.749	6	6.2145	6.8388575e-07	1	0	1	0	0	0
ENSG00000125651	0.759	13	27.244	2.0929125e-06	3	0	3	1	0	1
ENSG00000181240	1.523	17	16.699	1.33489125e-06	2	0	2	2	0	2
ENSG00000205744	0.677	16	35.914	2.804285e-06	2	0	2	1	0	1
ENSG00000070423	0.338	1	14.056	1.144762e-06	1	1	0	0	0	0
ENSG00000125657	1.123	1	4.179	3.021365e-07	1	0	1	0	0	0
ENSG00000125733	0.616	14	35.515	3.0332575e-06	1	1	0	0	0	0
ENSG00000125731	1.026	15	22.502	2.1826925e-06	9	0	9	0	0	0
ENSG00000070404	0.586	1	8.0896	6.91976e-07	7	0	7	0	0	0
ENSG00000174837	1.137	37	42.804	3.7384325e-06	8	0	8	0	0	0
ENSG00000185198	1.708	7	7.2849	7.8926e-07	1	0	1	0	0	0
ENSG00000237247	1.934	1	0.38193	2.7468325e-08	3	0	3	0	0	0
ENSG00000182315	1.889	0	0.099558	6.9701775e-09	6	0	6	0	0	0
ENSG00000130544	0.931	4	9.828	8.399455e-07	3	0	3	0	0	0
ENSG00000104880	0.451	14	48.518	4.07695e-06	2	1	1	1	1	0
ENSG00000104883	1.66	11	10.729	1.04319e-06	11	0	11	0	0	0
ENSG00000032444	0.617	31	67.841	6.5316625e-06	13	0	13	1	0	1
ENSG00000099812	1.292	19	21.574	1.693425e-06	2	0	2	1	0	1
ENSG00000076924	0.309	9	50.8	4.351985e-06	1	1	0	0	0	0
ENSG00000076944	0.842	17	30.282	2.207985e-06	6	0	6	0	0	0
ENSG00000104921	1.368	18	19.51	1.59384625e-06	12	0	12	0	0	0
ENSG00000182566	1.109	10	15.294	1.09687375e-06	1	0	1	0	0	0
ENSG00000090659	1.446	15	15.95	1.79426e-06	1	0	1	0	0	0
ENSG00000171017	0.879	13	23.501	1.9505375e-06	5	0	5	0	0	0
ENSG00000076984	0.232	1	20.411	1.61709525e-06	5	0	5	0	0	0
ENSG00000104976	0.858	3	9.0352	6.4425525e-07	3	0	3	0	0	0
ENSG00000142449	0.743	90	144.34	1.27268175e-05	13	0	13	3	0	3
ENSG00000090661	1.679	30	24.122	2.3022875e-06	7	0	7	1	0	1
ENSG00000267855	1.835	6	5.4912	3.90409e-07	1	0	1	0	0	0
ENSG00000186994	1.053	15	21.93	1.8885625e-06	1	0	1	0	0	0
ENSG00000167772	1.283	18	20.805	1.970135e-06	4	1	3	0	0	0
ENSG00000196415	1.647	7	7.6991	6.899995e-07	1	0	1	1	0	1
ENSG00000142303	0.33	12	58.954	5.2395675e-06	4	0	4	4	0	4
ENSG00000181143	0.759	232	340.64	2.6342725e-05	36	0	36	2	0	2
ENSG00000174667	1.931	2	1.2124	8.335135e-08	9	0	9	0	0	0
ENSG00000196110	0.872	12	22.284	1.65913775e-06	1	0	1	0	0	0
ENSG00000188629	1.084	7	12.128	1.1397035e-06	2	0	2	0	0	0
ENSG00000198028	1.103	10	15.372	1.09372475e-06	9	0	9	0	0	0
ENSG00000130818	1.398	9	11.198	9.37866e-07	5	0	5	1	0	1
ENSG00000171469	1.696	7	7.3691	5.20255e-07	3	0	3	0	0	0
ENSG00000224689	1.947	7	4.1494	2.91249e-07	4	0	4	0	0	0
ENSG00000196605	1.891	8	6.1971	4.38917e-07	32	0	32	1	0	1
ENSG00000127452	0.831	4	11.018	1.1740745e-06	8	0	8	0	0	0
ENSG00000115526	0.95	9	16.529	1.7786825e-06	1	0	1	1	0	1
ENSG00000204640	1.631	16	14.763	1.35103825e-06	2	0	2	0	0	0
ENSG00000170485	0.133	2	47.164	3.6486525e-06	1	0	1	1	0	1
ENSG00000204634	0.697	30	58.401	5.84508e-06	1	0	1	0	0	0
ENSG00000163162	0.851	8	16.954	1.3509545e-06	2	0	2	1	0	1
ENSG00000175874	1.497	7	8.6785	7.6431925e-07	9	0	9	0	0	0
ENSG00000115590	1.69	20	16.994	1.20661975e-06	2	0	2	0	0	0
ENSG00000115598	0.989	21	30.585	2.7146725e-06	12	0	12	0	0	0
ENSG00000115602	1.173	21	25.789	1.9873875e-06	4	0	4	1	0	1
ENSG00000180251	1.1	24	30.695	2.599265e-06	4	0	4	0	0	0
ENSG00000135953	1.535	14	14.188	1.1507585e-06	20	1	19	0	0	0
ENSG00000170417	0.736	3	10.528	9.7265575e-07	1	0	1	0	0	0
ENSG00000135972	0.998	18	26.758	2.50111e-06	2	0	2	0	0	0
ENSG00000115652	0.612	9	25.655	2.242155e-06	2	1	1	0	0	0
ENSG00000144057	0.707	7	18.609	1.49823725e-06	4	0	4	1	0	1
ENSG00000143882	0.939	16	25.879	2.33763e-06	3	0	3	0	0	0
ENSG00000196862	1.902	76	47.193	4.02737e-06	4	0	4	0	0	0
ENSG00000198203	1.273	14	17.19	1.646324e-06	1	0	1	0	0	0
ENSG00000198075	1.204	10	14.082	9.96022e-07	3	0	3	1	0	1
ENSG00000135968	0.414	26	87.245	7.42092e-06	6	0	6	1	0	1
ENSG00000153201	0.142	11	128.53	1.15747525e-05	3	2	1	0	0	0
ENSG00000163006	0.913	22	34.399	2.6811725e-06	5	0	5	0	0	0
ENSG00000172985	0.527	8	27.377	2.10581e-06	1	0	1	0	0	0
ENSG00000153093	1.078	27	34.536	2.6232175e-06	14	0	14	0	0	0
ENSG00000150873	1.739	6	6.2865	5.358995e-07	11	0	11	2	0	2
ENSG00000162976	1.816	13	10.645	7.584735e-07	4	0	4	0	0	0
ENSG00000134318	0.215	11	84.577	7.83163e-06	1	0	1	1	0	1
ENSG00000153214	1.029	24	32.788	2.32825e-06	4	0	4	0	0	0
ENSG00000169629	1.068	13	19.353	1.66064525e-06	10	0	10	0	0	0
ENSG00000144130	0.93	17	27.417	2.083365e-06	10	1	9	0	0	0
ENSG00000169607	0.626	12	31.075	2.5850275e-06	1	0	1	0	0	0
ENSG00000125538	0.648	4	14.12	1.5281695e-06	3	1	2	0	0	0
ENSG00000125571	1.729	6	6.3573	4.4459525e-07	6	0	6	0	0	0
ENSG00000136694	1.298	3	5.9169	5.6606625e-07	2	0	2	0	0	0
ENSG00000136696	1.196	5	8.7807	9.00815e-07	7	0	7	0	0	0
ENSG00000136695	1.895	10	7.4692	6.8294775e-07	1	0	1	0	0	0
ENSG00000125637	0.37	11	49.22	3.958695e-06	1	0	1	0	0	0
ENSG00000136682	0.819	6	14.451	1.0210465e-06	5	0	5	0	0	0
ENSG00000144134	1.565	6	7.384	8.50699e-07	3	0	3	0	0	0
ENSG00000115084	0.832	17	30.649	2.569785e-06	2	0	2	0	0	0
ENSG00000196208	0.476	31	87.877	7.02562e-06	2	1	1	0	0	0
ENSG00000172554	1.118	25	31.22	2.58754e-06	9	0	9	0	0	0
ENSG00000169006	1.087	5	9.6641	8.15926e-07	6	0	6	0	0	0
ENSG00000134324	0.727	29	54.371	4.8918375e-06	1	1	0	0	0	0
ENSG00000125629	0.771	4	11.874	1.0624525e-06	1	0	1	0	0	0
ENSG00000019169	1.34	31	31.226	2.6734675e-06	6	0	6	0	0	0
ENSG00000144119	1.218	3	6.3335	4.48699e-07	1	0	1	0	0	0
ENSG00000155368	1.507	4	5.9114	4.9655375e-07	1	1	0	0	0	0
ENSG00000080293	1.144	21	26.442	2.1769975e-06	4	0	4	1	0	1
ENSG00000088179	0.279	10	60.86	6.0552925e-06	1	0	1	1	0	1
ENSG00000155438	0.956	8	15.092	1.349045e-06	8	0	8	1	0	1
ENSG00000211460	0.454	2	13.861	1.466563e-06	3	3	0	2	2	0
ENSG00000136717	0.215	2	29.253	2.8567125e-06	3	1	2	3	1	2
ENSG00000163161	0.786	24	42.96	4.62434e-06	9	0	9	1	0	1
ENSG00000163166	0.267	5	39.373	3.96372e-06	1	1	0	0	0	0
ENSG00000144230	1.463	7	8.9098	7.957925e-07	4	0	4	0	0	0
ENSG00000136709	0.213	10	79.597	8.9043e-06	1	1	0	0	0	0
ENSG00000136731	0.491	33	89.897	7.4388425e-06	2	0	2	0	0	0
ENSG00000152076	1.404	16	17.297	1.3762135e-06	3	0	3	0	0	0
ENSG00000152082	1.565	2	3.7258	2.68469e-07	2	0	2	0	0	0
ENSG00000136710	1.78	10	8.9293	6.5266375e-07	3	0	3	0	0	0
ENSG00000072135	0.984	18	27.119	2.366775e-06	1	0	1	0	0	0
ENSG00000196834	1.912	11	7.7941	6.521445e-07	23	0	23	0	0	0
ENSG00000136698	1.247	2	4.9933	4.4292025e-07	1	0	1	0	0	0
ENSG00000222038	1.363	13	15.158	1.15663775e-06	13	0	13	0	0	0
ENSG00000173302	1.842	6	5.4199	5.3065675e-07	5	0	5	0	0	0
ENSG00000178171	0.539	2	11.674	1.10374125e-06	1	0	1	1	0	1
ENSG00000136002	0.553	12	35.174	2.7789925e-06	2	0	2	2	0	2
ENSG00000115762	1.398	15	16.514	1.65665875e-06	7	0	7	0	0	0
ENSG00000163040	1.863	24	17.144	1.36306475e-06	10	0	10	0	0	0
ENSG00000183840	1.81	12	10.035	7.2525825e-07	3	1	2	0	0	0
ENSG00000115839	0.544	23	59.874	5.6325225e-06	3	1	2	0	0	0
ENSG00000121988	0.947	40	55.002	4.8422575e-06	16	0	16	0	0	0
ENSG00000115850	0.358	19	77.964	6.94857e-06	22	0	22	0	0	0
ENSG00000115866	0.682	14	32.077	2.8392925e-06	1	0	1	1	0	1
ENSG00000150540	0.796	5	13.201	9.329415e-07	3	0	3	0	0	0
ENSG00000168702	0.317	63	244.88	2.1012875e-05	1	0	1	0	0	0
ENSG00000115919	1.353	27	27.511	2.523555e-06	2	0	2	0	0	0
ENSG00000075884	0.903	17	28.245	2.626735e-06	1	0	1	0	0	0
ENSG00000162981	0.42	0	7.1198	5.124495e-07	3	0	3	0	0	0
ENSG00000115705	1.107	36	42.93	3.7866725e-06	13	0	13	0	0	0
ENSG00000115947	1.13	22	27.81	2.35974e-06	1	0	1	0	0	0
ENSG00000150556	1.012	6	11.703	1.2488465e-06	1	0	1	0	0	0
ENSG00000187123	1.481	9	10.535	1.277355e-06	7	0	7	0	0	0
ENSG00000184898	1.119	2	5.603	3.9153125e-07	1	1	0	0	0	0
ENSG00000123609	1.119	10	15.155	1.21201325e-06	12	0	12	0	0	0
ENSG00000123610	1.228	11	14.822	1.16122725e-06	4	0	4	1	0	1
ENSG00000151779	0.777	90	137.98	1.2425485e-05	12	1	11	0	0	0
ENSG00000162980	0.798	3	9.7142	6.91239e-07	1	0	1	0	0	0
ENSG00000115145	0.733	13	28.205	1.9937525e-06	2	0	2	0	0	0
ENSG00000157827	0.288	9	54.561	4.6395825e-06	7	0	7	0	0	0
ENSG00000196504	0.4	14	54.721	4.8677175e-06	1	0	1	1	0	1
ENSG00000177519	1.735	1	2.042	1.44915975e-07	1	0	1	0	0	0
ENSG00000144278	0.285	3	27.251	2.176495e-06	1	1	0	0	0	0
ENSG00000153234	0.133	0	22.421	1.868965e-06	1	1	0	0	0	0
ENSG00000115159	0.86	22	36.517	3.0181825e-06	14	0	14	1	0	1
ENSG00000136542	0.981	26	36.761	3.28166e-06	10	0	10	3	0	3
ENSG00000136541	1.285	9	12.213	1.09409325e-06	1	0	1	0	0	0
ENSG00000123612	0.634	10	26.748	2.62037e-06	1	0	1	0	0	0
ENSG00000153237	1.512	42	35.924	2.7913875e-06	5	0	5	2	0	2
ENSG00000144283	0.613	29	64.531	6.7229475e-06	2	0	2	1	0	1
ENSG00000163331	1.882	6	4.9298	3.4650725e-07	4	0	4	1	0	1
ENSG00000115183	0.429	24	78.654	7.060125e-06	2	0	2	0	0	0
ENSG00000123636	0.613	5	17.164	1.0116665e-05	1	1	0	0	0	0
ENSG00000136536	0.384	7	34.209	3.2915425e-06	3	0	3	1	0	1
ENSG00000054219	0.92	77	101.14	8.520725e-06	4	1	3	0	0	0
ENSG00000153246	0.868	60	85.685	6.7011725e-06	19	1	18	1	0	1
ENSG00000115233	0.298	1	15.94	1.13163e-06	1	0	1	0	0	0
ENSG00000197635	0.616	23	52.863	3.9186625e-06	4	0	4	0	0	0
ENSG00000078098	1.1	47	54.476	4.2653875e-06	2	0	2	0	0	0
ENSG00000115271	1.146	7	11.47	1.113875e-06	7	0	7	2	0	2
ENSG00000115290	0.496	8	29.122	2.465265e-06	3	0	3	0	0	0
ENSG00000130508	0.523	23	62.332	5.4469325e-06	1	0	1	1	0	1
ENSG00000169507	1.698	19	16.195	1.3331325e-06	2	0	2	0	0	0
ENSG00000153253	0.174	8	83.095	7.976015e-06	1	1	0	1	1	0
ENSG00000115339	0.863	18	30.939	2.725895e-06	2	0	2	0	0	0
ENSG00000123607	0.852	53	78.175	6.5862675e-06	1	0	1	0	0	0
ENSG00000169432	0.757	47	79.174	7.10267e-06	8	0	8	1	0	1
ENSG00000163072	1.059	24	31.874	2.8131625e-06	1	0	1	0	0	0
ENSG00000152253	0.757	5	13.888	1.59592325e-06	1	0	1	0	0	0
ENSG00000163093	0.89	12	21.838	1.709505e-06	1	0	1	0	0	0
ENSG00000138399	1.371	42	39.63	3.5886875e-06	7	0	7	2	0	2
ENSG00000138398	0.32	7	41.124	4.344615e-06	1	1	0	0	0	0
ENSG00000154479	1.178	25	29.642	2.893395e-06	3	1	2	0	0	0
ENSG00000204334	1.409	4	6.4044	5.5611675e-07	1	0	1	1	0	1
ENSG00000123600	1.335	17	19.091	1.6645145e-06	8	0	8	0	0	0
ENSG00000115827	0.82	15	28.154	2.1367975e-06	2	1	1	0	0	0
ENSG00000172878	1.111	11	16.382	1.258662e-06	9	0	9	0	0	0
ENSG00000152256	0.812	12	23.956	2.20564e-06	1	0	1	0	0	0
ENSG00000091436	0.681	21	44.433	3.52822e-06	1	0	1	1	0	1
ENSG00000144354	0.583	8	24.752	2.4650975e-06	1	0	1	0	0	0
ENSG00000163328	0.974	30	41.783	3.624365e-06	1	0	1	0	0	0
ENSG00000138435	1.079	15	21.402	1.54141875e-06	1	0	1	1	0	1
ENSG00000214842	1.179	32	36.451	2.969105e-06	7	0	7	0	0	0
ENSG00000128714	0.952	5	11.048	8.1493775e-07	2	0	2	0	0	0
ENSG00000128713	1.533	5	6.6885	4.7910025e-07	1	0	1	0	0	0
ENSG00000128709	1.066	4	8.5832	6.23033e-07	2	0	2	0	0	0
ENSG00000175879	0.848	3	9.1472	6.6797325e-07	2	0	2	1	0	1
ENSG00000128652	0.548	3	14.146	1.12079275e-06	1	0	1	0	0	0
ENSG00000128645	1.206	5	8.7029	6.502015e-07	1	0	1	0	0	0
ENSG00000196659	1.128	14	19.398	1.667161e-06	1	0	1	0	0	0
ENSG00000197557	0.999	13	20.68	1.7425025e-06	3	0	3	0	0	0
ENSG00000128655	1.404	52	46.671	4.224685e-06	24	0	24	0	0	0
ENSG00000178295	0.951	29	41.571	3.4885225e-06	3	0	3	1	0	1
ENSG00000079156	0.207	6	57.118	5.0871425e-06	1	1	0	0	0	0
ENSG00000155657	0.297	260	969.16	0.000127794125	11	1	10	5	0	5
ENSG00000163492	1.165	27	31.961	5.8750625e-06	7	0	7	0	0	0
ENSG00000188452	1.542	34	29.34	2.4701225e-06	8	0	8	0	0	0
ENSG00000077232	0.631	22	49.761	4.39587e-06	11	0	11	1	0	1
ENSG00000162999	1.569	4	5.602	5.1655325e-07	1	0	1	0	0	0
ENSG00000163002	0.662	6	17.892	1.54068175e-06	1	0	1	0	0	0
ENSG00000170396	0.479	12	40.578	3.51348e-06	2	0	2	0	0	0
ENSG00000240857	1.795	7	6.6062	4.728525e-07	1	0	1	0	0	0
ENSG00000185013	1.061	18	25.157	2.12926e-06	2	0	2	0	0	0
ENSG00000138448	0.443	19	62.911	5.439395e-06	1	0	1	0	0	0
ENSG00000144369	0.408	7	32.259	2.5451625e-06	1	0	1	0	0	0
ENSG00000064989	0.298	3	26.023	1.9847075e-06	1	1	0	0	0	0
ENSG00000168542	0.098	4	93.664	9.247675e-06	1	1	0	0	0	0
ENSG00000128694	0.995	9	15.79	1.250287e-06	4	0	4	1	0	1
ENSG00000128699	1.158	2	5.4071	3.8308925e-07	8	0	8	0	0	0
ENSG00000198130	1.186	22	26.488	2.255555e-06	1	0	1	0	0	0
ENSG00000151689	1.273	11	14.296	1.1670395e-06	1	0	1	0	0	0
ENSG00000115419	0.323	6	36.614	3.5072825e-06	1	0	1	0	0	0
ENSG00000138378	0.347	10	48.818	4.0084425e-06	1	1	0	0	0	0
ENSG00000128641	0.43	22	73.065	6.8656575e-06	3	0	3	0	0	0
ENSG00000168497	1.702	12	11.115	1.23228075e-06	1	0	1	0	0	0
ENSG00000144339	0.739	11	24.628	2.1632625e-06	1	0	1	0	0	0
ENSG00000118997	0.837	140	192.4	1.74334e-05	38	1	37	10	0	10
ENSG00000081320	0.715	6	16.572	1.519359e-06	2	1	1	0	0	0
ENSG00000247626	0.871	10	19.468	1.597883e-06	4	0	4	0	0	0
ENSG00000118965	0.831	47	72.156	6.66851e-06	1	0	1	0	0	0
ENSG00000178074	0.805	5	13.055	1.065568e-06	2	0	2	0	0	0
ENSG00000162971	1.236	17	20.627	2.008995e-06	1	0	1	1	0	1
ENSG00000132031	1.249	14	17.518	1.61223775e-06	2	0	2	0	0	0
ENSG00000068697	0.877	6	13.497	1.23904775e-06	1	0	1	1	0	1
ENSG00000155729	1.423	12	13.636	1.10166425e-06	1	0	1	0	0	0
ENSG00000163535	0.647	18	41.254	3.19523e-06	2	0	2	0	0	0
ENSG00000138356	0.936	59	78.306	7.4006525e-06	14	1	13	0	0	0
ENSG00000115942	0.364	6	32.53	2.727235e-06	1	0	1	1	0	1
ENSG00000119013	1.941	6	3.7189	2.6312575e-07	3	0	3	0	0	0
ENSG00000003400	1.342	20	21.659	1.82776e-06	13	0	13	0	0	0
ENSG00000155749	1.462	32	29.397	2.2255725e-06	11	0	11	0	0	0
ENSG00000115993	0.824	30	49.409	5.261175e-06	9	0	9	0	0	0
ENSG00000155754	0.879	17	29.023	5.1477775e-06	26	0	26	1	0	1
ENSG00000003393	0.516	36	92.198	8.5503725e-06	4	2	2	0	0	0
ENSG00000155760	0.606	5	17.362	1.261074e-06	1	0	1	0	0	0
ENSG00000055044	0.553	10	30.647	2.7464975e-06	3	0	3	0	0	0
ENSG00000163596	0.64	10	26.511	2.101455e-06	6	0	6	0	0	0
ENSG00000144426	0.654	77	142.26	1.3657615e-05	17	0	17	1	0	1
ENSG00000119004	1.366	25	25.56	2.2041325e-06	3	0	3	1	0	1
ENSG00000138443	0.553	5	19.015	2.1733125e-06	1	0	1	0	0	0
ENSG00000116117	0.769	30	52.904	5.0677125e-06	2	0	2	0	0	0
ENSG00000023228	0.812	22	38.671	3.6396075e-06	1	1	0	0	0	0
ENSG00000183671	1.481	9	10.533	1.0056365e-06	39	0	39	0	0	0
ENSG00000204186	0.46	12	42.255	3.2389475e-06	4	0	4	1	0	1
ENSG00000118960	1.217	11	14.959	1.34504175e-06	4	0	4	0	0	0
ENSG00000232125	1.291	29	30.639	2.691725e-06	7	0	7	0	0	0
ENSG00000138400	1.177	23	27.675	2.2439975e-06	1	0	1	1	0	1
ENSG00000118246	0.75	14	29.187	2.64918e-06	2	0	2	2	0	2
ENSG00000144410	1.78	27	20.53	1.7056525e-06	3	0	3	0	0	0
ENSG00000144401	1.181	6	10.021	8.67918e-07	18	0	18	0	0	0
ENSG00000118961	0.919	8	15.707	1.52212275e-06	1	0	1	0	0	0
ENSG00000118231	1.504	6	7.7539	6.8669975e-07	1	0	1	0	0	0
ENSG00000182187	1.824	10	8.4705	6.049095e-07	4	0	4	0	0	0
ENSG00000188674	1.631	15	14.017	1.29938125e-06	4	0	4	0	0	0
ENSG00000138413	1.327	19	20.999	1.8212275e-06	1	0	1	0	0	0
ENSG00000144407	1.392	30	29.225	2.5371225e-06	12	0	12	2	0	2
ENSG00000078018	0.356	4	25.739	4.9970275e-06	1	0	1	0	0	0
ENSG00000084674	0.461	56	151.72	1.31097225e-05	9	1	8	0	0	0
ENSG00000115361	1.162	21	26.025	2.2141825e-06	5	1	4	0	0	0
ENSG00000021826	0.526	30	77.369	6.4974925e-06	2	1	1	0	0	0
ENSG00000218819	0.527	18	50.622	3.9320625e-06	2	0	2	2	0	2
ENSG00000030419	0.272	2	23.17	2.112175e-06	8	0	8	0	0	0
ENSG00000144451	1.708	45	33.664	2.8577175e-06	4	0	4	0	0	0
ENSG00000138376	1.358	36	35.02	3.0108125e-06	1	0	1	0	0	0
ENSG00000144452	0.478	50	132.53	1.214241e-05	2	1	1	0	0	0
ENSG00000138363	1.248	30	32.592	2.84549e-06	1	0	1	0	0	0
ENSG00000115414	0.337	34	134.26	1.29040325e-05	1	1	0	0	0	0
ENSG00000118242	1.491	11	12.155	1.19338725e-06	9	0	9	0	0	0
ENSG00000115425	1.288	13	16.048	1.5006995e-06	12	0	12	0	0	0
ENSG00000079246	0.147	2	42.965	3.8459675e-06	2	2	0	0	0	0
ENSG00000138375	0.611	17	41.744	3.4543525e-06	2	0	2	1	0	1
ENSG00000231672	1.95	8	4.695	3.325545e-07	1	0	1	0	0	0
ENSG00000188282	1.133	23	28.755	2.118205e-06	10	0	10	1	0	1
ENSG00000163464	1.865	9	7.2725	6.7778875e-07	8	0	8	0	0	0
ENSG00000135926	1.117	15	20.67	1.926585e-06	4	1	3	1	0	1
ENSG00000127838	1.287	16	18.881	1.53860475e-06	9	0	9	1	0	1
ENSG00000018280	1.354	29	29.201	2.6339375e-06	1	0	1	0	0	0
ENSG00000127831	0.861	29	45.938	3.8677425e-06	1	0	1	0	0	0
ENSG00000115556	0.886	27	42.011	3.55636e-06	12	1	11	0	0	0
ENSG00000115568	0.792	34	57.174	6.0519425e-06	4	0	4	1	0	1
ENSG00000135912	0.696	30	58.44	5.780425e-06	4	1	3	0	0	0
ENSG00000135929	1.376	28	27.895	2.790215e-06	4	0	4	0	0	0
ENSG00000135925	1.369	14	15.975	1.591518e-06	5	0	5	0	0	0
ENSG00000163497	1.317	4	6.9009	4.979775e-07	1	0	1	0	0	0
ENSG00000163499	1.263	7	10.397	7.689255e-07	1	0	1	1	0	1
ENSG00000181378	0.783	57	90.811	7.352915e-06	4	0	4	1	0	1
ENSG00000213901	0.832	13	24.838	3.0747975e-06	2	0	2	1	0	1
ENSG00000115657	0.977	35	47.481	4.417645e-06	18	0	18	0	0	0
ENSG00000182698	1.747	13	11.405	8.15189e-07	11	0	11	0	0	0
ENSG00000123992	0.93	16	26.13	2.1582375e-06	2	0	2	1	0	1
ENSG00000144591	0.943	17	27.045	2.703115e-06	2	0	2	1	0	1
ENSG00000114923	0.527	18	50.683	4.7698975e-06	1	0	1	0	0	0
ENSG00000163082	0.95	6	12.46	8.8746525e-07	1	0	1	1	0	1
ENSG00000123983	0.55	13	37.578	3.420015e-06	3	0	3	0	0	0
ENSG00000135900	1.644	13	12.384	8.7215575e-07	3	0	3	0	0	0
ENSG00000124019	1.721	8	7.9551	8.6217275e-07	4	0	4	0	0	0
ENSG00000169031	0.522	38	95.406	8.18271e-06	1	0	1	0	0	0
ENSG00000168958	0.632	5	16.628	2.21502e-06	1	0	1	1	0	1
ENSG00000153832	1.74	9	8.5611	7.1591175e-07	8	0	8	0	0	0
ENSG00000079263	0.538	18	49.626	4.2536625e-06	5	0	5	0	0	0
ENSG00000185404	0.863	16	28.163	2.8704475e-06	2	0	2	2	0	2
ENSG00000204128	1.692	1	2.2237	1.59160175e-07	3	0	3	0	0	0
ENSG00000035115	1.112	14	19.68	1.80029e-06	10	0	10	0	0	0
ENSG00000135914	1.334	16	18.213	2.001625e-06	13	0	13	0	0	0
ENSG00000173692	0.118	2	53.174	4.854485e-06	1	0	1	0	0	0
ENSG00000135931	1.053	30	38.648	3.04984e-06	2	0	2	0	0	0
ENSG00000115053	0.177	2	35.632	3.9126325e-06	1	0	1	0	0	0
ENSG00000171596	1.267	8	11.379	1.09931925e-06	8	0	8	0	0	0
ENSG00000163283	1.295	21	23.358	2.3639275e-06	1	0	1	0	0	0
ENSG00000163286	1.315	18	20.29	1.6379155e-06	14	0	14	0	0	0
ENSG00000163295	1.486	26	24.266	2.1981025e-06	1	0	1	0	0	0
ENSG00000171551	0.831	27	44.801	4.2901775e-06	4	0	4	0	0	0
ENSG00000196811	1.314	26	27.454	3.1384475e-06	6	0	6	0	0	0
ENSG00000115488	1.928	17	11.151	1.08849875e-06	10	1	9	0	0	0
ENSG00000130561	1.438	24	23.469	2.061255e-06	2	0	2	0	0	0
ENSG00000077044	0.366	17	69.681	6.1480875e-06	1	0	1	0	0	0
ENSG00000085982	0.91	48	67.075	5.4342025e-06	15	0	15	0	0	0
ENSG00000242515	1.742	25	19.769	1.8821975e-06	10	0	10	0	0	0
ENSG00000185038	0.747	46	78.75	6.4572925e-06	61	0	61	0	0	0
ENSG00000123485	0.786	16	30.937	2.6135025e-06	1	1	0	0	0	0
ENSG00000144481	1.039	50	60.889	5.6968425e-06	5	0	5	0	0	0
ENSG00000130147	0.572	10	29.667	2.55471e-06	5	0	5	1	0	1
ENSG00000224361	1.895	2	1.7945	1.26125825e-07	8	0	8	0	0	0
ENSG00000224132	1.646	0	1.2458	8.9714675e-08	2	0	2	0	0	0
ENSG00000163359	0.562	55	122.52	1.190121e-05	8	0	8	2	0	2
ENSG00000071677	1.858	1	1.3271	9.4324275e-08	1	0	1	1	0	1
ENSG00000124831	0.562	16	43.211	1.23941625e-06	4	0	4	0	0	0
ENSG00000177483	0.509	13	40.609	2.9903775e-06	6	0	6	0	0	0
ENSG00000132330	1.153	16	21.067	1.7971075e-06	1	0	1	0	0	0
ENSG00000144488	0.938	20	30.979	2.622715e-06	4	0	4	0	0	0
ENSG00000132326	0.347	11	52.51	4.61831e-06	1	0	1	0	0	0
ENSG00000204104	0.737	19	37.807	3.448155e-06	4	0	4	1	0	1
ENSG00000065802	0.939	6	12.609	1.14802825e-06	3	0	3	0	0	0
ENSG00000196758	1.607	6	7.1304	7.955245e-07	3	0	3	0	0	0
ENSG00000205639	1.153	18	23.154	1.7183825e-06	5	0	5	0	0	0
ENSG00000172428	1.481	5	6.9757	6.49766e-07	1	0	1	0	0	0
ENSG00000163026	0.782	8	18.45	1.41113725e-06	6	0	6	0	0	0
ENSG00000144504	1.214	38	41.042	3.37077e-06	12	0	12	0	0	0
ENSG00000178623	1.595	3	4.5615	5.622975e-07	7	0	7	0	0	0
ENSG00000115128	0.679	1	6.9815	6.02598e-07	1	0	1	0	0	0
ENSG00000184945	1.534	3	4.834	3.462225e-07	1	0	1	0	0	0
ENSG00000115129	1.656	15	13.758	1.23157725e-06	12	0	12	0	0	0
ENSG00000172478	1.315	7	9.9768	9.0679475e-07	2	0	2	1	0	1
ENSG00000115687	0.966	40	53.926	4.8395775e-06	21	0	21	1	0	1
ENSG00000146205	1.371	60	54.265	4.685645e-06	13	0	13	0	0	0
ENSG00000006607	1.183	56	59.132	5.0851325e-06	4	0	4	0	0	0
ENSG00000115694	0.533	7	24.648	2.326575e-06	1	1	0	0	0	0
ENSG00000176720	1.017	2	6.1818	4.423005e-07	1	0	1	0	0	0
ENSG00000154252	1.885	14	10.301	9.039975e-07	6	0	6	1	0	1
ENSG00000204099	1.606	10	10.393	8.9182025e-07	15	1	14	0	0	0
ENSG00000188011	1.927	2	1.29	9.28017e-08	6	0	6	0	0	0
ENSG00000216921	1.931	3	1.9354	2.3830225e-07	18	0	18	0	0	0
ENSG00000198399	0.491	41	108.39	9.830575e-06	6	4	2	0	0	0
ENSG00000115138	1.384	7	9.4564	8.328435e-07	8	0	8	0	0	0
ENSG00000119772	1.581	52	41.433	3.50879e-06	2	0	2	2	0	2
ENSG00000138101	0.757	19	36.842	3.9786275e-06	5	0	5	4	0	4
ENSG00000173567	1.143	37	42.577	3.7076125e-06	14	0	14	1	0	1
ENSG00000157856	1.041	35	44.564	3.58852e-06	4	0	4	0	0	0
ENSG00000115155	0.875	76	105.09	9.4612375e-06	6	2	4	0	0	0
ENSG00000213699	1.106	8	13.045	1.08012375e-06	1	0	1	1	0	1
ENSG00000119777	0.804	21	37.604	3.2965675e-06	1	1	0	0	0	0
ENSG00000084693	0.679	20	42.792	4.8516375e-06	5	1	4	0	0	0
ENSG00000138080	0.512	11	35.551	3.1779775e-06	1	1	0	1	1	0
ENSG00000138074	0.53	10	32.018	2.930245e-06	1	0	1	0	0	0
ENSG00000084774	0.251	19	110.9	1.05791325e-05	2	1	1	0	0	0
ENSG00000163793	1.55	7	8.3351	5.8238075e-07	5	0	5	0	0	0
ENSG00000138100	1.687	24	19.842	1.5530265e-06	5	0	5	0	0	0
ENSG00000115207	0.285	10	59.494	6.78911e-06	1	1	0	0	0	0
ENSG00000138002	0.755	71	114.61	1.04464725e-05	1	0	1	0	0	0
ENSG00000084734	1.149	31	36.415	3.5652375e-06	49	0	49	0	0	0
ENSG00000243943	0.313	5	33.563	2.87698e-06	1	1	0	0	0	0
ENSG00000198522	0.762	11	23.881	1.9133525e-06	2	1	1	0	0	0
ENSG00000119760	0.672	5	15.654	1.2584945e-06	1	0	1	0	0	0
ENSG00000163798	0.788	21	38.37	3.0188525e-06	1	1	0	0	0	0
ENSG00000205334	1.479	1	2.9567	3.4958925e-07	1	0	1	0	0	0
ENSG00000171174	1.529	13	13.451	9.4669325e-07	15	0	15	0	0	0
ENSG00000158019	0.46	6	25.732	2.66995e-06	1	1	0	0	0	0
ENSG00000163803	1.226	107	102.49	8.90765e-06	12	0	12	0	0	0
ENSG00000163806	0.506	3	15.329	1.22068975e-06	1	1	0	0	0	0
ENSG00000171103	1.015	15	22.757	1.9247425e-06	6	0	6	0	0	0
ENSG00000189350	1.075	29	36.771	3.0339275e-06	14	0	14	0	0	0
ENSG00000171094	0.448	25	77.979	6.804185e-06	2	0	2	0	0	0
ENSG00000162949	1.126	37	43.234	3.50879e-06	3	0	3	1	0	1
ENSG00000158125	0.857	45	67.318	5.8626675e-06	5	0	5	0	0	0
ENSG00000032389	0.569	6	20.819	1.63330925e-06	2	0	2	1	0	1
ENSG00000162961	0.978	2	6.4276	4.5578425e-07	1	0	1	1	0	1
ENSG00000021574	0.224	3	34.562	3.0071275e-06	1	1	0	0	0	0
ENSG00000091106	1.162	11	15.67	3.1059525e-06	4	0	4	0	0	0
ENSG00000152689	0.512	10	33.107	2.5458325e-06	1	1	0	0	0	0
ENSG00000171853	1.193	26	30.233	2.553705e-06	3	0	3	1	0	1
ENSG00000171865	0.738	6	16.042	1.4239845e-06	1	0	1	1	0	1
ENSG00000118004	0.878	6	13.492	9.4170175e-07	1	0	1	1	0	1
ENSG00000150938	0.238	6	49.823	3.9672375e-06	1	0	1	1	0	1
ENSG00000171055	1.63	9	9.4209	1.383416e-06	2	0	2	0	0	0
ENSG00000205221	1.49	35	31.142	3.0412975e-06	3	0	3	1	0	1
ENSG00000151360	1.483	23	21.958	2.09375e-06	15	0	15	0	0	0
ENSG00000115808	0.365	9	43.016	4.14328e-06	1	0	1	1	0	1
ENSG00000008869	0.632	54	107.2	1.14618575e-05	1	1	0	0	0	0
ENSG00000115816	0.572	17	44.586	3.6268775e-06	3	0	3	1	0	1
ENSG00000115828	1.534	22	20.445	2.011005e-06	8	0	8	0	0	0
ENSG00000214866	1.002	2	6.2739	1.16414175e-06	1	0	1	0	0	0
ENSG00000115841	1.556	33	28.33	2.3079825e-06	36	0	36	0	0	0
ENSG00000143891	1.495	16	16.223	1.2954115e-06	1	0	1	0	0	0
ENSG00000115875	0.299	2	21.067	2.6158475e-06	1	1	0	0	0	0
ENSG00000214694	0.598	16	40.64	3.443465e-06	4	0	4	1	0	1
ENSG00000205111	1.665	19	16.578	1.4794605e-06	15	0	15	0	0	0
ENSG00000184731	1.862	7	5.9138	4.211285e-07	2	0	2	0	0	0
ENSG00000205086	1.61	5	6.2635	4.47292e-07	2	0	2	0	0	0
ENSG00000162878	0.99	10	17.134	1.384823e-06	3	0	3	0	0	0
ENSG00000057935	0.486	9	32.296	2.22708e-06	1	1	0	0	0	0
ENSG00000152527	0.938	63	82.861	7.4227625e-06	4	0	4	0	0	0
ENSG00000143921	1.365	30	29.801	2.65521e-06	2	0	2	1	0	1
ENSG00000138095	0.53	31	78.903	6.4894525e-06	4	0	4	1	0	1
ENSG00000138032	0.662	7	19.876	1.9347925e-06	1	1	0	0	0	0
ENSG00000138079	1.623	36	29.255	2.247515e-06	1	0	1	0	0	0
ENSG00000138078	0.994	25	35.132	2.84214e-06	5	0	5	0	0	0
ENSG00000143919	1.523	22	20.601	1.918545e-06	2	0	2	2	0	2
ENSG00000068784	0.977	38	50.995	4.56069e-06	1	0	1	0	0	0
ENSG00000250565	1.229	5	8.5377	1.057997e-06	1	0	1	0	0	0
ENSG00000119729	0.441	1	10.756	8.9982675e-07	1	0	1	0	0	0
ENSG00000239605	1.241	5	8.4535	1.00059475e-06	6	4	2	0	0	0
ENSG00000095002	0.334	9	46.976	4.1625425e-06	2	0	2	1	0	1
ENSG00000184261	0.372	0	8.0438	5.8154325e-07	4	0	4	0	0	0
ENSG00000116062	0.498	18	53.613	5.7246475e-06	3	0	3	0	0	0
ENSG00000138039	0.887	16	27.41	2.3736425e-06	1	0	1	0	0	0
ENSG00000068781	1.124	37	43.3	3.770425e-06	1	1	0	0	0	0
ENSG00000170634	1.722	5	5.6043	3.8851625e-07	2	0	2	0	0	0
ENSG00000214595	0.453	34	99.826	9.467435e-06	1	0	1	0	0	0
ENSG00000115310	0.717	4	12.77	2.7106525e-06	1	1	0	0	0	0
ENSG00000162994	1.356	31	30.862	2.785525e-06	4	0	4	0	0	0
ENSG00000085760	0.836	21	36.157	2.97547e-06	3	0	3	1	0	1
ENSG00000163001	0.922	13	22.427	1.78086e-06	2	0	2	0	0	0
ENSG00000055813	0.887	11	20.52	1.7331225e-06	1	0	1	1	0	1
ENSG00000028116	1.038	21	29.12	2.366105e-06	1	1	0	0	0	0
ENSG00000162924	0.229	2	27.504	2.489385e-06	1	0	1	0	0	0
ENSG00000162927	1.04	25	33.56	2.932255e-06	1	0	1	0	0	0
ENSG00000115464	0.091	11	200.18	1.828095e-05	1	1	0	0	0	0
ENSG00000082898	0.051	0	58.669	4.9712325e-06	1	1	0	0	0	0
ENSG00000170264	1.014	24	33.279	3.5481525e-06	4	0	4	0	0	0
ENSG00000014641	0.373	2	16.856	1.46815425e-06	1	0	1	0	0	0
ENSG00000011523	0.513	5	20.509	1.72793e-06	1	0	1	0	0	0
ENSG00000198369	1.07	13	19.309	1.84786e-06	2	0	2	2	0	2
ENSG00000151353	1.317	5	7.9438	7.106355e-07	1	0	1	0	0	0
ENSG00000197223	1.238	3	6.227	4.33289e-07	2	0	2	0	0	0
ENSG00000243667	0.668	7	19.693	1.6848825e-06	2	0	2	0	0	0
ENSG00000119865	1.029	2	6.1089	4.3293725e-07	2	0	2	2	0	2
ENSG00000115956	0.778	8	18.558	1.42309675e-06	1	0	1	0	0	0
ENSG00000169621	1.528	26	23.591	1.7974425e-06	10	1	9	0	0	0
ENSG00000134326	1.439	10	11.747	8.3808625e-07	3	0	3	0	0	0
ENSG00000134321	1.813	19	14.741	1.0405435e-06	1	0	1	0	0	0
ENSG00000196975	1.016	16	23.92	2.5451625e-06	6	0	6	0	0	0
ENSG00000087338	0.75	16	32.414	2.6449925e-06	1	0	1	0	0	0
ENSG00000244617	1.288	4	7.0711	6.171705e-07	1	0	1	0	0	0
ENSG00000169564	0.387	0	7.7374	5.5939975e-07	1	1	0	0	0	0
ENSG00000116001	0.443	7	29.697	2.6892125e-06	1	0	1	0	0	0
ENSG00000035141	1.725	5	5.5881	3.9548425e-07	1	0	1	0	0	0
ENSG00000152672	1.307	22	24.042	2.0242375e-06	2	0	2	0	0	0
ENSG00000116031	1.292	10	13.115	1.076891e-06	12	0	12	0	0	0
ENSG00000116035	1.026	2	6.1283	4.3504775e-07	1	0	1	0	0	0
ENSG00000144031	1.438	14	15.201	1.188982e-06	11	0	11	1	0	1
ENSG00000124370	1.344	3	5.6912	5.1256675e-07	8	0	8	1	0	1
ENSG00000124383	0.363	6	32.613	2.7950725e-06	2	0	2	1	0	1
ENSG00000124374	1.454	5	7.1292	6.6324975e-07	1	0	1	1	0	1
ENSG00000003137	0.29	1	16.349	1.190188e-06	4	0	4	4	0	4
ENSG00000144040	0.769	10	22.07	2.0182075e-06	2	1	1	0	0	0
ENSG00000214513	1.333	5	7.8448	7.1303075e-07	3	1	2	0	0	0
ENSG00000144034	1.313	4	6.9265	4.84142e-07	1	0	1	0	0	0
ENSG00000144048	1.091	12	17.82	1.41214225e-06	6	0	6	3	0	3
ENSG00000187833	0.832	14	26.318	2.411665e-06	1	1	0	0	0	0
ENSG00000124356	0.764	11	23.82	2.408985e-06	3	1	2	0	0	0
ENSG00000114956	1.192	12	16.309	1.35934625e-06	1	0	1	1	0	1
ENSG00000163170	1.565	2	3.725	5.8961675e-07	1	0	1	0	0	0
ENSG00000188687	0.702	25	49.763	4.28465e-06	2	0	2	0	0	0
ENSG00000114993	0.766	13	26.969	2.6195325e-06	1	0	1	1	0	1
ENSG00000115274	0.469	2	13.436	1.06457975e-06	2	0	2	0	0	0
ENSG00000115282	1.312	25	26.608	2.2986025e-06	5	1	4	0	0	0
ENSG00000159374	1.405	28	27.327	2.56878e-06	5	0	5	0	0	0
ENSG00000005436	1.167	39	43.668	3.817995e-06	5	0	5	1	0	1
ENSG00000143954	1.773	10	9.002	6.40587e-07	6	0	6	0	0	0
ENSG00000172023	1.612	9	9.5515	8.2863925e-07	2	0	2	0	0	0
ENSG00000162951	0.491	3	15.804	1.15807825e-06	1	0	1	1	0	1
ENSG00000163541	0.876	8	16.484	1.3581235e-06	1	0	1	0	0	0
ENSG00000186854	1.281	15	18.031	1.722235e-06	1	0	1	0	0	0
ENSG00000152284	0.447	6	26.471	2.0185425e-06	1	0	1	1	0	1
ENSG00000115459	1.606	22	19.491	1.7847125e-06	2	0	2	0	0	0
ENSG00000042493	1.457	20	19.934	1.70783e-06	15	0	15	1	0	1
ENSG00000152292	1.649	7	7.6865	6.8666625e-07	28	0	28	10	0	10
ENSG00000115486	0.93	28	41.274	4.06355e-06	1	0	1	0	0	0
ENSG00000118640	1.235	2	5.0454	4.6972025e-07	1	0	1	0	0	0
ENSG00000168887	1.705	8	8.0776	7.24873e-07	2	0	2	0	0	0
ENSG00000115523	1.857	11	8.7438	7.8750125e-07	1	0	1	0	0	0
ENSG00000068654	0.256	16	94.84	9.1527025e-06	4	1	3	0	0	0
ENSG00000132300	1.081	38	46.061	3.9920275e-06	4	0	4	0	0	0
ENSG00000115548	0.219	9	71.724	6.665495e-06	6	0	6	0	0	0
ENSG00000187627	1.7	8	8.1175	5.26084e-07	1	0	1	0	0	0
ENSG00000183281	1.923	1	0.58043	4.0459625e-08	1	0	1	0	0	0
ENSG00000134313	0.35	20	82.964	7.4405175e-06	3	0	3	0	0	0
ENSG00000144115	1.024	12	18.992	1.49431775e-06	7	0	7	0	0	0
ENSG00000172073	1.908	6	4.5246	3.2098025e-07	9	0	9	1	0	1
ENSG00000143797	0.42	6	28.181	2.2185375e-06	12	0	12	0	0	0
ENSG00000172071	0.445	15	51.943	4.818305e-06	1	0	1	0	0	0
ENSG00000153574	0.889	9	17.657	1.79024e-06	1	0	1	1	0	1
ENSG00000151693	0.22	7	59.72	5.36335e-06	1	0	1	0	0	0
ENSG00000119203	0.701	17	36.378	2.83008e-06	1	0	1	0	0	0
ENSG00000163060	1.555	21	19.408	1.7492025e-06	4	0	4	0	0	0
ENSG00000151694	0.28	6	42.312	3.430735e-06	1	0	1	0	0	0
ENSG00000144029	0.693	10	24.471	2.1713025e-06	1	0	1	0	0	0
ENSG00000144026	1.421	16	17.085	1.522039e-06	4	0	4	0	0	0
ENSG00000155066	0.855	30	47.587	3.8141425e-06	8	0	8	0	0	0
ENSG00000115042	1.199	11	15.182	1.38892675e-06	1	0	1	0	0	0
ENSG00000174501	0.518	11	35.145	1.498e-06	4	0	4	0	0	0
ENSG00000186281	1.124	24	30.024	2.5877075e-06	1	0	1	1	0	1
ENSG00000158050	1.612	7	7.9321	5.6613325e-07	2	0	2	2	0	2
ENSG00000198885	1.366	16	17.782	1.917875e-06	12	0	12	0	0	0
ENSG00000121152	0.575	14	38.063	3.2868525e-06	1	1	0	0	0	0
ENSG00000158158	0.941	14	23.265	2.1863775e-06	1	0	1	0	0	0
ENSG00000163126	1.878	24	16.827	1.475876e-06	12	1	11	0	0	0
ENSG00000144199	1.36	12	14.286	1.16142825e-06	15	0	15	0	0	0
ENSG00000135976	1.43	117	95.379	7.2569375e-06	64	0	64	0	0	0
ENSG00000135940	0.443	0	6.7564	6.1454075e-07	1	0	1	1	0	1
ENSG00000115073	0.684	9	22.965	2.3860375e-06	1	0	1	0	0	0
ENSG00000115085	0.364	5	28.849	2.35907e-06	2	0	2	0	0	0
ENSG00000222000	1.729	3	3.8991	2.7773175e-07	16	0	16	0	0	0
ENSG00000144191	1.486	28	25.823	2.329255e-06	2	0	2	0	0	0
ENSG00000115750	1.025	27	36.337	2.861905e-06	10	0	10	0	0	0
ENSG00000158411	1.078	10	15.728	1.36460575e-06	1	0	1	1	0	1
ENSG00000185674	1.833	12	9.7462	6.9406975e-07	1	0	1	0	0	0
ENSG00000132623	0.936	19	29.78	2.7639175e-06	1	0	1	0	0	0
ENSG00000132639	0.229	0	13.033	1.19499525e-06	1	1	0	1	1	0
ENSG00000149346	1.491	18	17.874	1.5429765e-06	13	0	13	1	0	1
ENSG00000132640	0.6	5	17.512	1.587833e-06	1	0	1	1	0	1
ENSG00000125775	1.382	11	13.154	9.35052e-07	1	1	0	0	0	0
ENSG00000089048	0.463	11	39.333	3.271275e-06	1	0	1	0	0	0
ENSG00000101251	1.045	33	42.238	2.83745e-06	2	0	2	0	0	0
ENSG00000125788	1.683	0	1.1329	8.038325e-08	5	0	5	0	0	0
ENSG00000196209	1.123	7	11.703	8.3597575e-07	12	0	12	0	0	0
ENSG00000125900	1.905	10	7.2739	5.368375e-07	2	0	2	2	0	2
ENSG00000088782	1.692	0	1.1028	7.8591e-08	1	0	1	0	0	0
ENSG00000101307	1.942	8	5.0098	1.25760675e-06	4	0	4	0	0	0
ENSG00000089012	1.884	12	8.9927	1.43264425e-06	26	0	26	0	0	0
ENSG00000089177	0.802	43	69.152	5.03907e-06	10	0	10	0	0	0
ENSG00000125879	1.513	4	5.8799	4.1119575e-07	1	0	1	1	0	1
ENSG00000125864	1.25	13	16.536	1.33144075e-06	2	0	2	0	0	0
ENSG00000125844	0.55	28	69.826	4.057855e-06	2	0	2	2	0	2
ENSG00000125871	1.322	6	8.9259	1.26480925e-06	1	0	1	0	0	0
ENSG00000149474	0.819	20	35.49	3.1712775e-06	1	1	0	0	0	0
ENSG00000089091	1.167	34	38.783	3.314825e-06	7	0	7	2	0	2
ENSG00000089050	0.81	4	11.296	1.0800065e-06	4	0	4	0	0	0
ENSG00000101310	0.978	37	49.782	5.5025425e-06	1	0	1	0	0	0
ENSG00000185982	1.715	0	1.0251	7.31372e-08	17	0	17	0	0	0
ENSG00000101327	1.656	6	6.8334	5.003225e-07	1	0	1	0	0	0
ENSG00000089101	0.728	34	62.156	5.5300125e-06	8	0	8	0	0	0
ENSG00000173404	0.809	2	7.7782	5.60522e-07	1	1	0	1	1	0
ENSG00000125816	1.545	4	5.7192	4.119495e-07	3	0	3	0	0	0
ENSG00000125813	0.498	2	12.644	9.221545e-07	2	0	2	0	0	0
ENSG00000125903	1.882	1	1.1171	7.916385e-08	1	0	1	1	0	1
ENSG00000132671	1.964	15	8.144	7.3061825e-07	1	0	1	1	0	1
ENSG00000125812	0.646	9	24.314	2.0044725e-06	2	0	2	2	0	2
ENSG00000125814	0.582	5	18.069	1.27867825e-06	2	2	0	0	0	0
ENSG00000101435	1.975	13	5.8913	4.2094425e-07	27	0	27	1	0	1
ENSG00000173335	1.887	4	3.4243	2.4627525e-07	1	0	1	0	0	0
ENSG00000101439	1.766	3	3.6887	5.347605e-07	2	0	2	1	0	1
ENSG00000101441	1.927	8	5.4627	5.2921625e-07	8	0	8	0	0	0
ENSG00000170373	1.96	9	4.7816	3.387185e-07	2	0	2	0	0	0
ENSG00000170369	1.939	9	5.7553	5.7544625e-07	5	0	5	0	0	0
ENSG00000170367	1.893	7	5.4709	5.0080825e-07	4	1	3	0	0	0
ENSG00000166948	1.367	36	34.788	3.14766e-06	21	0	21	0	0	0
ENSG00000149435	1.675	7	7.5132	5.5055575e-07	7	0	7	0	0	0
ENSG00000088876	1.478	4	6.0568	4.289675e-07	18	0	18	2	0	2
ENSG00000101474	1.294	17	19.711	2.159745e-06	2	0	2	0	0	0
ENSG00000154930	0.759	16	32.018	2.73226e-06	1	1	0	0	0	0
ENSG00000100987	1.038	1	4.5462	8.95321e-07	11	0	11	0	0	0
ENSG00000197586	0.709	11	25.676	2.0336175e-06	1	0	1	1	0	1
ENSG00000100994	0.891	29	44.402	3.7813125e-06	3	0	3	0	0	0
ENSG00000101003	1.277	11	14.257	1.41184075e-06	2	1	1	0	0	0
ENSG00000101004	1.092	64	72.18	5.79751e-06	16	0	16	0	0	0
ENSG00000130684	1.617	4	5.3597	3.810625e-07	7	0	7	0	0	0
ENSG00000175170	1.901	1	0.90802	6.4301575e-08	3	0	3	0	0	0
ENSG00000186458	1.957	3	1.1233	7.9644575e-08	8	0	8	0	0	0
ENSG00000149488	1.151	44	49.136	4.6439375e-06	6	0	6	0	0	0
ENSG00000101361	0.404	6	29.327	3.2995825e-06	11	0	11	0	0	0
ENSG00000196476	1.367	22	22.972	1.9237375e-06	14	0	14	0	0	0
ENSG00000088882	0.906	24	37.274	3.5206825e-06	3	0	3	0	0	0
ENSG00000198326	1.551	7	8.3317	4.4762e-07	1	0	1	1	0	1
ENSG00000125787	1.918	9	6.3278	7.37e-07	7	0	7	0	0	0
ENSG00000101405	0.729	0	4.0974	2.916845e-07	1	0	1	1	0	1
ENSG00000215545	1.954	3	1.2434	8.7838675e-08	2	0	2	0	0	0
ENSG00000131068	1.882	1	1.1121	7.88657e-08	2	0	2	2	0	2
ENSG00000088320	1.435	12	13.516	1.47666325e-06	4	0	4	2	0	2
ENSG00000131055	1.341	7	9.7799	8.7312725e-07	4	0	4	0	0	0
ENSG00000088325	0.217	4	42.165	3.9313925e-06	1	1	0	0	0	0
ENSG00000149599	1.074	10	15.798	8.8619225e-07	1	0	1	0	0	0
ENSG00000198171	1.063	13	19.445	1.9076575e-06	3	0	3	1	0	1
ENSG00000131044	1.294	20	22.466	2.5572225e-06	1	0	1	0	0	0
ENSG00000101331	1.102	12	17.647	1.530548e-06	1	0	1	1	0	1
ENSG00000171456	0.829	32	51.847	5.401205e-06	3	0	3	0	0	0
ENSG00000204393	1.9	2	1.7257	2.7883725e-07	9	0	9	0	0	0
ENSG00000149600	1.358	12	14.308	1.12779425e-06	1	0	1	0	0	0
ENSG00000088305	0.379	13	54.485	6.4197725e-06	2	0	2	0	0	0
ENSG00000167098	1.252	22	25.09	2.217365e-06	10	0	10	0	0	0
ENSG00000167104	1.268	21	23.855	1.9726475e-06	15	0	15	0	0	0
ENSG00000186190	1.251	21	24.167	2.0480225e-06	2	0	2	0	0	0
ENSG00000186191	1.29	32	33.33	3.68031e-06	11	0	11	0	0	0
ENSG00000101391	1.342	25	26.019	2.29274e-06	5	0	5	0	0	0
ENSG00000078699	0.223	2	28.226	2.6269025e-06	1	0	1	0	0	0
ENSG00000101417	1.665	5	5.9536	8.1939325e-07	4	0	4	0	0	0
ENSG00000125970	0.64	4	14.301	1.40504025e-06	1	0	1	0	0	0
ENSG00000101444	0.616	6	19.214	1.549844e-06	1	0	1	0	0	0
ENSG00000078747	0.218	7	60.349	5.44442e-06	1	1	0	0	0	0
ENSG00000078814	0.944	83	105.48	8.9319375e-06	8	1	7	0	0	0
ENSG00000125841	1.566	4	5.6174	3.994875e-07	1	0	1	0	0	0
ENSG00000088298	0.82	14	26.704	2.6617425e-06	1	0	1	0	0	0
ENSG00000101000	1.05	5	10.006	7.3185775e-07	1	1	0	0	0	0
ENSG00000125998	1.069	14	20.478	1.85456e-06	5	1	4	1	0	1
ENSG00000101019	1.013	13	20.396	2.07901e-06	3	0	3	0	0	0
ENSG00000125975	1.86	7	5.9385	1.00595475e-06	7	0	7	0	0	0
ENSG00000061656	0.948	14	23.081	1.655369e-06	6	0	6	0	0	0
ENSG00000171222	1.446	1	3.0602	2.2413175e-07	2	0	2	1	0	1
ENSG00000149646	1.243	27	29.961	2.575815e-06	13	0	13	1	0	1
ENSG00000131043	1.348	9	11.63	9.5409675e-07	16	0	16	0	0	0
ENSG00000125861	1.617	6	7.0694	5.1424175e-07	3	0	3	0	0	0
ENSG00000149451	0.937	29	42.186	3.9541725e-06	16	0	16	0	0	0
ENSG00000149636	1.185	11	15.359	1.60607375e-06	4	1	3	0	0	0
ENSG00000101347	0.938	25	37.238	3.8580275e-06	1	0	1	0	0	0
ENSG00000080839	0.707	26	51.039	4.97542e-06	1	0	1	0	0	0
ENSG00000101363	1.815	2	2.519	1.7820325e-07	1	0	1	0	0	0
ENSG00000101222	1.232	9	12.746	9.9010925e-07	1	1	0	0	0	0
ENSG00000101407	0.82	21	36.86	3.10344e-06	1	0	1	1	0	1
ENSG00000101224	0.425	7	30.928	2.8838475e-06	1	1	0	0	0	0
ENSG00000198959	1.185	29	33.382	2.8831775e-06	5	0	5	0	0	0
ENSG00000149633	1.033	31	40.515	3.3327475e-06	7	0	7	0	0	0
ENSG00000129988	1.33	23	24.494	2.0433325e-06	8	0	8	0	0	0
ENSG00000124143	0.852	14	25.698	2.5099875e-06	9	0	9	0	0	0
ENSG00000101442	1.006	18	26.542	2.1290925e-06	1	0	1	0	0	0
ENSG00000101255	1.888	17	12.184	1.43981325e-06	11	0	11	0	0	0
ENSG00000125779	0.967	13	21.385	1.8664525e-06	1	0	1	0	0	0
ENSG00000124181	0.411	24	82.128	7.93749e-06	1	0	1	1	0	1
ENSG00000132793	0.869	27	42.86	3.525875e-06	12	0	12	0	0	0
ENSG00000183798	0.827	12	23.508	2.1438325e-06	1	0	1	0	0	0
ENSG00000124177	0.073	4	126.04	1.17335425e-05	1	1	0	0	0	0
ENSG00000171873	1.314	8	10.97	9.1356175e-07	1	0	1	0	0	0
ENSG00000185513	0.812	26	44.455	4.1478025e-06	3	0	3	0	0	0
ENSG00000101049	1.236	20	23.52	1.783205e-06	5	0	5	1	0	1
ENSG00000101052	0.866	13	23.872	1.9388125e-06	1	0	1	0	0	0
ENSG00000124196	1.791	4	4.3333	4.5045775e-07	1	0	1	0	0	0
ENSG00000124194	0.546	3	14.197	1.01697625e-06	2	0	2	0	0	0
ENSG00000197296	1.553	9	9.9932	8.7098325e-07	3	0	3	1	0	1
ENSG00000101076	0.505	6	23.429	2.27197e-06	3	0	3	0	0	0
ENSG00000168746	1.805	3	3.4286	1.06585275e-07	12	0	12	0	0	0
ENSG00000132824	0.404	4	22.64	1.8517125e-06	3	0	3	2	0	2
ENSG00000196839	1.321	19	21.107	1.86193e-06	2	1	1	1	0	1
ENSG00000124249	1.248	3	6.1753	4.4402575e-07	6	0	6	0	0	0
ENSG00000101104	0.641	11	28.405	2.3465075e-06	2	1	1	1	0	1
ENSG00000101109	0.53	9	29.65	3.09674e-06	9	0	9	0	0	0
ENSG00000175121	1.476	5	7.0058	4.3933575e-07	2	0	2	1	0	1
ENSG00000168703	1.72	2	3.0633	2.14802e-07	3	0	3	0	0	0
ENSG00000124157	1.593	2	3.6149	2.5676075e-07	19	0	19	0	0	0
ENSG00000124107	1.609	5	6.2733	4.4003925e-07	1	0	1	0	0	0
ENSG00000124251	1.354	11	13.436	1.27884575e-06	3	0	3	0	0	0
ENSG00000124155	0.933	14	23.448	2.650855e-06	4	0	4	0	0	0
ENSG00000101443	1.292	1	3.5607	3.7528375e-07	6	0	6	0	0	0
ENSG00000101446	1.922	2	1.3846	9.930405e-08	7	0	7	0	0	0
ENSG00000101448	1.466	5	7.0616	1.1902885e-06	1	0	1	0	0	0
ENSG00000158901	1.426	11	12.734	1.3375545e-06	11	0	11	0	0	0
ENSG00000180083	1.711	4	4.85	5.0620175e-07	14	0	14	0	0	0
ENSG00000124116	1.585	11	11.355	9.388375e-07	2	0	2	0	0	0
ENSG00000101473	1.001	11	18.192	1.899115e-06	12	1	11	0	0	0
ENSG00000132801	0.763	11	23.853	2.279675e-06	1	0	1	0	0	0
ENSG00000198026	0.501	23	65.029	5.60857e-06	2	0	2	0	0	0
ENSG00000100985	1.206	28	31.843	2.4838575e-06	15	0	15	0	0	0
ENSG00000124140	0.138	3	56.332	4.9353875e-06	1	0	1	1	0	1
ENSG00000080189	0.873	7	15.058	1.072737e-06	3	0	3	1	0	1
ENSG00000198185	1.076	17	23.691	2.220715e-06	19	0	19	0	0	0
ENSG00000197496	1.394	13	14.807	1.40195825e-06	3	0	3	0	0	0
ENSG00000101040	0.135	3	57.254	4.772745e-06	2	0	2	1	0	1
ENSG00000171864	1.682	3	4.1471	3.082335e-07	1	0	1	0	0	0
ENSG00000124212	1.099	17	23.194	2.293745e-06	5	0	5	0	0	0
ENSG00000197818	0.975	18	27.365	2.09174e-06	4	1	3	0	0	0
ENSG00000124208	0.669	7	19.664	1.8453475e-06	4	0	4	0	0	0
ENSG00000172216	1.025	1	4.6053	3.2905375e-07	8	0	8	0	0	0
ENSG00000196396	0.382	5	27.526	2.7738e-06	1	0	1	0	0	0
ENSG00000042062	1.046	35	44.364	3.5890225e-06	4	0	4	1	0	1
ENSG00000026559	0.753	5	13.965	1.14672175e-06	1	1	0	0	0	0
ENSG00000089063	0.781	0	3.8201	4.9822875e-07	11	0	11	0	0	0
ENSG00000064787	0.978	13	21.129	1.819385e-06	2	0	2	0	0	0
ENSG00000054803	1.004	2	6.2609	4.42937e-07	1	0	1	0	0	0
ENSG00000124089	1.931	9	5.9974	4.45416e-07	4	0	4	0	0	0
ENSG00000124098	1.358	2	4.5284	3.1689325e-07	1	0	1	0	0	0
ENSG00000213714	1.903	5	3.9101	2.8523575e-07	1	0	1	0	0	0
ENSG00000101144	0.57	5	18.452	1.60754775e-06	1	0	1	1	0	1
ENSG00000101146	0.194	1	24.483	2.290395e-06	1	1	0	0	0	0
ENSG00000124092	0.59	11	30.865	2.937615e-06	1	0	1	0	0	0
ENSG00000124253	1.287	23	25.316	1.813355e-06	6	0	6	1	0	1
ENSG00000124237	1.784	7	6.6992	4.7889925e-07	2	0	2	0	0	0
ENSG00000087460	1.376	5	7.5807	3.4992425e-06	1	1	0	0	0	0
ENSG00000101160	1.919	20	13.296	9.5201975e-07	1	0	1	0	0	0
ENSG00000124203	0.739	22	42.51	3.7079475e-06	10	1	9	9	0	9
ENSG00000124205	1.081	5	9.7213	8.3584175e-07	2	0	2	0	0	0
ENSG00000125872	1.338	15	17.259	1.388642e-06	6	0	6	2	0	2
ENSG00000101311	0.854	23	38.175	3.2138225e-06	2	0	2	0	0	0
ENSG00000130699	0.081	0	36.701	3.0500075e-06	17	0	17	0	0	0
ENSG00000130702	0.311	44	182.1	1.65551975e-05	9	2	7	5	0	5
ENSG00000149679	0.842	9	18.643	1.57843625e-06	1	0	1	0	0	0
ENSG00000130701	0.589	8	24.499	1.9910725e-06	1	0	1	0	0	0
ENSG00000174407	1.944	2	0.89173	1.4548045e-07	2	0	2	0	0	0
ENSG00000101187	1	20	29.071	2.539635e-06	9	1	8	0	0	0
ENSG00000101188	1.37	13	15.071	1.54768325e-06	1	0	1	0	0	0
ENSG00000060491	0.717	5	14.66	1.640696e-06	2	0	2	0	0	0
ENSG00000101191	0.187	8	77.338	7.5999775e-06	1	0	1	1	0	1
ENSG00000101194	1.445	26	24.967	1.948025e-06	8	0	8	1	0	1
ENSG00000125533	1.553	1	2.7178	1.9468525e-07	1	0	1	0	0	0
ENSG00000101197	1.342	12	14.474	1.03767925e-06	1	0	1	0	0	0
ENSG00000101199	0.599	10	28.339	2.4744775e-06	2	0	2	0	0	0
ENSG00000125534	1.709	1	2.1559	2.4047975e-07	1	0	1	1	0	1
ENSG00000101213	1.342	20	21.653	1.9592475e-06	5	0	5	0	0	0
ENSG00000125531	1.442	8	9.9539	1.19327e-06	2	0	2	0	0	0
ENSG00000130589	0.512	25	68.247	7.2066875e-06	2	0	2	1	0	1
ENSG00000258366	0.53	30	76.76	6.7199325e-06	3	0	3	1	0	1
ENSG00000130584	0.397	4	23.04	2.6640875e-06	2	1	1	0	0	0
ENSG00000101150	1.008	8	14.321	1.27790775e-06	1	0	1	0	0	0
ENSG00000198276	1.328	23	24.538	1.8966025e-06	1	0	1	1	0	1
ENSG00000171703	0.955	6	12.397	1.65417975e-06	1	0	1	0	0	0
ENSG00000171700	0.295	0	10.148	7.269835e-07	1	1	0	1	1	0
ENSG00000215397	0.386	0	7.7582	6.32547e-07	2	0	2	0	0	0
ENSG00000101280	1.325	23	24.585	1.7739925e-06	22	0	22	1	0	1
ENSG00000182621	0.296	13	69.78	5.96233e-06	3	0	3	0	0	0
ENSG00000101333	0.445	24	75.859	7.023275e-06	1	1	0	0	0	0
ENSG00000101349	0.167	1	28.382	2.1491925e-06	1	0	1	0	0	0
ENSG00000101282	1.593	11	11.289	9.8173425e-07	2	0	2	0	0	0
ENSG00000188992	1.719	26	20.769	1.45046625e-06	5	0	5	0	0	0
ENSG00000185272	1.173	9	13.387	1.22032125e-06	6	0	6	0	0	0
ENSG00000155307	1.227	18	21.756	1.8564025e-06	3	0	3	2	0	2
ENSG00000180530	0.279	4	32.824	2.970445e-06	3	0	3	0	0	0
ENSG00000155313	0.33	14	66.25	6.297665e-06	1	0	1	0	0	0
ENSG00000154642	0.957	7	13.734	1.087343e-06	1	0	1	0	0	0
ENSG00000154646	1.151	51	55.952	4.6931825e-06	14	0	14	0	0	0
ENSG00000154719	0.903	12	21.54	1.9773375e-06	2	0	2	0	0	0
ENSG00000142192	0.419	12	46.389	4.6955275e-06	2	1	1	0	0	0
ENSG00000156239	1.675	8	8.2992	5.8191175e-07	2	0	2	0	0	0
ENSG00000198862	0.341	20	85.143	7.216905e-06	3	1	2	0	0	0
ENSG00000156282	1.834	5	4.7563	4.8355575e-07	4	0	4	0	0	0
ENSG00000188694	1.927	8	5.445	4.9250025e-07	1	0	1	0	0	0
ENSG00000206107	1.933	1	0.39668	2.6858625e-08	9	0	9	0	0	0
ENSG00000182816	1.947	6	3.5176	2.4768225e-07	1	0	1	0	0	0
ENSG00000184724	1.947	3	1.4884	1.06702525e-07	4	0	4	0	0	0
ENSG00000187005	1.806	0	0.65363	4.5588475e-08	2	0	2	0	0	0
ENSG00000182591	1.601	4	5.4398	6.4177625e-07	1	0	1	0	0	0
ENSG00000142207	0.587	46	100.26	9.2327675e-06	14	1	13	0	0	0
ENSG00000159079	1.058	12	18.384	1.724245e-06	4	0	4	0	0	0
ENSG00000205927	1.308	2	4.7301	3.38283e-07	5	0	5	0	0	0
ENSG00000229086	1.824	5	4.8433	3.424705e-07	2	1	1	0	0	0
ENSG00000142166	1.211	20	23.99	1.6972775e-06	2	0	2	1	0	1
ENSG00000177692	1.389	13	14.868	1.7555675e-06	1	1	0	0	0	0
ENSG00000159212	1.096	9	14.325	1.02699275e-06	3	0	3	0	0	0
ENSG00000185917	1.245	23	26.165	2.1498625e-06	5	0	5	0	0	0
ENSG00000159228	1.533	7	8.4429	7.434655e-07	1	0	1	0	0	0
ENSG00000142197	0.628	51	102.54	8.4224025e-06	3	0	3	1	0	1
ENSG00000183145	1.383	2	4.4301	4.59955e-07	6	0	6	0	0	0
ENSG00000182670	0.885	78	106.42	9.1473425e-06	15	1	14	1	0	1
ENSG00000157551	0.829	3	9.35	8.04603e-07	15	0	15	0	0	0
ENSG00000185658	0.222	17	114.74	1.04551825e-05	6	0	6	1	0	1
ENSG00000157578	1.05	13	19.688	1.59964175e-06	9	0	9	1	0	1
ENSG00000183778	1.757	7	6.9185	5.585455e-07	1	0	1	0	0	0
ENSG00000183067	1.678	23	19.258	1.50348e-06	3	0	3	0	0	0
ENSG00000171587	0.189	11	96.521	8.7557275e-06	1	0	1	0	0	0
ENSG00000183844	1.54	12	12.539	1.029857e-06	5	0	5	0	0	0
ENSG00000183486	0.798	19	34.933	3.1484975e-06	2	0	2	1	0	1
ENSG00000157601	1.208	28	31.779	2.6158475e-06	7	0	7	0	0	0
ENSG00000184012	0.86	17	29.66	2.20363e-06	1	0	1	1	0	1
ENSG00000141956	0.455	23	71.657	6.1500975e-06	23	0	23	0	0	0
ENSG00000157617	0.679	14	32.237	2.56141e-06	1	1	0	0	0	0
ENSG00000173276	0.249	3	31.111	2.74566e-06	1	0	1	0	0	0
ENSG00000184385	1.949	3	1.4319	1.02876825e-07	1	0	1	0	0	0
ENSG00000160179	0.476	8	30.354	2.3900575e-06	1	0	1	0	0	0
ENSG00000160185	0.94	20	30.927	2.8526925e-06	3	0	3	0	0	0
ENSG00000160193	1.04	15	22.212	1.629507e-06	1	0	1	1	0	1
ENSG00000160200	0.728	12	26.695	2.134955e-06	1	0	1	1	0	1
ENSG00000228120	1.803	0	0.6707	4.8017225e-08	5	0	5	0	0	0
ENSG00000142178	0.341	5	30.823	2.4865375e-06	4	0	4	1	0	1
ENSG00000160208	0.778	20	37.334	3.54363e-06	2	0	2	1	0	1
ENSG00000160223	0.922	8	15.649	1.52038075e-06	1	0	1	0	0	0
ENSG00000142182	1.297	20	22.405	2.025745e-06	2	0	2	0	0	0
ENSG00000160224	1.115	21	27.113	2.4694525e-06	31	0	31	0	0	0
ENSG00000160226	1.35	8	10.666	1.07794625e-06	4	0	4	3	0	3
ENSG00000142185	1.119	69	75.347	6.189125e-06	17	0	17	0	0	0
ENSG00000160233	1.715	4	4.8263	3.4737825e-07	1	0	1	0	0	0
ENSG00000175894	1.195	28	32.128	2.9675975e-06	15	0	15	0	0	0
ENSG00000184900	1.096	1	4.2894	3.06592e-07	3	0	3	0	0	0
ENSG00000183250	1.588	2	3.6329	3.7280475e-07	1	0	1	0	0	0
ENSG00000197381	0.355	3	21.861	1.755065e-06	1	1	0	0	0	0
ENSG00000173638	1.164	10	14.571	1.321173e-06	1	0	1	0	0	0
ENSG00000142173	0.578	22	54.312	4.758005e-06	1	0	1	1	0	1
ENSG00000160282	1.228	24	27.485	2.399605e-06	4	0	4	0	0	0
ENSG00000160284	1.805	11	9.3867	8.04067e-07	1	0	1	0	0	0
ENSG00000160285	0.59	20	49.249	3.919165e-06	3	0	3	2	0	2
ENSG00000160294	0.491	30	82.85	6.7804e-06	3	0	3	0	0	0
ENSG00000160298	1.695	17	14.812	1.20387275e-06	3	0	3	3	0	3
ENSG00000160299	0.821	117	166.06	1.50972775e-05	7	0	7	0	0	0
ENSG00000198062	1.673	15	13.591	1.0845625e-06	17	0	17	0	0	0
ENSG00000198445	1.647	9	9.2874	6.739865e-07	11	0	11	0	0	0
ENSG00000215568	1.222	17	20.86	1.4885055e-06	3	0	3	1	0	1
ENSG00000183307	0.575	1	8.2482	5.9440725e-07	1	0	1	0	0	0
ENSG00000093072	1.07	14	20.453	1.738985e-06	1	0	1	0	0	0
ENSG00000099954	0.167	6	70.852	7.2827325e-06	8	0	8	0	0	0
ENSG00000182902	1.276	12	15.233	1.337253e-06	1	0	1	1	0	1
ENSG00000015475	1.917	14	9.6066	6.8455575e-07	5	0	5	0	0	0
ENSG00000243156	0.281	17	90.659	8.189075e-06	1	0	1	1	0	1
ENSG00000215193	0.366	1	12.958	1.1060695e-06	3	0	3	0	0	0
ENSG00000183628	1.835	15	11.755	9.872785e-07	15	0	15	0	0	0
ENSG00000070413	0.884	12	21.997	1.573629e-06	2	0	2	1	0	1
ENSG00000063515	1.905	3	2.4191	1.739655e-07	10	0	10	0	0	0
ENSG00000100075	0.649	5	16.194	1.47461975e-06	1	0	1	0	0	0
ENSG00000185838	1.049	9	14.974	1.2227165e-06	3	0	3	0	0	0
ENSG00000184470	0.95	20	30.58	2.654875e-06	15	0	15	0	0	0
ENSG00000183597	0.885	9	17.738	1.967455e-06	1	0	1	0	0	0
ENSG00000128191	0.211	3	36.732	3.4044375e-06	1	0	1	0	0	0
ENSG00000161133	1.205	13	17.156	2.07633e-06	1	0	1	0	0	0
ENSG00000241973	0.461	43	120.32	1.0904585e-05	3	0	3	1	0	1
ENSG00000161179	1.005	3	7.7138	6.146245e-07	3	0	3	0	0	0
ENSG00000161180	1.24	10	13.671	1.2676735e-06	2	0	2	0	0	0
ENSG00000128228	0.948	2	6.6358	4.7916725e-07	1	0	1	0	0	0
ENSG00000100023	0.616	14	35.554	2.8292425e-06	2	1	1	0	0	0
ENSG00000100027	0.658	1	7.207	8.22023e-07	1	1	0	0	0	0
ENSG00000100034	0.747	7	17.599	1.40604525e-06	4	0	4	0	0	0
ENSG00000100038	0.538	14	40.688	3.41901e-06	1	0	1	0	0	0
ENSG00000169548	1.701	11	10.379	1.03633925e-06	11	0	11	0	0	0
ENSG00000254709	1.968	11	5.4842	5.37876e-07	1	0	1	0	0	0
ENSG00000100228	1.249	17	20.416	1.74066e-06	1	0	1	0	0	0
ENSG00000186716	0.296	10	57.351	4.3987175e-06	1	0	1	0	0	0
ENSG00000189269	1.775	25	19.276	1.8667875e-06	1	0	1	0	0	0
ENSG00000159496	1.308	20	22.217	1.7227375e-06	2	0	2	0	0	0
ENSG00000169314	1.318	7	9.9535	7.3728475e-07	4	0	4	0	0	0
ENSG00000099953	0.84	11	21.674	2.1574e-06	3	0	3	0	0	0
ENSG00000133433	0.708	0	4.224	3.0205275e-07	2	0	2	0	0	0
ENSG00000099974	1.837	0	0.48819	3.4429625e-08	2	0	2	0	0	0
ENSG00000099991	0.586	45	98.487	8.788055e-06	2	1	1	0	0	0
ENSG00000099994	1.107	36	42.928	4.00995e-06	6	0	6	0	0	0
ENSG00000099998	1.115	19	24.999	2.6476725e-06	1	0	1	0	0	0
ENSG00000100024	1.256	19	22.203	2.246845e-06	1	1	0	0	0	0
ENSG00000184571	1.224	49	50.811	4.6131175e-06	13	0	13	0	0	0
ENSG00000133454	0.715	70	119.43	1.020343e-05	8	0	8	1	0	1
ENSG00000100099	0.633	12	30.694	2.3689525e-06	1	1	0	0	0	0
ENSG00000100104	1.581	12	12.181	8.61754e-07	16	0	16	0	0	0
ENSG00000128294	0.638	3	12.151	8.645345e-07	1	0	1	0	0	0
ENSG00000196431	1.388	14	15.759	1.9177075e-06	9	0	9	0	0	0
ENSG00000100209	0.91	6	13.019	9.3985925e-07	1	0	1	0	0	0
ENSG00000100219	0.725	5	14.505	1.3557785e-06	12	0	12	0	0	0
ENSG00000186998	0.978	15	23.608	1.814695e-06	2	0	2	0	0	0
ENSG00000182944	0.278	5	37.786	3.831395e-06	3	0	3	3	0	3
ENSG00000100276	0.961	2	6.548	4.715795e-07	2	0	2	0	0	0
ENSG00000128250	1.686	3	4.1296	2.9689375e-07	20	0	20	0	0	0
ENSG00000100285	1.064	22	29.526	2.42808e-06	1	0	1	0	0	0
ENSG00000100314	0.765	3	10.137	8.0964475e-07	1	0	1	0	0	0
ENSG00000100319	1.24	9	12.663	1.475876e-06	2	0	2	0	0	0
ENSG00000184076	1.761	1	1.9207	1.363651e-07	10	0	10	0	0	0
ENSG00000176635	0.986	9	15.928	1.41740175e-06	18	0	18	1	0	1
ENSG00000099985	1.056	0	2.7678	1.9652775e-07	1	0	1	0	0	0
ENSG00000099992	0.59	9	26.621	2.20832e-06	3	2	1	0	0	0
ENSG00000099995	0.298	6	39.694	3.4339175e-06	1	0	1	1	0	1
ENSG00000099999	1.247	13	16.575	1.41931125e-06	5	0	5	0	0	0
ENSG00000100012	1.646	31	25.343	2.1736475e-06	22	0	22	0	0	0
ENSG00000133488	1.128	20	25.763	2.3518675e-06	4	0	4	1	0	1
ENSG00000214491	1.063	15	21.727	1.55572325e-06	1	0	1	0	0	0
ENSG00000185339	0.93	13	22.223	2.2289225e-06	2	0	2	0	0	0
ENSG00000167065	1.17	2	5.3475	5.2486125e-07	5	0	5	0	0	0
ENSG00000183963	0.589	19	47.335	5.017965e-06	2	0	2	0	0	0
ENSG00000185133	0.996	30	40.865	3.06994e-06	3	0	3	1	0	1
ENSG00000100078	1.153	19	24.177	2.3274125e-06	12	0	12	1	0	1
ENSG00000182541	0.514	10	32.972	2.609985e-06	1	1	0	0	0	0
ENSG00000100100	0.842	5	12.488	1.037294e-06	1	0	1	1	0	1
ENSG00000205856	1.785	18	14.45	1.3576545e-06	10	0	10	0	0	0
ENSG00000100191	1.133	28	33.879	3.12421e-06	6	0	6	0	0	0
ENSG00000128276	1.94	6	3.7539	2.648175e-07	3	0	3	0	0	0
ENSG00000184459	0.89	15	25.939	2.14869e-06	3	0	3	0	0	0
ENSG00000100225	0.877	14	24.962	2.5116625e-06	1	0	1	0	0	0
ENSG00000100234	0.533	2	11.806	1.000578e-06	1	0	1	1	0	1
ENSG00000175329	1.662	7	7.6027	6.75025e-07	6	0	6	0	0	0
ENSG00000100292	0.927	5	11.346	9.776975e-07	2	0	2	1	0	1
ENSG00000221963	1.884	1	1.0958	7.811195e-08	2	0	2	0	0	0
ENSG00000128313	1.133	12	17.156	1.901125e-06	12	0	12	0	0	0
ENSG00000128284	1.788	5	5.1425	3.6335775e-07	5	0	5	1	0	1
ENSG00000100336	1.81	7	6.4676	4.652145e-07	7	0	7	0	0	0
ENSG00000100342	1.725	8	7.9284	5.6201275e-07	1	0	1	0	0	0
ENSG00000100350	0.622	9	25.249	2.354715e-06	4	0	4	1	0	1
ENSG00000100360	1.478	9	10.561	9.5342675e-07	2	0	2	0	0	0
ENSG00000185264	1.544	11	11.701	1.04535075e-06	3	0	3	0	0	0
ENSG00000128309	1.357	8	10.61	1.1700545e-06	1	0	1	1	0	1
ENSG00000187045	0.721	23	45.197	3.8412775e-06	1	0	1	1	0	1
ENSG00000100385	0.496	5	21.216	1.6862225e-06	7	0	7	0	0	0
ENSG00000100060	1.559	14	13.959	9.9721125e-07	2	0	2	0	0	0
ENSG00000100065	0.449	15	51.413	4.3340625e-06	4	1	3	1	1	0
ENSG00000241360	1.32	1	3.469	2.494745e-07	1	0	1	0	0	0
ENSG00000100097	1.545	4	5.7232	4.1132975e-07	1	0	1	0	0	0
ENSG00000100116	1.336	14	16.376	1.4025445e-06	25	0	25	0	0	0
ENSG00000128310	1.71	6	6.4825	4.6995475e-07	1	0	1	0	0	0
ENSG00000100139	0.752	17	33.9	2.55136e-06	1	0	1	0	0	0
ENSG00000100156	1.28	4	7.1168	5.123155e-07	1	0	1	0	0	0
ENSG00000128298	1.097	17	23.238	1.8952625e-06	1	1	0	0	0	0
ENSG00000184381	0.862	21	35.093	3.3672525e-06	6	0	6	0	0	0
ENSG00000100196	1.912	14	9.7268	6.002865e-07	14	1	13	1	0	1
ENSG00000184949	1.132	26	31.868	2.5602375e-06	18	1	17	0	0	0
ENSG00000221890	0.49	2	12.847	9.2702875e-07	1	0	1	0	0	0
ENSG00000179750	1.358	24	24.85	2.26058e-06	13	0	13	0	0	0
ENSG00000243811	1.657	25	20.961	1.9063175e-06	4	0	4	0	0	0
ENSG00000239713	1.667	28	22.913	1.985545e-06	11	0	11	0	0	0
ENSG00000100298	0.867	3	8.9413	1.07834825e-06	10	0	10	0	0	0
ENSG00000100307	0.505	2	12.458	1.1332715e-06	1	0	1	0	0	0
ENSG00000187051	1.719	7	7.2072	7.611535e-07	1	0	1	0	0	0
ENSG00000176177	1.057	13	19.562	1.515674e-06	1	0	1	0	0	0
ENSG00000133477	1.434	17	17.764	1.66841725e-06	1	0	1	0	0	0
ENSG00000100354	0.237	7	55.585	8.1165475e-06	2	0	2	0	0	0
ENSG00000239900	1.071	21	28.232	2.865255e-06	1	0	1	1	0	1
ENSG00000100380	0.414	5	25.38	2.47096e-06	2	0	2	0	0	0
ENSG00000196236	0.879	17	29.005	3.23744e-06	1	0	1	0	0	0
ENSG00000100399	1.174	14	18.646	1.608402e-06	3	0	3	0	0	0
ENSG00000100413	1.225	5	8.564	7.2147275e-07	1	0	1	0	0	0
ENSG00000100417	1.171	11	15.544	1.55438325e-06	1	0	1	0	0	0
ENSG00000183066	1.6	11	11.229	1.08518225e-06	6	0	6	0	0	0
ENSG00000198951	1.303	18	20.49	1.6828725e-06	2	0	2	0	0	0
ENSG00000177096	1.788	8	7.4027	8.1788575e-07	27	0	27	0	0	0
ENSG00000100197	1.951	27	16.202	1.835465e-06	14	1	13	0	0	0
ENSG00000235568	1.223	8	11.797	1.02618875e-06	1	0	1	1	0	1
ENSG00000189306	0.981	8	14.719	1.46781925e-06	4	0	4	0	0	0
ENSG00000183569	1.952	18	10.762	7.6240975e-07	13	0	13	0	0	0
ENSG00000100271	0.87	12	22.346	2.0182075e-06	2	0	2	0	0	0
ENSG00000100290	1.914	7	5.0928	3.5960575e-07	1	1	0	1	1	0
ENSG00000100294	1.162	7	11.316	9.521035e-07	1	0	1	0	0	0
ENSG00000159307	0.313	10	54.195	4.494695e-06	1	0	1	0	0	0
ENSG00000186976	1.158	71	74.725	6.2834275e-06	15	0	15	0	0	0
ENSG00000100341	1.05	12	18.521	1.3309885e-06	2	0	2	0	0	0
ENSG00000100344	1.105	14	19.801	1.815365e-06	8	0	8	1	0	1
ENSG00000188677	1.195	16	20.339	1.8225675e-06	9	0	9	0	0	0
ENSG00000220702	1.803	1	1.703	1.21404e-07	3	0	3	0	0	0
ENSG00000186654	0.644	4	14.222	1.18280125e-06	2	0	2	0	0	0
ENSG00000241484	1.824	25	18.494	2.0617575e-06	7	0	7	1	0	1
ENSG00000056487	0.294	3	26.333	2.2865425e-06	6	0	6	1	0	1
ENSG00000100373	1.781	14	11.744	1.017127e-06	5	0	5	0	0	0
ENSG00000130638	0.697	10	24.336	2.17884e-06	1	1	0	0	0	0
ENSG00000197182	1.273	2	4.8787	3.4804825e-07	7	0	7	0	0	0
ENSG00000130943	1.166	16	20.844	1.778515e-06	7	0	7	1	0	1
ENSG00000075234	1.101	23	29.594	2.6778225e-06	1	0	1	0	0	0
ENSG00000075218	0.738	12	26.345	2.1331125e-06	1	1	0	0	0	0
ENSG00000075275	0.25	18	106.92	9.34114e-06	2	0	2	1	0	1
ENSG00000100425	0.245	6	48.263	4.867215e-06	1	1	0	1	1	0
ENSG00000073146	0.771	38	64.583	5.689975e-06	1	0	1	0	0	0
ENSG00000073150	1.019	8	14.168	9.97228e-07	10	0	10	0	0	0
ENSG00000073169	1.693	24	19.768	1.52868875e-06	5	0	5	1	0	1
ENSG00000128159	0.925	59	79.211	6.8180875e-06	4	0	4	0	0	0
ENSG00000188130	0.991	13	20.846	1.8373075e-06	13	0	13	0	0	0
ENSG00000196576	0.285	17	89.514	7.87049e-06	3	3	0	0	0	0
ENSG00000205593	0.832	19	33.518	2.657555e-06	1	0	1	0	0	0
ENSG00000100253	1.777	23	17.915	1.538789e-06	11	0	11	0	0	0
ENSG00000100258	1.954	60	35.01	3.0258875e-06	27	0	27	3	0	3
ENSG00000025708	0.907	9	17.315	1.4586235e-06	2	0	2	0	0	0
ENSG00000130487	1.507	14	14.471	1.392863e-06	6	0	6	0	0	0
ENSG00000205560	0.82	24	41.154	3.1883625e-06	5	0	5	0	0	0
ENSG00000008735	0.519	7	25.319	2.3877125e-06	4	0	4	0	0	0
ENSG00000100299	1.34	18	19.923	2.16946e-06	3	0	3	1	0	1
ENSG00000079974	1.291	8	11.165	8.60213e-07	11	0	11	0	0	0
ENSG00000114021	1.772	23	17.992	1.571016e-06	1	0	1	1	0	1
ENSG00000154174	0.242	3	32.006	2.673635e-06	2	0	2	2	0	2
ENSG00000206535	1.749	8	7.74	8.0053275e-07	10	0	10	0	0	0
ENSG00000144554	0.886	60	83.945	7.3473875e-06	1	0	1	0	0	0
ENSG00000144820	1.122	30	36.253	2.8801625e-06	3	0	3	1	0	1
ENSG00000154175	0.558	25	62.551	5.5655225e-06	2	0	2	1	0	1
ENSG00000081148	0.72	30	56.505	4.7712375e-06	1	0	1	1	0	1
ENSG00000134086	0.927	3	8.3604	7.49462e-07	2	0	2	0	0	0
ENSG00000066422	0.541	19	51.499	5.0764225e-06	2	1	1	1	0	1
ENSG00000144815	0.628	7	20.933	1.87667e-06	1	0	1	0	0	0
ENSG00000144802	0.265	3	29.278	2.8376175e-06	4	0	4	0	0	0
ENSG00000170044	1.007	15	22.927	2.200615e-06	1	0	1	0	0	0
ENSG00000157014	0.837	15	27.588	2.508815e-06	3	0	3	0	0	0
ENSG00000157017	1.966	13	6.8541	6.3038625e-07	1	0	1	1	0	1
ENSG00000138483	1.911	13	9.1061	6.416255e-07	6	0	6	0	0	0
ENSG00000114446	1.096	18	24.364	2.009665e-06	2	0	2	0	0	0
ENSG00000114455	1.005	12	19.336	1.516813e-06	4	0	4	1	0	1
ENSG00000144821	1.061	96	107.19	9.1339425e-06	15	0	15	0	0	0
ENSG00000163507	0.837	28	45.851	3.640445e-06	4	0	4	0	0	0
ENSG00000198919	0.645	33	68.367	5.432025e-06	3	1	2	2	1	1
ENSG00000163515	1.737	2	2.9771	2.09442e-07	1	0	1	0	0	0
ENSG00000163519	0.782	4	11.705	1.140608e-06	17	0	17	0	0	0
ENSG00000114487	0.505	20	57.535	4.5461175e-06	1	1	0	0	0	0
ENSG00000132164	0.64	13	32.301	2.47297e-06	1	0	1	0	0	0
ENSG00000177707	0.61	8	23.673	1.7729875e-06	5	0	5	0	0	0
ENSG00000153283	0.97	22	32.379	2.62305e-06	10	0	10	0	0	0
ENSG00000240891	1.585	13	12.929	1.20400675e-06	1	0	1	0	0	0
ENSG00000144824	0.625	24	54.039	4.96939e-06	3	1	2	1	1	0
ENSG00000144827	1.061	10	15.981	1.80833e-06	1	0	1	0	0	0
ENSG00000176040	1.097	31	38.145	3.437435e-06	7	0	7	0	0	0
ENSG00000114529	1.707	10	9.5787	4.16472e-07	11	0	11	0	0	0
ENSG00000174500	0.987	3	7.8563	5.547935e-07	1	0	1	0	0	0
ENSG00000172139	0.765	33	57.691	4.3739275e-06	6	1	5	0	0	0
ENSG00000186265	0.787	5	13.365	1.107041e-06	1	1	0	0	0	0
ENSG00000196639	1.156	11	15.752	1.56882175e-06	1	0	1	0	0	0
ENSG00000091986	0.65	15	35.543	3.27563e-06	1	0	1	0	0	0
ENSG00000206531	0.936	6	12.647	8.9228925e-07	1	0	1	0	0	0
ENSG00000163608	0.97	16	25.061	1.91486e-06	1	0	1	1	0	1
ENSG00000206530	0.561	41	94.821	9.1557175e-06	1	1	0	0	0	0
ENSG00000163611	0.89	30	45.71	3.963385e-06	1	0	1	0	0	0
ENSG00000072858	0.872	30	46.651	3.606945e-06	15	0	15	0	0	0
ENSG00000197548	0.936	23	34.831	2.6188625e-06	2	1	1	0	0	0
ENSG00000176542	0.19	7	69.325	6.2160925e-06	2	0	2	2	0	2
ENSG00000178075	1.076	36	44.193	4.31748e-06	6	0	6	1	0	1
ENSG00000163617	1.23	49	50.535	4.2228425e-06	40	0	40	0	0	0
ENSG00000151577	0.834	7	15.766	1.384488e-06	1	0	1	0	0	0
ENSG00000181847	1.05	4	8.7098	7.3594475e-07	1	0	1	0	0	0
ENSG00000144559	1.06	12	18.348	1.7219e-06	2	0	2	0	0	0
ENSG00000114638	1.356	13	15.233	1.23512825e-06	1	0	1	0	0	0
ENSG00000163389	0.893	17	28.562	2.7669325e-06	1	0	1	1	0	1
ENSG00000144843	1.283	10	13.212	1.08498125e-06	10	0	10	0	0	0
ENSG00000144837	1.237	18	21.579	1.67567e-06	1	1	0	0	0	0
ENSG00000183833	0.887	27	41.972	3.4349225e-06	1	0	1	0	0	0
ENSG00000163428	0.903	6	13.117	1.30718675e-06	1	1	0	0	0	0
ENSG00000065518	1.428	4	6.31	4.81462e-07	1	0	1	0	0	0
ENSG00000113924	0.936	16	25.973	2.157065e-06	1	0	1	0	0	0
ENSG00000051341	1.215	122	116.73	1.11622e-05	18	1	17	0	0	0
ENSG00000157150	1.114	7	11.804	1.0048995e-06	1	0	1	0	0	0
ENSG00000163833	1.082	16	22.465	1.97382e-06	7	0	7	0	0	0
ENSG00000173226	0.897	25	38.937	4.03608e-06	6	0	6	0	0	0
ENSG00000163406	1.091	34	41.493	3.84714e-06	11	0	11	0	0	0
ENSG00000145103	1.028	18	25.956	2.8982525e-06	1	0	1	0	0	0
ENSG00000134115	1.153	49	53.912	4.543605e-06	11	0	11	0	0	0
ENSG00000121552	1.915	5	3.7004	2.6175225e-07	1	0	1	0	0	0
ENSG00000196981	1.481	8	9.6676	6.98006e-07	6	0	6	0	0	0
ENSG00000082684	0.563	22	55.79	5.4432475e-06	1	0	1	0	0	0
ENSG00000173175	0.254	7	51.765	4.46287e-06	4	0	4	0	0	0
ENSG00000065534	0.494	31	84.615	7.5319725e-06	2	0	2	2	0	2
ENSG00000175455	0.836	19	33.333	3.5816525e-06	12	0	12	0	0	0
ENSG00000114491	0.931	9	16.877	1.50939275e-06	3	0	3	0	0	0
ENSG00000082781	0.706	18	37.795	3.26223e-06	1	0	1	1	0	1
ENSG00000114547	1.457	8	9.8459	9.82488e-07	3	0	3	0	0	0
ENSG00000114544	1.286	21	23.508	2.15204e-06	1	0	1	0	0	0
ENSG00000144908	0.776	25	44.991	3.7916975e-06	3	0	3	1	0	1
ENSG00000159650	1.005	28	38.201	3.1206925e-06	9	0	9	0	0	0
ENSG00000180767	1.732	6	6.3322	4.510105e-07	3	0	3	1	0	1
ENSG00000197763	0.997	15	23.155	1.72324e-06	1	0	1	0	0	0
ENSG00000114626	0.756	12	25.713	2.4031225e-06	5	0	5	2	0	2
ENSG00000074416	0.794	5	13.238	9.4872e-07	1	1	0	0	0	0
ENSG00000187715	1.306	8	11.036	2.561745e-06	13	0	13	0	0	0
ENSG00000144712	0.944	27	39.443	4.0998975e-06	1	0	1	0	0	0
ENSG00000132394	1.181	14	18.538	1.466697e-06	1	0	1	0	0	0
ENSG00000144713	0.822	1	5.7669	5.2204725e-07	2	0	2	0	0	0
ENSG00000114656	1.341	15	17.218	1.35894425e-06	7	1	6	1	0	1
ENSG00000144711	0.224	4	40.806	3.48601e-06	2	0	2	1	0	1
ENSG00000129071	1.242	23	26.232	2.5326e-06	2	0	2	0	0	0
ENSG00000163913	0.858	49	72.501	6.278235e-06	5	0	5	0	0	0
ENSG00000178804	0.968	3	8.0038	5.6104125e-07	1	0	1	0	0	0
ENSG00000170893	1.209	6	9.7887	1.01178375e-06	3	0	3	0	0	0
ENSG00000206384	1.013	78	92.935	8.734455e-06	38	0	38	0	0	0
ENSG00000196455	0.39	16	62.253	5.7598225e-06	1	0	1	0	0	0
ENSG00000034533	1.138	17	22.409	2.101455e-06	4	0	4	0	0	0
ENSG00000114670	1.224	34	36.985	3.1933875e-06	7	0	7	0	0	0
ENSG00000129048	1.803	12	10.109	9.628905e-07	3	0	3	0	0	0
ENSG00000240303	0.883	30	46.097	3.9236875e-06	15	0	15	0	0	0
ENSG00000081307	0.693	8	20.842	2.1069825e-06	1	0	1	0	0	0
ENSG00000132182	0.729	50	86.818	7.22528e-06	2	0	2	0	0	0
ENSG00000170819	1.038	15	22.251	2.312505e-06	3	0	3	0	0	0
ENSG00000163781	0.086	2	72.909	6.43267e-06	1	0	1	0	0	0
ENSG00000144867	0.827	6	14.321	1.32423825e-06	1	0	1	0	0	0
ENSG00000174640	1.053	24	32.055	2.9726225e-06	1	0	1	0	0	0
ENSG00000182923	1.283	29	30.809	3.2051125e-06	5	0	5	0	0	0
ENSG00000154928	0.257	5	40.975	3.361055e-06	2	0	2	2	0	2
ENSG00000163517	0.687	7	19.15	1.9562325e-06	1	0	1	0	0	0
ENSG00000163520	0.481	16	50.491	4.72685e-06	2	0	2	2	0	2
ENSG00000073711	0.361	10	46.993	4.00727e-06	1	0	1	0	0	0
ENSG00000114054	0.941	17	27.103	2.667605e-06	1	0	1	0	0	0
ENSG00000066405	1.273	7	10.314	8.8009525e-07	2	0	2	0	0	0
ENSG00000158163	1.297	38	38.408	2.894735e-06	2	0	2	0	0	0
ENSG00000138231	1.016	16	23.907	2.116195e-06	1	0	1	0	0	0
ENSG00000158186	0.368	0	8.1365	5.7357025e-07	2	0	2	0	0	0
ENSG00000158220	1.109	42	48.999	4.5072575e-06	1	0	1	0	0	0
ENSG00000114107	0.995	28	38.59	3.330905e-06	4	0	4	0	0	0
ENSG00000175110	0.892	11	20.409	1.9059825e-06	3	0	3	0	0	0
ENSG00000184432	0.089	1	53.344	4.291015e-06	1	1	0	0	0	0
ENSG00000163864	1.724	11	10.175	8.7255775e-07	2	0	2	0	0	0
ENSG00000158258	0.594	17	42.938	3.239115e-06	1	1	0	0	0	0
ENSG00000155890	1.32	29	29.955	2.89306e-06	5	3	2	0	0	0
ENSG00000177311	0.216	3	35.87	3.2610575e-06	1	0	1	1	0	1
ENSG00000154767	0.782	24	43.151	3.94697e-06	7	0	7	1	0	1
ENSG00000155903	1.196	48	51.037	4.758005e-06	1	0	1	1	0	1
ENSG00000114124	1.211	14	18.068	1.58707925e-06	3	0	3	0	0	0
ENSG00000175066	0.528	10	32.128	2.750015e-06	3	0	3	1	0	1
ENSG00000114127	0.197	12	98.593	8.1919225e-06	1	0	1	0	0	0
ENSG00000175054	0.399	43	139.11	1.28923075e-05	1	1	0	0	0	0
ENSG00000120756	0.667	14	32.831	2.864585e-06	1	0	1	0	0	0
ENSG00000188582	0.783	3	9.9084	7.1343275e-07	1	0	1	0	0	0
ENSG00000152952	0.638	20	45.569	4.1272e-06	6	0	6	2	0	2
ENSG00000114698	1.153	11	15.792	1.25834375e-06	3	0	3	3	0	3
ENSG00000163746	1.461	10	11.558	1.3120945e-06	1	0	1	0	0	0
ENSG00000188313	0.73	6	16.216	1.2895155e-06	3	0	3	0	0	0
ENSG00000154781	0.845	10	20.064	2.6721275e-06	1	1	0	0	0	0
ENSG00000231213	1.667	14	12.919	1.0582315e-06	1	0	1	0	0	0
ENSG00000131379	1.144	35	40.562	3.6252025e-06	7	0	7	0	0	0
ENSG00000174963	0.854	6	13.868	1.50302775e-06	2	0	2	0	0	0
ENSG00000153002	1.633	30	24.844	2.1284225e-06	7	0	7	0	0	0
ENSG00000163751	1.319	25	26.478	2.58486e-06	14	1	13	0	0	0
ENSG00000163754	1.447	17	17.599	1.685385e-06	3	0	3	0	0	0
ENSG00000071794	1.101	47	54.459	4.5477925e-06	11	0	11	1	0	1
ENSG00000047457	0.646	25	54.056	4.38783e-06	2	0	2	0	0	0
ENSG00000169908	1.073	6	11.034	1.1191345e-06	2	1	1	0	0	0
ENSG00000169903	1.618	11	11.082	1.072134e-06	1	0	1	0	0	0
ENSG00000144895	0.877	18	30.433	2.5900525e-06	1	0	1	1	0	1
ENSG00000163645	1.562	40	33.312	2.7783225e-06	20	0	20	7	0	7
ENSG00000131381	0.455	11	39.989	4.094035e-06	1	0	1	0	0	0
ENSG00000163646	1.807	9	7.9492	8.3366425e-07	1	0	1	0	0	0
ENSG00000144893	0.16	10	105.77	1.1448625e-05	2	1	1	1	0	1
ENSG00000138271	1.448	9	10.793	1.15975325e-06	16	0	16	0	0	0
ENSG00000152580	1.238	73	71.662	6.872525e-06	41	0	41	0	0	0
ENSG00000197953	1.652	12	11.557	1.410685e-06	4	0	4	0	0	0
ENSG00000198829	1.247	6	9.4828	1.0751155e-06	5	0	5	0	0	0
ENSG00000131375	0.79	29	50.071	4.4529875e-06	2	0	2	0	0	0
ENSG00000206562	1.012	5	10.388	1.04528375e-06	12	0	12	0	0	0
ENSG00000174948	1.102	16	22.059	1.6852175e-06	5	0	5	0	0	0
ENSG00000206561	1.095	24	30.818	3.18853e-06	1	1	0	0	0	0
ENSG00000196549	0.923	36	51.511	4.7765975e-06	4	0	4	0	0	0
ENSG00000114805	0.335	16	72.544	7.5490575e-06	1	0	1	0	0	0
ENSG00000131373	1.007	22	31.195	2.2068125e-06	7	0	7	0	0	0
ENSG00000174928	1.251	9	12.55	1.19774225e-06	1	0	1	0	0	0
ENSG00000169814	1.304	12	14.906	1.0939425e-06	7	0	7	0	0	0
ENSG00000163659	0.113	0	26.454	2.54131e-06	1	0	1	0	0	0
ENSG00000197415	1.222	35	37.984	3.156705e-06	4	0	4	0	0	0
ENSG00000174891	0.836	10	20.28	2.118205e-06	1	0	1	0	0	0
ENSG00000178053	1.366	16	17.786	2.3270775e-06	5	0	5	0	0	0
ENSG00000168827	0.818	29	48.319	4.9848e-06	1	0	1	0	0	0
ENSG00000118849	1.611	13	12.686	1.01438e-06	8	0	8	1	0	1
ENSG00000118855	1.216	26	29.68	2.5813425e-06	3	0	3	0	0	0
ENSG00000068885	0.991	36	47.988	4.1250225e-06	3	1	2	1	0	1
ENSG00000213186	0.874	7	15.036	1.50621025e-06	15	0	15	0	0	0
ENSG00000179674	1.892	8	6.1799	5.7919825e-07	1	0	1	0	0	0
ENSG00000169255	0.999	6	11.859	1.1010445e-06	1	0	1	0	0	0
ENSG00000182447	1.815	20	15.376	1.4763785e-06	2	0	2	1	0	1
ENSG00000131386	1.279	28	30.021	2.5769875e-06	10	0	10	1	0	1
ENSG00000154814	1.46	12	13.278	1.03700925e-06	12	0	12	0	0	0
ENSG00000131378	0.966	12	20.126	1.4274685e-06	4	0	4	0	0	0
ENSG00000090402	1.04	99	112.47	9.1145125e-06	8	0	8	0	0	0
ENSG00000121871	0.34	5	30.91	3.4007525e-06	1	0	1	0	0	0
ENSG00000114200	1.329	21	22.755	2.0024625e-06	4	0	4	0	0	0
ENSG00000169064	1.055	37	46.146	3.82101e-06	21	1	20	1	0	1
ENSG00000114204	1.531	21	19.722	1.394136e-06	10	0	10	0	0	0
ENSG00000174776	1.227	31	34.088	2.895405e-06	14	0	14	0	0	0
ENSG00000173905	0.74	24	45.587	4.10777e-06	2	0	2	0	0	0
ENSG00000114248	0.904	12	21.505	2.05221e-06	3	0	3	0	0	0
ENSG00000187033	1.055	12	18.426	1.6397915e-06	2	0	2	0	0	0
ENSG00000173890	1.263	6	9.3574	6.522785e-07	11	0	11	0	0	0
ENSG00000163558	0.439	10	38.644	3.71582e-06	1	1	0	0	0	0
ENSG00000163581	0.923	16	26.33	2.6265675e-06	3	1	2	2	0	2
ENSG00000154310	0.182	9	86.067	8.93244e-06	1	0	1	0	0	0
ENSG00000186329	1.797	11	9.4692	9.12607e-07	6	0	6	0	0	0
ENSG00000121853	1.012	5	10.385	8.976325e-07	2	0	2	0	0	0
ENSG00000144962	1.062	19	26.247	2.0301e-06	1	0	1	1	0	1
ENSG00000114757	0.356	7	36.903	3.0131575e-06	1	0	1	1	0	1
ENSG00000078081	0.962	8	15.001	1.2123985e-06	13	0	13	0	0	0
ENSG00000176597	0.485	2	12.977	1.02873475e-06	3	0	3	0	0	0
ENSG00000053524	0.904	48	67.523	5.92414e-06	3	0	3	0	0	0
ENSG00000163872	0.28	13	73.901	6.642045e-06	3	0	3	3	0	3
ENSG00000178084	1.339	16	18.151	1.571619e-06	4	0	4	0	0	0
ENSG00000186038	1.447	14	15.096	9.376985e-07	28	0	28	0	0	0
ENSG00000145198	0.532	15	43.384	4.58682e-06	1	0	1	0	0	0
ENSG00000145194	1.098	38	45.344	4.3477975e-06	2	0	2	0	0	0
ENSG00000114859	0.769	26	46.901	4.431045e-06	4	0	4	0	0	0
ENSG00000224153	1.218	3	6.3329	4.49436e-07	2	0	2	0	0	0
ENSG00000182580	0.375	10	45.242	4.0834825e-06	5	0	5	4	0	4
ENSG00000177383	1.683	4	5.0071	3.507785e-07	8	0	8	0	0	0
ENSG00000156931	0.462	30	87.988	7.6458725e-06	10	0	10	0	0	0
ENSG00000113790	0.972	19	28.683	2.6068025e-06	6	0	6	0	0	0
ENSG00000163898	1.209	18	22.082	1.82441e-06	2	0	2	0	0	0
ENSG00000163915	1.716	0	1.0218	7.3403525e-08	24	0	24	0	0	0
ENSG00000058866	0.82	27	45.398	3.235765e-06	2	1	1	1	0	1
ENSG00000090520	0.518	5	20.3	1.8567375e-06	1	0	1	1	0	1
ENSG00000145192	1.422	11	12.779	9.2006075e-07	1	0	1	0	0	0
ENSG00000090512	1.37	12	14.182	1.25670225e-06	15	0	15	1	0	1
ENSG00000113905	1.495	20	19.42	1.95573e-06	13	0	13	0	0	0
ENSG00000181092	1.906	11	7.9166	7.048065e-07	4	0	4	0	0	0
ENSG00000175077	1.343	9	11.678	8.4595875e-07	17	0	17	0	0	0
ENSG00000127241	0.978	22	32.127	2.99155e-06	2	0	2	1	0	1
ENSG00000136514	1.033	0	2.8366	2.0426625e-07	1	0	1	0	0	0
ENSG00000198471	1.678	8	8.2782	5.921795e-07	1	0	1	0	0	0
ENSG00000113916	0.33	4	27.713	2.8051225e-06	2	2	0	0	0	0
ENSG00000188001	1.72	14	12.399	8.755225e-07	3	0	3	0	0	0
ENSG00000090530	1.155	34	39.208	3.80426e-06	6	0	6	2	0	2
ENSG00000198398	1.945	13	8.0412	7.17168e-07	4	0	4	0	0	0
ENSG00000188958	1.588	6	7.2495	6.69263e-07	23	1	22	0	0	0
ENSG00000152492	0.711	10	23.854	3.21667e-06	2	1	1	1	0	1
ENSG00000127252	1.556	6	7.437	6.67454e-07	3	0	3	0	0	0
ENSG00000187527	1.287	72	68.041	5.402545e-06	20	0	20	0	0	0
ENSG00000127249	0.947	49	65.647	5.26285e-06	1	0	1	0	0	0
ENSG00000172061	1.405	13	14.694	1.4048225e-06	2	0	2	0	0	0
ENSG00000041802	0.894	24	37.739	3.5046025e-06	2	0	2	2	0	2
ENSG00000185112	0.669	2	9.404	6.72747e-07	1	0	1	1	0	1
ENSG00000114331	0.324	10	52.295	5.0281825e-06	1	1	0	0	0	0
ENSG00000145113	0.797	39	63.911	9.421875e-06	3	1	2	0	0	0
ENSG00000145107	1.537	9	10.107	9.9841725e-07	8	0	8	0	0	0
ENSG00000163961	1.198	22	26.218	2.3026225e-06	11	0	11	0	0	0
ENSG00000214097	1.678	6	6.6918	4.67258e-07	1	0	1	0	0	0
ENSG00000185798	0.974	6	12.154	1.12846425e-06	5	0	5	0	0	0
ENSG00000163964	1.162	9	13.511	1.28313375e-06	2	0	2	0	0	0
ENSG00000119231	0.191	2	32.924	2.7217075e-06	1	1	0	0	0	0
ENSG00000163975	1.132	28	33.91	2.7270675e-06	19	0	19	0	0	0
ENSG00000161267	1.39	12	13.97	1.26588125e-06	1	0	1	0	0	0
ENSG00000114473	1.713	28	22.221	1.59012775e-06	1	1	0	0	0	0
ENSG00000163576	1.24	37	39.254	4.0194975e-06	17	0	17	2	0	2
ENSG00000129810	1.225	20	23.718	2.2563925e-06	2	0	2	1	0	1
ENSG00000077097	0.277	14	78.99	6.709715e-06	1	0	1	1	0	1
ENSG00000230891	1.104	1	4.2579	3.02036e-07	1	0	1	0	0	0
ENSG00000163491	0.74	22	42.436	3.6047675e-06	3	1	2	1	0	1
ENSG00000033867	0.34	12	57.206	5.183455e-06	2	1	1	0	0	0
ENSG00000144619	0.519	20	55.991	5.3926625e-06	1	1	0	0	0	0
ENSG00000163508	0.3	3	25.867	2.3615825e-06	3	0	3	0	0	0
ENSG00000206559	1.03	12	18.88	1.31824175e-06	2	0	2	0	0	0
ENSG00000144642	0.499	7	26.338	2.4644275e-06	2	0	2	0	0	0
ENSG00000163513	0.555	6	21.335	1.90414e-06	1	0	1	1	0	1
ENSG00000144644	1.427	31	29.322	2.191235e-06	19	0	19	0	0	0
ENSG00000091181	1.055	15	21.89	1.694095e-06	3	0	3	0	0	0
ENSG00000072756	0.876	9	17.924	1.252632e-06	2	0	2	0	0	0
ENSG00000144645	0.696	17	36.628	3.5531775e-06	2	0	2	0	0	0
ENSG00000183813	0.973	3	7.9651	5.6851175e-07	1	0	1	1	0	1
ENSG00000170266	0.86	20	33.779	3.01567e-06	2	0	2	1	0	1
ENSG00000170275	0.857	8	16.841	1.3578555e-06	5	0	5	1	0	1
ENSG00000173705	1.363	17	18.707	1.31964875e-06	12	0	12	0	0	0
ENSG00000172995	0.478	15	48.272	3.88131e-06	2	0	2	0	0	0
ENSG00000144681	1.012	14	21.619	1.840155e-06	2	0	2	0	0	0
ENSG00000163673	0.563	5	18.676	1.60590625e-06	1	0	1	0	0	0
ENSG00000076242	0.575	15	40.188	3.39891e-06	10	0	10	0	0	0
ENSG00000093167	0.983	46	59.826	6.3047e-06	2	0	2	0	0	0
ENSG00000144674	0.515	47	116.3	1.02652375e-05	3	1	2	3	1	2
ENSG00000198590	1.683	2	3.2375	3.712135e-07	8	0	8	0	0	0
ENSG00000136059	1.091	39	46.676	3.915815e-06	28	0	28	0	0	0
ENSG00000008226	0.911	67	90.112	7.78808e-06	7	0	7	0	0	0
ENSG00000060971	1.006	11	18.101	2.0232325e-06	2	0	2	2	0	2
ENSG00000172940	1.376	21	21.976	1.74401e-06	7	1	6	0	0	0
ENSG00000144671	1.26	21	23.997	1.860925e-06	8	0	8	0	0	0
ENSG00000093217	1.303	34	34.751	2.84549e-06	4	0	4	0	0	0
ENSG00000157036	1.631	16	14.763	1.31760525e-06	2	0	2	0	0	0
ENSG00000185313	1.014	65	78.814	7.3256125e-06	4	0	4	1	0	1
ENSG00000168356	0.828	53	80.455	7.5527425e-06	8	0	8	0	0	0
ENSG00000168334	1.168	48	52.268	5.08865e-06	11	0	11	0	0	0
ENSG00000168032	1.596	29	24.728	1.900455e-06	11	0	11	0	0	0
ENSG00000177842	1.095	7	12.005	9.925045e-07	1	0	1	0	0	0
ENSG00000168038	1.095	62	69.959	5.5564775e-06	14	1	13	0	0	0
ENSG00000157093	0.743	1	6.3825	4.4988825e-07	3	0	3	0	0	0
ENSG00000093183	1.224	12	15.881	1.641835e-06	4	0	4	0	0	0
ENSG00000010282	0.886	15	26.078	2.4238925e-06	1	0	1	1	0	1
ENSG00000244607	0.723	20	40.213	3.8597025e-06	21	0	21	0	0	0
ENSG00000180432	1.188	9	13.221	1.194275e-06	1	0	1	1	0	1
ENSG00000182983	1.421	19	19.606	1.978175e-06	42	0	42	0	0	0
ENSG00000170364	1.13	8	12.776	1.2751775e-06	11	0	11	1	0	1
ENSG00000163788	0.132	0	22.566	1.946685e-06	1	1	0	0	0	0
ENSG00000173769	0.301	12	64.542	6.13385e-06	2	0	2	0	0	0
ENSG00000185219	0.212	3	36.509	3.3732825e-06	2	0	2	2	0	2
ENSG00000178917	1.21	15	19.091	1.803305e-06	5	0	5	0	0	0
ENSG00000196345	0.716	13	28.879	2.8426425e-06	10	0	10	0	0	0
ENSG00000163807	1.324	4	6.8617	5.9273225e-07	1	0	1	0	0	0
ENSG00000163808	0.79	52	82.959	7.22796e-06	3	0	3	0	0	0
ENSG00000169964	1.402	2	4.3523	3.0982475e-07	2	0	2	0	0	0
ENSG00000163810	1.206	32	35.631	3.1423e-06	8	0	8	0	0	0
ENSG00000075914	1.092	10	15.533	1.516009e-06	1	0	1	0	0	0
ENSG00000144791	0.437	6	27.108	2.4969225e-06	1	0	1	1	0	1
ENSG00000211456	0.37	8	39.032	3.45452e-06	1	1	0	1	1	0
ENSG00000163817	1.221	24	27.645	2.2687875e-06	27	0	27	2	0	2
ENSG00000163818	0.575	6	20.609	1.8527175e-06	1	1	0	0	0	0
ENSG00000163820	0.911	52	71.905	6.42262e-06	9	0	9	0	0	0
ENSG00000173578	1.084	4	8.4368	6.12715e-07	2	0	2	0	0	0
ENSG00000160791	1.93	12	7.9435	6.8643175e-07	27	0	27	0	0	0
ENSG00000121797	1.777	0	0.78757	5.5641825e-08	14	0	14	0	0	0
ENSG00000012223	1.164	35	39.864	3.784495e-06	18	1	17	1	0	1
ENSG00000163825	1.533	1	2.7832	1.990235e-07	1	0	1	0	0	0
ENSG00000163827	1.144	12	16.995	1.19827825e-06	1	0	1	0	0	0
ENSG00000178038	1.082	47	55.372	4.54193e-06	11	0	11	0	0	0
ENSG00000088727	1.143	36	41.603	3.265245e-06	2	0	2	0	0	0
ENSG00000076201	0.372	18	71.743	6.4060375e-06	1	0	1	0	0	0
ENSG00000163832	1.061	7	12.396	8.79509e-07	4	0	4	0	0	0
ENSG00000114646	0.75	6	15.789	1.1454655e-06	5	0	5	0	0	0
ENSG00000164045	0.375	5	28.04	2.3917325e-06	1	0	1	0	0	0
ENSG00000164047	1.553	4	5.682	4.0334e-07	16	0	16	0	0	0
ENSG00000164048	1.51	4	5.8954	4.218655e-07	6	0	6	0	0	0
ENSG00000164049	1.041	18	25.638	2.279005e-06	12	0	12	1	0	1
ENSG00000164050	0.385	25	90.749	7.5926075e-06	1	0	1	1	0	1
ENSG00000164054	1.441	10	11.728	1.14276875e-06	5	0	5	0	0	0
ENSG00000145040	1.779	2	2.7508	3.3401175e-07	3	0	3	1	0	1
ENSG00000114270	0.595	100	198.6	1.9997825e-05	8	0	8	2	0	2
ENSG00000010256	0.546	8	26.424	2.28001e-06	1	0	1	0	0	0
ENSG00000008300	0.245	21	123.37	1.16059075e-05	10	0	10	0	0	0
ENSG00000213672	0.608	12	31.983	2.9739625e-06	3	0	3	0	0	0
ENSG00000114302	0.523	6	22.646	1.93965e-06	1	0	1	1	0	1
ENSG00000177479	0.283	5	37.147	3.350335e-06	1	1	0	0	0	0
ENSG00000178467	1.005	17	25.366	1.959415e-06	2	0	2	0	0	0
ENSG00000178149	1.357	18	19.666	1.7843775e-06	3	0	3	0	0	0
ENSG00000198218	0.275	5	38.196	3.1424675e-06	1	1	0	0	0	0
ENSG00000172053	0.806	28	47.648	4.30006e-06	5	0	5	0	0	0
ENSG00000172037	0.655	46	89.855	9.410485e-06	4	1	3	1	0	1
ENSG00000177352	0.755	5	13.917	2.20497e-06	1	1	0	0	0	0
ENSG00000236980	1.298	8	11.11	1.0726365e-06	1	0	1	0	0	0
ENSG00000188315	1.365	7	9.5971	8.1731625e-07	3	1	2	0	0	0
ENSG00000114316	0.634	24	53.242	4.2586875e-06	1	0	1	0	0	0
ENSG00000164061	0.175	13	118.34	1.1454655e-05	1	1	0	0	0	0
ENSG00000164068	0.427	22	73.485	5.732185e-06	1	0	1	0	0	0
ENSG00000134107	0.194	0	15.421	1.0978285e-06	4	0	4	0	0	0
ENSG00000185614	1.307	6	9.0345	7.9798675e-07	7	0	7	0	0	0
ENSG00000182179	0.892	34	50.759	4.1210025e-06	3	0	3	0	0	0
ENSG00000164078	1.263	55	54.528	4.9715675e-06	30	0	30	0	0	0
ENSG00000164077	1.049	17	24.32	2.319205e-06	2	0	2	0	0	0
ENSG00000114353	0.393	2	16.014	1.134444e-06	1	0	1	0	0	0
ENSG00000179564	1.767	9	8.326	9.25337e-07	20	0	20	0	0	0
ENSG00000114378	1.017	8	14.191	1.046808e-06	1	0	1	0	0	0
ENSG00000068001	0.535	5	19.666	1.8761675e-06	1	1	0	1	1	0
ENSG00000114735	1.033	15	22.356	1.99526e-06	1	0	1	0	0	0
ENSG00000114737	1.228	5	8.5469	9.1309275e-07	1	0	1	0	0	0
ENSG00000114738	1.115	16	21.795	2.0094975e-06	1	0	1	1	0	1
ENSG00000088538	0.158	11	115.27	1.044932e-05	5	0	5	0	0	0
ENSG00000184345	1.127	6	10.507	1.0156195e-06	1	0	1	0	0	0
ENSG00000134109	1.088	24	31.012	2.74767e-06	3	0	3	1	0	1
ENSG00000041880	1.242	23	26.234	2.16142e-06	9	0	9	0	0	0
ENSG00000114779	1.419	6	8.2767	6.13184e-07	2	0	2	0	0	0
ENSG00000248487	1.395	9	11.228	1.0582315e-06	1	0	1	0	0	0
ENSG00000243989	1.063	16	22.868	1.694765e-06	2	0	2	0	0	0
ENSG00000162244	0.935	2	6.7279	8.186395e-07	2	0	2	0	0	0
ENSG00000023330	0.49	7	26.82	2.5192e-06	3	0	3	0	0	0
ENSG00000164088	0.985	7	13.353	1.13888275e-06	1	0	1	0	0	0
ENSG00000114841	0.478	83	208.53	1.82843e-05	6	2	4	1	0	1
ENSG00000010319	1.037	32	41.432	4.08633e-06	2	0	2	0	0	0
ENSG00000010322	0.285	10	59.505	4.41865e-06	1	0	1	1	0	1
ENSG00000010327	0.805	102	149.45	1.33190975e-05	4	0	4	1	0	1
ENSG00000168268	0.677	13	30.547	2.2027925e-06	1	1	0	0	0	0
ENSG00000016864	1.134	15	20.364	1.91821e-06	6	0	6	1	0	1
ENSG00000114904	1.154	43	48.049	5.07525e-06	5	0	5	0	0	0
ENSG00000055957	1.23	48	49.643	4.5404225e-06	7	0	7	1	0	1
ENSG00000162267	0.835	18	31.949	3.1183475e-06	1	0	1	1	0	1
ENSG00000213533	0.598	4	15.296	1.0988335e-06	1	0	1	0	0	0
ENSG00000163933	1.094	23	29.775	2.71551e-06	1	0	1	0	0	0
ENSG00000157388	0.214	17	119.14	1.1627515e-05	1	1	0	0	0	0
ENSG00000016391	0.883	13	23.416	1.9297675e-06	4	0	4	1	0	1
ENSG00000056736	1.139	19	24.482	2.1763275e-06	5	0	5	0	0	0
ENSG00000144771	1.903	20	13.735	1.343082e-06	28	0	28	1	0	1
ENSG00000180376	1.251	53	53.279	5.00557e-06	59	0	59	0	0	0
ENSG00000163947	0.515	11	35.331	3.8563525e-06	2	0	2	0	0	0
ENSG00000163666	1.237	6	9.5577	8.269475e-07	1	0	1	0	0	0
ENSG00000157500	0.35	9	44.862	4.0154775e-06	4	1	3	1	0	1
ENSG00000174840	0.598	6	19.802	1.5108165e-06	1	0	1	0	0	0
ENSG00000136068	0.43	36	110.48	9.8200225e-06	4	0	4	0	0	0
ENSG00000168306	0.87	21	34.764	2.630755e-06	1	0	1	0	0	0
ENSG00000163689	0.925	21	32.694	3.111815e-06	1	0	1	0	0	0
ENSG00000114405	1.804	7	6.5234	4.6030675e-07	9	0	9	0	0	0
ENSG00000153266	0.222	0	13.484	9.594735e-07	6	0	6	0	0	0
ENSG00000163618	0.414	22	75.83	7.24404e-06	21	0	21	0	0	0
ENSG00000163632	1.471	12	13.171	1.02712675e-06	2	0	2	1	0	1
ENSG00000163635	0.218	2	28.87	2.7260625e-06	2	2	0	0	0	0
ENSG00000151276	0.37	17	68.833	7.42695e-06	2	1	1	0	0	0
ENSG00000144741	1.173	8	12.302	1.33263e-06	1	1	0	0	0	0
ENSG00000144749	0.426	12	45.597	4.152325e-06	30	1	29	0	0	0
ENSG00000144746	1.254	2	4.9621	3.4995775e-07	1	0	1	0	0	0
ENSG00000163380	1.138	13	18.156	1.57840275e-06	2	0	2	0	0	0
ENSG00000163412	0.931	4	9.832	1.36345e-06	2	0	2	0	0	0
ENSG00000163421	1.645	3	4.3301	3.0285675e-07	1	0	1	0	0	0
ENSG00000144736	1.134	19	24.578	2.232775e-06	24	0	24	0	0	0
ENSG00000172986	1.502	20	19.317	1.6872275e-06	1	0	1	0	0	0
ENSG00000169855	0.581	39	87.601	9.12942e-06	2	0	2	1	0	1
ENSG00000114480	0.972	24	34.716	2.81266e-06	1	0	1	0	0	0
ENSG00000125046	1.411	17	18.067	1.7699725e-06	15	1	14	1	0	1
ENSG00000180914	1.268	6	9.3234	6.69732e-07	1	0	1	0	0	0
ENSG00000179021	1.02	7	12.884	1.1690495e-06	2	0	2	0	0	0
ENSG00000070950	0.991	16	24.527	1.87131e-06	3	0	3	0	0	0
ENSG00000134077	1.249	22	25.151	2.3702925e-06	4	0	4	0	0	0
ENSG00000178694	1.289	14	16.971	1.59267375e-06	2	0	2	0	0	0
ENSG00000163719	0.691	18	38.647	3.51616e-06	6	0	6	0	0	0
ENSG00000080224	0.357	10	47.542	4.22033e-06	1	0	1	0	0	0
ENSG00000196578	1.66	3	4.2587	5.5715525e-07	7	0	7	0	0	0
ENSG00000236032	1.942	8	5.009	3.56172e-07	19	0	19	0	0	0
ENSG00000214021	1.291	22	24.331	2.9279e-06	12	0	12	1	0	1
ENSG00000197938	1.878	5	4.2684	3.049505e-07	7	0	7	0	0	0
ENSG00000196098	1.926	7	4.8079	3.2965675e-07	10	0	10	1	0	1
ENSG00000206536	1.806	6	5.7572	4.7347225e-07	12	0	12	0	0	0
ENSG00000156990	1.1	13	18.795	1.939315e-06	7	0	7	0	0	0
ENSG00000231861	1.853	5	4.5672	3.190205e-07	4	0	4	0	0	0
ENSG00000064225	1.316	9	11.919	1.68438e-06	1	0	1	0	0	0
ENSG00000163702	0.867	29	45.589	4.033065e-06	3	0	3	1	0	1
ENSG00000145358	1.876	8	6.4256	5.6221375e-07	4	0	4	1	0	1
ENSG00000127415	1.166	22	26.942	2.0161975e-06	19	1	18	0	0	0
ENSG00000153064	0.829	25	42.133	3.87729e-06	8	0	8	0	0	0
ENSG00000138821	0.465	3	16.665	1.28953225e-06	1	0	1	0	0	0
ENSG00000127418	0.73	6	16.212	1.420333e-06	11	0	11	0	0	0
ENSG00000164037	1.005	13	20.557	1.452292e-06	10	0	10	0	0	0
ENSG00000138778	0.308	32	139.59	1.15382375e-05	1	0	1	1	0	1
ENSG00000169836	1.736	23	18.491	1.602841e-06	7	0	7	1	0	1
ENSG00000109684	1.766	38	27.94	2.1172e-06	5	0	5	1	0	1
ENSG00000236699	0.915	19	30.459	2.2862075e-06	3	0	3	0	0	0
ENSG00000138785	0.436	3	17.77	1.6458885e-06	1	0	1	0	0	0
ENSG00000138780	0.811	16	29.971	2.5661e-06	1	0	1	0	0	0
ENSG00000168743	0.989	18	26.987	2.620035e-06	1	0	1	0	0	0
ENSG00000145348	0.871	31	48.032	4.1662275e-06	3	1	2	0	0	0
ENSG00000164022	1.062	9	14.79	1.35184225e-06	2	0	2	0	0	0
ENSG00000138801	0.792	17	32.209	3.058215e-06	6	0	6	0	0	0
ENSG00000164023	0.578	6	20.503	2.0386425e-06	1	0	1	0	0	0
ENSG00000164089	0.738	11	24.671	2.0168675e-06	1	0	1	0	0	0
ENSG00000188517	0.927	36	51.269	4.5233375e-06	1	0	1	1	0	1
ENSG00000205403	0.761	18	35.056	3.2449775e-06	2	0	2	1	0	1
ENSG00000180245	1.445	14	15.123	1.21854575e-06	14	0	14	0	0	0
ENSG00000183423	1.604	15	14.285	1.407737e-06	1	0	1	0	0	0
ENSG00000138798	0.74	37	65.766	6.417595e-06	3	0	3	0	0	0
ENSG00000138792	1.143	46	51.473	4.1407675e-06	5	0	5	0	0	0
ENSG00000174749	0.852	0	3.4923	4.1434475e-07	2	0	2	1	0	1
ENSG00000145365	1.15	2	5.4458	6.72948e-07	15	0	15	0	0	0
ENSG00000073331	0.929	38	53.606	4.3196575e-06	29	0	29	0	0	0
ENSG00000180801	1.037	14	21.115	1.807325e-06	3	0	3	0	0	0
ENSG00000164100	0.586	16	41.498	3.5736125e-06	1	0	1	0	0	0
ENSG00000164099	1.24	44	45.608	4.1658925e-06	13	0	13	0	0	0
ENSG00000145390	0.779	29	50.75	4.8131125e-06	2	0	2	0	0	0
ENSG00000164096	0.761	2	8.2686	6.0305025e-07	2	0	2	0	0	0
ENSG00000138735	0.524	15	44.114	3.94228e-06	5	1	4	0	0	0
ENSG00000186867	1.583	12	12.158	1.6130585e-06	3	0	3	2	0	2
ENSG00000164111	1.446	22	21.717	1.9585775e-06	13	0	13	0	0	0
ENSG00000123737	1.055	18	25.31	2.380845e-06	2	0	2	0	0	0
ENSG00000138686	0.735	20	39.554	2.969775e-06	6	0	6	0	0	0
ENSG00000138688	0.41	84	245.8	2.2908975e-05	3	1	2	1	0	1
ENSG00000164113	0.511	8	28.254	2.250865e-06	4	0	4	0	0	0
ENSG00000181004	0.963	14	22.722	2.06762e-06	1	0	1	0	0	0
ENSG00000145375	1.079	34	41.952	4.1873325e-06	2	0	2	0	0	0
ENSG00000151475	1.387	15	16.643	1.7682975e-06	10	0	10	0	0	0
ENSG00000164074	1.122	17	22.731	2.412e-06	6	0	6	0	0	0
ENSG00000151466	0.888	32	48.384	4.07427e-06	5	0	5	0	0	0
ENSG00000138650	0.352	6	33.615	2.749345e-06	1	0	1	1	0	1
ENSG00000254535	1.207	7	10.884	1.50071625e-06	1	0	1	0	0	0
ENSG00000163945	1.48	35	31.339	2.374815e-06	4	1	3	1	1	0
ENSG00000038219	0.254	16	95.716	8.01789e-06	2	0	2	0	0	0
ENSG00000189184	0.456	8	31.665	2.8315875e-06	2	0	2	0	0	0
ENSG00000151014	0.689	5	15.258	1.65729525e-06	6	0	6	0	0	0
ENSG00000137463	1.891	6	4.7997	3.346315e-07	2	0	2	0	0	0
ENSG00000164134	0.28	7	47.027	3.67897e-06	1	0	1	0	0	0
ENSG00000153132	0.975	22	32.212	2.280345e-06	15	0	15	0	0	0
ENSG00000205301	1.235	10	13.732	1.15442675e-06	11	0	11	0	0	0
ENSG00000179387	0.5	4	18.307	1.71252e-06	2	0	2	0	0	0
ENSG00000109424	1.788	15	12.356	1.02940475e-06	3	0	3	0	0	0
ENSG00000109445	0.59	6	20.085	1.724245e-06	1	0	1	0	0	0
ENSG00000109452	0.353	12	55.023	5.1538075e-06	1	0	1	0	0	0
ENSG00000170185	0.644	18	41.426	3.3567e-06	2	0	2	0	0	0
ENSG00000153147	0.074	1	63.737	6.16065e-06	2	2	0	0	0	0
ENSG00000183090	0.878	39	58.018	4.9976975e-06	9	0	9	0	0	0
ENSG00000164162	1.056	5	9.9551	8.682195e-07	1	0	1	0	0	0
ENSG00000164163	0.314	6	37.674	3.697395e-06	1	1	0	0	0	0
ENSG00000237136	1.406	9	11.132	9.0913975e-07	16	0	16	0	0	0
ENSG00000250673	1.905	5	3.8789	2.8000975e-07	5	0	5	0	0	0
ENSG00000137473	1.005	16	24.171	2.11988e-06	5	0	5	1	0	1
ENSG00000164168	0.517	7	25.442	1.814025e-06	1	0	1	0	0	0
ENSG00000164169	0.928	24	36.358	2.7039525e-06	2	0	2	0	0	0
ENSG00000198589	0.417	49	148.99	1.39308075e-05	12	0	12	12	0	12
ENSG00000189099	0.872	0	3.4092	1.01111375e-06	6	0	6	0	0	0
ENSG00000164142	0.621	15	37.202	3.0037775e-06	3	0	3	0	0	0
ENSG00000059691	0.992	19	28.117	2.25455e-06	3	0	3	1	0	1
ENSG00000170006	1.613	10	10.339	7.247055e-07	3	0	3	0	0	0
ENSG00000169989	1.256	13	16.458	1.6210985e-06	4	0	4	0	0	0
ENSG00000164144	0.941	10	18.025	1.4611695e-06	1	0	1	1	0	1
ENSG00000109654	0.27	4	33.96	3.247155e-06	1	0	1	1	0	1
ENSG00000137462	0.933	13	22.146	1.8644425e-06	6	0	6	0	0	0
ENSG00000197410	1.025	79	92.919	7.32645e-06	24	0	24	0	0	0
ENSG00000163145	1.447	7	9.0138	6.3222875e-07	1	0	1	0	0	0
ENSG00000151962	0.484	4	18.9	1.9076575e-06	3	0	3	0	0	0
ENSG00000048342	0.764	51	84.344	9.25136e-06	9	2	7	1	0	1
ENSG00000164114	1.192	25	29.303	2.20497e-06	5	0	5	0	0	0
ENSG00000164116	0.84	17	30.35	3.1823325e-06	6	0	6	0	0	0
ENSG00000061918	0.675	13	30.629	2.707805e-06	4	0	4	0	0	0
ENSG00000256394	1.367	21	22.117	1.70381e-06	1	0	1	1	0	1
ENSG00000256043	1.332	14	16.424	1.27918075e-06	2	0	2	0	0	0
ENSG00000237765	1.291	15	17.893	1.57485175e-06	17	0	17	0	0	0
ENSG00000109743	1.358	17	18.767	1.9073225e-06	2	0	2	1	0	1
ENSG00000004468	1.126	11	16.168	1.1528355e-06	3	0	3	0	0	0
ENSG00000164125	1.074	15	21.514	2.4801725e-06	15	0	15	0	0	0
ENSG00000164124	1.355	17	18.814	1.338258e-06	2	0	2	0	0	0
ENSG00000171509	0.896	25	38.989	3.172785e-06	4	0	4	0	0	0
ENSG00000171497	1.169	16	20.787	1.6855525e-06	4	0	4	1	0	1
ENSG00000137441	1.917	3	2.2253	1.58701225e-07	3	0	3	0	0	0
ENSG00000007062	1.051	39	48.467	4.102075e-06	7	0	7	0	0	0
ENSG00000168843	0.63	17	40.477	3.484e-06	1	0	1	1	0	1
ENSG00000164129	1.02	5	10.304	8.4085e-07	1	0	1	0	0	0
ENSG00000151005	1.172	13	17.627	2.06427e-06	9	0	9	0	0	0
ENSG00000198498	1.14	8	12.662	1.14581725e-06	6	1	5	0	0	0
ENSG00000174137	1.173	5	8.9558	7.522425e-07	7	0	7	0	0	0
ENSG00000183439	1.76	6	6.1339	5.7440775e-07	1	0	1	0	0	0
ENSG00000170088	1.287	10	13.177	1.39599525e-06	1	0	1	0	0	0
ENSG00000109511	1.24	22	25.33	2.656215e-06	4	1	3	0	0	0
ENSG00000137628	0.586	42	92.649	8.3761725e-06	2	1	1	0	0	0
ENSG00000129116	0.454	17	56.181	5.9028675e-06	2	1	1	0	0	0
ENSG00000137601	0.864	50	73.258	6.3835925e-06	1	1	0	0	0	0
ENSG00000056050	1.125	11	16.179	1.37978125e-06	17	0	17	0	0	0
ENSG00000168936	1.9	11	8.0475	1.06203375e-06	2	0	2	2	0	2
ENSG00000174473	0.823	19	33.865	3.0396225e-06	2	0	2	1	0	1
ENSG00000109586	0.644	16	37.706	3.4751225e-06	1	1	0	0	0	0
ENSG00000164107	0.941	1	5.0307	3.6463075e-07	1	0	1	1	0	1
ENSG00000164117	0.53	3	14.63	1.27338525e-06	1	0	1	0	0	0
ENSG00000164120	1.456	8	9.8469	8.8481875e-07	2	0	2	0	0	0
ENSG00000249581	1.606	9	9.5954	9.96625e-07	1	1	0	0	0	0
ENSG00000002549	0.897	15	25.739	1.9398175e-06	3	0	3	0	0	0
ENSG00000150627	0.85	50	74.423	6.170365e-06	5	1	4	0	0	0
ENSG00000150628	1.508	14	14.463	1.30018525e-06	21	0	21	0	0	0
ENSG00000164122	1.498	19	18.584	1.8594175e-06	4	4	0	0	0	0
ENSG00000047662	0.841	34	53.833	4.445785e-06	1	0	1	0	0	0
ENSG00000109674	1.081	17	23.592	1.7924175e-06	2	1	1	0	0	0
ENSG00000109805	0.606	19	45.994	3.532575e-06	14	0	14	0	0	0
ENSG00000129187	1.268	6	9.3197	6.5611425e-07	1	0	1	0	0	0
ENSG00000177300	1.19	3	6.4884	6.0449075e-07	12	0	12	0	0	0
ENSG00000168538	0.569	28	67.504	5.8412275e-06	7	1	6	3	1	2
ENSG00000164305	0.686	4	13.338	1.36745325e-06	1	0	1	1	0	1
ENSG00000164306	1.328	28	28.911	2.4707925e-06	21	0	21	0	0	0
ENSG00000151725	0.982	15	23.509	1.7709775e-06	4	0	4	0	0	0
ENSG00000151726	0.476	14	45.957	4.4091025e-06	1	0	1	1	0	1
ENSG00000187821	1.177	6	10.051	7.1892675e-07	2	0	2	2	0	2
ENSG00000164323	0.931	9	16.867	1.1734715e-06	1	1	0	0	0	0
ENSG00000109771	0.97	12	20.053	1.742e-06	8	0	8	0	0	0
ENSG00000205129	1.018	7	12.915	1.227507e-06	5	0	5	0	0	0
ENSG00000168491	1.236	30	32.934	2.7186925e-06	13	0	13	1	0	1
ENSG00000154553	1.822	10	8.4958	1.2934685e-06	1	0	1	0	0	0
ENSG00000154556	0.398	12	48.882	4.9752525e-06	2	1	1	0	0	0
ENSG00000145476	1.034	19	26.968	2.15673e-06	2	0	2	0	0	0
ENSG00000164344	1.004	24	33.627	2.6245575e-06	5	0	5	0	0	0
ENSG00000083857	0.431	49	144.21	1.31877775e-05	2	0	2	0	0	0
ENSG00000179046	1.45	13	14.221	8.5657825e-07	3	0	3	0	0	0
ENSG00000184108	1.369	17	18.618	1.3168515e-06	9	0	9	0	0	0
ENSG00000205097	1.781	0	0.76797	5.469545e-08	15	0	15	0	0	0
ENSG00000163138	1.731	16	13.7	1.3746055e-06	5	0	5	0	0	0
ENSG00000130997	1.423	57	49.935	4.0918575e-06	10	0	10	2	0	2
ENSG00000214367	1.093	17	23.328	1.8121825e-06	4	0	4	0	0	0
ENSG00000159733	0.456	9	34.413	2.6084775e-06	3	1	2	2	0	2
ENSG00000109610	1.671	5	5.9192	5.736875e-07	3	0	3	0	0	0
ENSG00000153012	0.894	13	23.11	1.93764e-06	1	0	1	0	0	0
ENSG00000038210	0.97	14	22.571	1.7404925e-06	1	0	1	0	0	0
ENSG00000168228	0.949	20	30.615	2.851855e-06	15	0	15	0	0	0
ENSG00000157765	1.091	19	25.56	2.0225625e-06	2	0	2	0	0	0
ENSG00000091490	0.409	17	62.283	5.0593375e-06	3	0	3	0	0	0
ENSG00000163394	0.886	6	13.366	9.46576e-07	4	0	4	0	0	0
ENSG00000186777	1.286	2	4.8218	3.408625e-07	39	0	39	1	0	1
ENSG00000168884	0.736	8	19.619	1.96846e-06	1	0	1	0	0	0
ENSG00000087266	1.157	20	25.116	2.2741475e-06	10	0	10	0	0	0
ENSG00000250038	1.732	1	2.054	1.450014e-07	2	0	2	0	0	0
ENSG00000087274	0.296	5	35.459	3.041465e-06	15	0	15	0	0	0
ENSG00000125388	1.086	25	32.151	2.6727975e-06	1	0	1	0	0	0
ENSG00000169851	0.313	3	24.762	2.55136e-06	1	1	0	0	0	0
ENSG00000197386	0.176	19	158.56	1.3547735e-05	46	0	46	0	0	0
ENSG00000188981	0.486	1	9.757	6.99614e-07	1	0	1	0	0	0
ENSG00000109758	0.874	17	29.176	2.222725e-06	7	0	7	0	0	0
ENSG00000175920	0.934	9	16.818	1.29036975e-06	21	0	21	0	0	0
ENSG00000197057	0.938	14	23.344	2.1910675e-06	7	0	7	0	0	0
ENSG00000174145	0.299	10	56.638	4.9513e-06	1	0	1	1	0	1
ENSG00000169299	0.958	23	34.01	3.33057e-06	3	2	1	0	0	0
ENSG00000065882	0.699	31	59.861	5.8975075e-06	10	0	10	3	0	3
ENSG00000174123	1.015	17	25.122	2.3977625e-06	18	0	18	1	0	1
ENSG00000174125	1.851	29	20.551	1.46540725e-06	20	0	20	0	0	0
ENSG00000174130	0.847	11	21.493	1.53984425e-06	1	0	1	0	0	0
ENSG00000197712	1.485	29	26.611	1.8842075e-06	7	0	7	0	0	0
ENSG00000109790	0.669	15	34.547	2.9458225e-06	1	0	1	0	0	0
ENSG00000134962	0.425	12	45.706	4.52853e-06	5	0	5	0	0	0
ENSG00000078177	0.606	29	65.232	4.93589e-06	2	0	2	0	0	0
ENSG00000174343	0.98	11	18.579	1.61883725e-06	2	0	2	0	0	0
ENSG00000163694	0.292	2	21.545	1.981525e-06	7	0	7	7	0	7
ENSG00000163697	0.407	9	38.62	3.83307e-06	8	0	8	0	0	0
ENSG00000064042	0.313	12	62.189	5.4593275e-06	1	1	0	0	0	0
ENSG00000163982	1.883	30	20.467	1.72726e-06	4	0	4	0	0	0
ENSG00000182308	1.124	1	4.1772	7.2495675e-07	1	0	1	0	0	0
ENSG00000014824	0.679	17	37.534	3.3022625e-06	1	1	0	0	0	0
ENSG00000178343	1.657	7	7.6362	5.57775e-07	1	0	1	1	0	1
ENSG00000124406	0.368	19	75.779	6.7651575e-06	4	0	4	0	0	0
ENSG00000145220	1.041	13	19.864	1.5651535e-06	1	0	1	0	0	0
ENSG00000215203	1.702	15	13.298	1.7103425e-06	1	0	1	0	0	0
ENSG00000177752	1.351	9	11.606	8.25641e-07	13	0	13	1	0	1
ENSG00000151806	1.137	30	35.792	3.2446425e-06	10	0	10	0	0	0
ENSG00000168818	0.957	14	22.872	2.2372975e-06	1	0	1	0	0	0
ENSG00000163288	0.306	3	25.348	2.59759e-06	1	1	0	0	0	0
ENSG00000145246	0.787	42	69.029	6.7400325e-06	5	0	5	0	0	0
ENSG00000145244	1.232	53	54.064	4.0992275e-06	5	0	5	1	0	1
ENSG00000145248	0.932	4	9.823	8.3406625e-07	2	0	2	0	0	0
ENSG00000163132	1.01	2	6.2242	4.4449475e-07	1	1	0	1	1	0
ENSG00000109182	1.237	34	36.592	2.8255575e-06	4	0	4	1	0	1
ENSG00000170891	1.853	7	6.0173	5.920455e-07	2	0	2	0	0	0
ENSG00000188993	1.815	13	10.664	7.481555e-07	7	0	7	1	0	1
ENSG00000163071	1.091	24	30.948	2.76576e-06	4	0	4	1	0	1
ENSG00000184178	1.174	18	22.744	1.755735e-06	1	1	0	0	0	0
ENSG00000072201	0.708	15	32.612	3.31918e-06	11	0	11	0	0	0
ENSG00000134853	0.169	4	54.054	4.73489e-06	1	1	0	0	0	0
ENSG00000152953	0.998	15	23.142	1.9290975e-06	1	0	1	0	0	0
ENSG00000157404	0.305	8	47.353	3.9906875e-06	2	0	2	0	0	0
ENSG00000128052	0.249	11	73.039	6.47421e-06	1	1	0	0	0	0
ENSG00000128039	0.973	8	14.83	1.24209625e-06	5	0	5	0	0	0
ENSG00000163440	1.088	6	10.885	7.69964e-07	3	0	3	2	0	2
ENSG00000090989	0.479	15	48.231	4.5565025e-06	2	0	2	0	0	0
ENSG00000174799	0.813	46	72.388	7.5825575e-06	7	0	7	0	0	0
ENSG00000157426	0.828	28	46.377	3.80024e-06	6	0	6	0	0	0
ENSG00000128050	0.721	8	20.02	2.06159e-06	1	0	1	1	0	1
ENSG00000196503	0.862	1	5.4972	5.30975e-07	1	0	1	0	0	0
ENSG00000249693	1.205	14	18.16	1.5239485e-06	2	0	2	0	0	0
ENSG00000173040	1.077	57	65.973	6.110735e-06	1	0	1	0	0	0
ENSG00000084093	0.286	4	32.03	2.9498425e-06	2	0	2	0	0	0
ENSG00000163453	1.118	6	10.592	7.581385e-07	1	0	1	0	0	0
ENSG00000072840	1.022	40	50.967	4.4355675e-06	1	0	1	1	0	1
ENSG00000109501	1.93	47	29.024	2.2771625e-06	5	0	5	3	0	3
ENSG00000133256	1.166	42	46.571	3.9390975e-06	1	0	1	0	0	0
ENSG00000013288	1.011	41	52.625	4.33088e-06	9	0	9	0	0	0
ENSG00000163993	1.818	2	2.5034	3.22605e-07	1	0	1	0	0	0
ENSG00000145241	0.547	15	42.251	3.73056e-06	2	0	2	1	0	1
ENSG00000035720	1.021	10	16.605	1.433398e-06	2	0	2	0	0	0
ENSG00000033178	0.561	26	64.303	5.4315225e-06	3	1	2	0	0	0
ENSG00000109163	0.75	4	12.206	1.028718e-06	1	0	1	0	0	0
ENSG00000153802	0.916	11	19.876	1.565388e-06	1	1	0	0	0	0
ENSG00000169026	1.733	24	19.209	1.64768075e-06	11	0	11	0	0	0
ENSG00000185873	1.747	25	19.695	1.38859175e-06	3	0	3	0	0	0
ENSG00000087128	0.912	14	24.005	2.132945e-06	5	0	5	0	0	0
ENSG00000197888	1.052	14	20.798	1.7572425e-06	5	0	5	0	0	0
ENSG00000196620	1.733	28	21.915	1.8413275e-06	19	0	19	0	0	0
ENSG00000109181	1.637	24	20.527	1.8885625e-06	7	1	6	0	0	0
ENSG00000135220	1.53	22	20.501	1.9203875e-06	2	0	2	0	0	0
ENSG00000171234	1.438	20	20.202	1.718885e-06	3	0	3	0	0	0
ENSG00000213759	1.591	22	19.68	1.64928875e-06	4	1	3	0	0	0
ENSG00000135226	1.691	24	19.788	1.7086675e-06	7	0	7	0	0	0
ENSG00000156096	1.22	15	18.934	1.45468725e-06	4	0	4	0	0	0
ENSG00000173610	1.424	20	20.398	1.978175e-06	11	0	11	0	0	0
ENSG00000173597	1.311	13	15.765	1.39494e-06	1	1	0	0	0	0
ENSG00000109193	1.27	12	15.308	1.1943085e-06	3	0	3	0	0	0
ENSG00000126545	1.714	22	18.098	1.288745e-06	1	0	1	0	0	0
ENSG00000135222	1.374	9	11.4	8.166295e-07	2	0	2	0	0	0
ENSG00000205649	1.86	4	3.7458	4.510105e-07	2	0	2	0	0	0
ENSG00000109205	1.515	22	20.705	1.64433075e-06	7	0	7	2	0	2
ENSG00000132405	0.457	10	37.095	3.89404e-06	2	1	1	0	0	0
ENSG00000145309	1.34	4	6.773	4.67794e-07	1	0	1	0	0	0
ENSG00000109208	1.726	0	0.98606	6.9604625e-08	1	0	1	0	0	0
ENSG00000171199	1.733	0	0.96035	6.77839e-08	13	0	13	0	0	0
ENSG00000178522	1.109	17	22.984	1.6327565e-06	3	0	3	0	0	0
ENSG00000132464	0.838	26	43.067	3.31047e-06	11	0	11	0	0	0
ENSG00000156136	1.035	10	16.389	1.4765795e-06	3	0	3	0	0	0
ENSG00000156140	0.604	28	63.519	5.741565e-06	1	0	1	1	0	1
ENSG00000163626	1.697	20	16.908	1.4939995e-06	2	0	2	0	0	0
ENSG00000163631	0.387	7	33.993	3.1927175e-06	1	0	1	0	0	0
ENSG00000081051	0.888	21	34.046	2.980495e-06	1	0	1	1	0	1
ENSG00000079557	1.304	29	30.316	2.4004425e-06	22	0	22	17	0	17
ENSG00000169435	1.932	29	18.304	1.59996e-06	15	0	15	0	0	0
ENSG00000169429	1.861	5	4.4773	3.133255e-07	16	0	16	0	0	0
ENSG00000124875	1.97	10	4.6475	3.2838375e-07	2	0	2	0	0	0
ENSG00000109272	1.913	4	3.0159	2.1297625e-07	1	0	1	1	0	1
ENSG00000163739	1.179	2	5.3027	3.7843275e-07	1	0	1	1	0	1
ENSG00000163737	1.733	2	2.996	2.122225e-07	5	0	5	0	0	0
ENSG00000163736	1.597	2	3.5978	2.512165e-07	2	0	2	0	0	0
ENSG00000163738	1.178	9	13.333	1.31197725e-06	2	0	2	0	0	0
ENSG00000124882	1.571	8	9.0335	7.78339e-07	2	0	2	1	0	1
ENSG00000169116	1.215	6	9.7365	7.0401925e-07	4	0	4	0	0	0
ENSG00000163743	0.636	5	16.529	1.30765575e-06	2	0	2	1	0	1
ENSG00000174796	1.334	6	8.844	7.57435e-07	1	0	1	0	0	0
ENSG00000138769	1.37	28	28.017	2.304465e-06	2	0	2	1	0	1
ENSG00000138768	0.377	12	51.522	4.1065975e-06	4	0	4	0	0	0
ENSG00000156194	0.965	28	39.788	3.47127e-06	18	0	18	0	0	0
ENSG00000198301	1.044	36	45.534	4.344615e-06	2	0	2	1	0	1
ENSG00000169245	1.002	1	4.7158	3.3149925e-07	5	0	5	0	0	0
ENSG00000156219	1.464	20	19.84	1.820725e-06	4	0	4	0	0	0
ENSG00000138750	0.454	7	28.963	2.6329325e-06	2	0	2	1	0	1
ENSG00000138760	0.724	11	25.138	2.0828625e-06	2	0	2	0	0	0
ENSG00000118804	1.854	15	11.48	4.8905e-07	23	0	23	0	0	0
ENSG00000163749	0.967	47	61.963	5.574065e-06	8	0	8	0	0	0
ENSG00000118816	0.432	2	14.558	1.025636e-06	2	0	2	0	0	0
ENSG00000138764	0.756	6	15.661	1.24293375e-06	1	0	1	0	0	0
ENSG00000169288	1.039	11	17.526	1.5987205e-06	2	0	2	1	0	1
ENSG00000138772	1.264	19	22.058	2.0671175e-06	4	0	4	0	0	0
ENSG00000156269	1.226	4	7.4438	6.902675e-07	1	0	1	0	0	0
ENSG00000196475	1.425	15	16.195	1.4917885e-06	9	0	9	0	0	0
ENSG00000138675	1.876	13	9.8044	9.7851825e-07	4	0	4	1	0	1
ENSG00000138669	0.366	9	42.853	3.6895225e-06	1	1	0	0	0	0
ENSG00000138670	0.349	5	30.154	2.9220375e-06	1	1	0	0	0	0
ENSG00000125089	1.276	52	51.337	4.25115e-06	24	0	24	1	0	1
ENSG00000138668	0.227	1	20.857	1.777845e-06	1	0	1	0	0	0
ENSG00000145293	0.82	6	14.449	1.39395175e-06	1	0	1	0	0	0
ENSG00000170801	1.233	13	16.767	1.329012e-06	3	0	3	2	0	2
ENSG00000168152	0.98	24	34.45	3.32789e-06	3	0	3	0	0	0
ENSG00000138663	0.197	1	24.081	1.9830325e-06	1	0	1	1	0	1
ENSG00000173085	1	7	13.146	1.05938725e-06	1	0	1	0	0	0
ENSG00000173083	1.159	24	29.112	2.57012e-06	10	0	10	1	0	1
ENSG00000163312	0.762	26	47.319	3.6704275e-06	3	0	3	0	0	0
ENSG00000163322	1.007	13	20.516	1.873655e-06	1	0	1	0	0	0
ENSG00000138678	1.106	21	27.346	2.660905e-06	11	0	11	0	0	0
ENSG00000087008	1.063	28	36.127	3.11148e-06	5	0	5	0	0	0
ENSG00000163623	1.003	3	7.7276	5.547265e-07	4	0	4	0	0	0
ENSG00000163624	0.653	10	25.987	1.9820275e-06	1	0	1	0	0	0
ENSG00000155275	1.356	33	32.536	2.74633e-06	15	0	15	0	0	0
ENSG00000178950	0.408	17	62.452	5.1075775e-06	1	0	1	1	0	1
ENSG00000155269	1.818	8	7.1123	5.75463e-07	2	1	1	1	1	0
ENSG00000109625	1.96	42	24.173	1.9564e-06	27	0	27	0	0	0
ENSG00000163629	0.631	54	107.35	1.0337095e-05	3	0	3	2	0	2
ENSG00000145283	1.546	13	13.293	9.5034475e-07	1	0	1	0	0	0
ENSG00000163633	1.9	7	5.355	2.7746375e-07	9	0	9	0	0	0
ENSG00000145332	0.745	14	29.395	2.9709475e-06	2	0	2	0	0	0
ENSG00000170509	1.204	7	10.911	1.28189425e-06	3	0	3	1	0	1
ENSG00000170502	0.947	11	19.219	1.77818e-06	1	0	1	0	0	0
ENSG00000152583	0.967	19	28.842	2.19492e-06	1	1	0	0	0	0
ENSG00000152592	1.13	11	16.117	1.31271425e-06	1	0	1	0	0	0
ENSG00000029559	1.458	17	17.463	1.7672925e-06	5	0	5	0	0	0
ENSG00000152595	1.294	4	7.0323	6.390795e-07	18	0	18	0	0	0
ENSG00000118762	0.497	16	48.935	5.7447475e-06	1	0	1	0	0	0
ENSG00000118777	1.549	44	36.504	3.7143125e-06	22	0	22	0	0	0
ENSG00000163644	1.144	7	11.493	1.09998925e-06	1	0	1	0	0	0
ENSG00000138642	0.887	29	44.558	3.4593775e-06	4	0	4	0	0	0
ENSG00000138646	0.705	25	49.514	3.51683e-06	3	1	2	2	0	2
ENSG00000145337	1.69	1	2.23	1.541469e-07	1	0	1	0	0	0
ENSG00000215612	0.699	0	4.275	3.1870225e-07	2	0	2	0	0	0
ENSG00000138640	0.829	38	60.057	5.7819325e-06	2	0	2	0	0	0
ENSG00000185477	1.474	19	18.894	1.488472e-06	3	0	3	1	0	1
ENSG00000138722	1.195	40	43.563	3.4690925e-06	8	0	8	0	0	0
ENSG00000152208	0.17	4	53.752	5.3973525e-06	1	1	0	0	0	0
ENSG00000219492	1.823	5	4.8536	3.411305e-07	12	0	12	0	0	0
ENSG00000163106	1.626	9	9.4502	6.646065e-07	1	0	1	0	0	0
ENSG00000186146	1.94	2	0.99393	7.068165e-08	1	0	1	0	0	0
ENSG00000163110	0.501	8	28.8	2.7478375e-06	1	1	0	0	0	0
ENSG00000127419	1.131	16	21.48	1.85121e-06	11	0	11	0	0	0
ENSG00000163114	1.774	12	10.416	1.19174575e-06	4	0	4	0	0	0
ENSG00000145214	0.703	22	44.659	3.9675725e-06	1	0	1	1	0	1
ENSG00000163116	1.47	24	22.953	1.9873875e-06	5	0	5	2	0	2
ENSG00000138698	0.334	4	27.395	2.622045e-06	2	0	2	0	0	0
ENSG00000197894	1.562	16	15.483	1.1606745e-06	2	0	2	1	0	1
ENSG00000198099	1.27	11	14.33	1.00015925e-06	6	0	6	0	0	0
ENSG00000109667	1.141	17	22.353	1.61960775e-06	2	0	2	0	0	0
ENSG00000172955	1.271	10	13.342	1.092234e-06	3	0	3	0	0	0
ENSG00000196616	1.241	11	14.663	1.03265425e-06	1	0	1	0	0	0
ENSG00000196344	1.737	18	15.033	1.03908625e-06	8	0	8	0	0	0
ENSG00000138813	1.426	13	14.474	1.014849e-06	7	0	7	0	0	0
ENSG00000145331	1.184	17	21.533	2.49977e-06	1	0	1	0	0	0
ENSG00000138823	0.587	16	41.422	3.4237e-06	5	0	5	0	0	0
ENSG00000248713	0.677	21	44.701	4.0610375e-06	8	1	7	0	0	0
ENSG00000145506	1.584	16	15.249	1.3942365e-06	9	0	9	0	0	0
ENSG00000173930	0.838	18	31.859	2.6473375e-06	22	0	22	0	0	0
ENSG00000205359	0.972	20	29.888	2.261585e-06	1	0	1	0	0	0
ENSG00000164237	1.113	8	12.969	1.251225e-06	9	0	9	0	0	0
ENSG00000145725	0.82	43	67.655	6.7410375e-06	1	0	1	1	0	1
ENSG00000112874	1.329	17	19.184	1.604516e-06	4	0	4	1	0	1
ENSG00000145491	1.551	9	10.006	7.06381e-07	2	0	2	0	0	0
ENSG00000113504	0.885	35	52.43	4.407595e-06	1	0	1	0	0	0
ENSG00000152495	0.474	4	19.291	1.50915825e-06	1	0	1	0	0	0
ENSG00000164211	1.822	14	11.262	1.04816475e-06	3	0	3	0	0	0
ENSG00000134986	1.46	4	6.1466	5.69165e-07	14	0	14	0	0	0
ENSG00000129595	1.015	38	49.069	4.6322125e-06	5	0	5	0	0	0
ENSG00000171444	0.837	33	52.73	4.9578325e-06	4	0	4	0	0	0
ENSG00000169862	0.098	2	64.425	5.9035375e-06	10	0	10	0	0	0
ENSG00000152503	0.659	13	31.374	2.764085e-06	2	0	2	0	0	0
ENSG00000164221	0.373	5	28.208	2.3029575e-06	1	0	1	0	0	0
ENSG00000251201	0.795	7	16.537	1.8235725e-06	2	0	2	0	0	0
ENSG00000172901	0.925	33	47.681	3.39623e-06	25	0	25	8	0	8
ENSG00000145781	1.866	15	11.296	8.002815e-07	1	0	1	1	0	1
ENSG00000172869	0.202	19	137.97	1.16564925e-05	1	0	1	1	0	1
ENSG00000174358	1.422	35	32.638	3.241125e-06	6	0	6	1	0	1
ENSG00000151304	1.258	19	22.164	2.2550525e-06	2	0	2	0	0	0
ENSG00000113083	0.285	2	22.093	2.02608e-06	2	1	1	1	0	1
ENSG00000164185	1.265	6	9.344	9.6307475e-07	3	0	3	0	0	0
ENSG00000064692	0.536	14	40.822	3.089035e-06	1	0	1	0	0	0
ENSG00000061455	0.424	5	24.775	2.4855325e-06	6	0	6	2	0	2
ENSG00000168944	0.795	32	54.079	4.5250125e-06	2	0	2	0	0	0
ENSG00000151292	0.168	1	28.289	2.9873625e-06	1	1	0	0	0	0
ENSG00000164904	1.24	35	37.434	3.6191725e-06	2	0	2	0	0	0
ENSG00000145794	0.347	15	66.499	5.76602e-06	1	0	1	0	0	0
ENSG00000164244	1.477	18	18.048	1.5346685e-06	5	0	5	1	0	1
ENSG00000113396	1.383	27	26.915	2.1625925e-06	3	0	3	0	0	0
ENSG00000145808	0.537	24	62.897	5.7625025e-06	14	1	13	0	0	0
ENSG00000198108	0.566	10	29.977	2.5722975e-06	2	0	2	2	0	2
ENSG00000217128	0.262	8	55.162	5.6827725e-06	1	0	1	1	0	1
ENSG00000164399	1.932	11	7.2641	6.2834275e-07	3	0	3	0	0	0
ENSG00000072682	0.657	16	36.974	3.72989e-06	3	0	3	1	0	1
ENSG00000131435	0.242	0	12.373	8.8237325e-07	1	0	1	1	0	1
ENSG00000197375	1.358	24	24.861	2.26862e-06	2	0	2	0	0	0
ENSG00000169194	1.628	3	4.4105	3.11885e-07	2	0	2	0	0	0
ENSG00000164403	0.543	7	24.197	1.8436725e-06	10	0	10	1	0	1
ENSG00000164404	1.188	10	14.275	1.2951435e-06	3	0	3	0	0	0
ENSG00000155329	1.02	3	7.5988	5.4472675e-07	1	0	1	0	0	0
ENSG00000113558	0.733	2	8.5849	7.7781975e-07	1	1	0	0	0	0
ENSG00000006837	1.148	21	26.35	2.3465075e-06	8	0	8	1	0	1
ENSG00000049656	0.645	13	32.044	2.42741e-06	1	0	1	1	0	1
ENSG00000164615	1.019	7	12.903	1.27767325e-06	2	0	2	0	0	0
ENSG00000113621	0.757	6	15.65	1.4966125e-06	1	0	1	0	0	0
ENSG00000152705	0.978	9	16.056	1.32108925e-06	1	0	1	0	0	0
ENSG00000145832	1.485	6	7.866	4.74628e-07	1	0	1	0	0	0
ENSG00000145839	1.917	8	5.6877	4.0091125e-07	12	0	12	0	0	0
ENSG00000145826	1.449	5	7.1587	6.1591425e-07	2	0	2	0	0	0
ENSG00000069018	0.517	10	32.817	3.6248675e-06	1	0	1	1	0	1
ENSG00000039139	0.695	141	233.47	2.2161925e-05	12	0	12	1	0	1
ENSG00000078795	0.99	26	36.459	3.29573e-06	3	0	3	0	0	0
ENSG00000112981	1.283	6	9.2114	6.4616475e-07	1	0	1	0	0	0
ENSG00000112983	0.516	24	65.461	5.8814275e-06	1	0	1	1	0	1
ENSG00000158402	1.245	21	24.293	1.8466875e-06	1	0	1	0	0	0
ENSG00000113013	0.319	6	37.169	3.77545e-06	2	0	2	0	0	0
ENSG00000044115	0.313	8	46.085	4.32418e-06	1	0	1	1	0	1
ENSG00000170482	0.533	8	27.087	2.2312675e-06	1	0	1	1	0	1
ENSG00000170469	1.013	6	11.69	1.0245305e-06	4	0	4	0	0	0
ENSG00000170464	1	15	23.102	2.441145e-06	1	1	0	0	0	0
ENSG00000184584	0.903	7	14.554	1.14625275e-06	3	0	3	0	0	0
ENSG00000146005	0.608	12	31.957	2.8603975e-06	1	0	1	1	0	1
ENSG00000170458	1.592	7	8.0619	5.864845e-07	2	0	2	0	0	0
ENSG00000113119	0.998	18	26.754	2.3069775e-06	5	0	5	0	0	0
ENSG00000120314	1.665	19	16.584	1.60768175e-06	1	1	0	0	0	0
ENSG00000112855	0.736	12	26.428	2.3843625e-06	2	0	2	0	0	0
ENSG00000204970	1.12	12	17.355	2.386205e-06	3	1	2	0	0	0
ENSG00000204969	1.843	25	18.16	2.50781e-06	4	0	4	0	0	0
ENSG00000204962	1.642	19	16.853	2.656215e-06	4	0	4	0	0	0
ENSG00000204961	1.974	27	14.164	2.38587e-06	4	0	4	0	0	0
ENSG00000250120	1.204	23	27.07	2.2037975e-06	21	0	21	0	0	0
ENSG00000248383	1.02	20	28.486	2.7391275e-06	9	0	9	0	0	0
ENSG00000171815	1.311	17	19.453	1.9133525e-06	12	0	12	0	0	0
ENSG00000112852	1.119	12	17.369	1.25053825e-06	3	0	3	0	0	0
ENSG00000113205	1.296	12	14.992	1.15003825e-06	5	4	1	0	0	0
ENSG00000081818	1.374	18	19.419	2.136965e-06	4	0	4	0	0	0
ENSG00000113209	1.117	11	16.3	1.51763375e-06	5	0	5	0	0	0
ENSG00000113211	1.371	16	17.716	1.45441925e-06	6	0	6	0	0	0
ENSG00000113212	1.798	23	17.607	1.630579e-06	4	0	4	0	0	0
ENSG00000120324	1.059	10	16.014	1.40024975e-06	1	0	1	0	0	0
ENSG00000197479	1.591	14	13.643	1.00793125e-06	21	0	21	0	0	0
ENSG00000120328	1.328	12	14.632	1.2283445e-06	2	0	2	0	0	0
ENSG00000120327	1.674	19	16.472	1.337119e-06	8	0	8	0	0	0
ENSG00000120329	1.32	5	7.9272	7.192785e-07	3	0	3	0	0	0
ENSG00000254245	0.898	16	27.057	2.455215e-06	12	0	12	0	0	0
ENSG00000253159	0.801	14	27.309	2.3645975e-06	13	0	13	0	0	0
ENSG00000164620	0.714	4	12.829	1.08138e-06	1	0	1	0	0	0
ENSG00000197948	1.288	47	46.518	4.818975e-06	3	0	3	2	0	2
ENSG00000120318	0.433	24	77.926	7.082235e-06	2	0	2	1	0	1
ENSG00000081791	1.267	27	29.39	2.50312e-06	18	0	18	0	0	0
ENSG00000113555	0.98	25	35.624	3.554685e-06	3	1	2	0	0	0
ENSG00000153404	1.224	50	51.712	4.83874e-06	3	0	3	0	0	0
ENSG00000204928	1.569	11	11.492	1.33954775e-06	2	0	2	0	0	0
ENSG00000156463	1.173	23	27.774	2.725895e-06	4	0	4	0	0	0
ENSG00000145569	1.241	15	18.604	1.41696625e-06	7	0	7	0	0	0
ENSG00000113649	0.227	8	63.674	6.54322e-06	3	1	2	0	0	0
ENSG00000154124	0.579	4	15.811	1.257456e-06	2	0	2	0	0	0
ENSG00000176049	0.176	4	51.945	4.728525e-06	1	0	1	0	0	0
ENSG00000133710	0.94	52	69.7	6.875205e-06	2	0	2	0	0	0
ENSG00000196800	1.394	3	5.4602	3.8684125e-07	3	1	2	0	0	0
ENSG00000178172	1.949	8	4.7339	3.34062e-07	1	0	1	0	0	0
ENSG00000214510	1.771	5	5.2719	5.1718975e-07	1	0	1	0	0	0
ENSG00000169252	0.591	2	10.66	7.8596025e-07	1	0	1	0	0	0
ENSG00000173210	0.59	21	51.213	4.832375e-06	2	1	1	1	1	0
ENSG00000164284	1.128	7	11.658	1.2765845e-06	1	0	1	0	0	0
ENSG00000127743	1.244	3	6.1942	4.421665e-07	4	0	4	0	0	0
ENSG00000183111	1.07	23	30.447	2.316525e-06	4	0	4	0	0	0
ENSG00000132915	1.12	41	47.491	4.0238525e-06	2	0	2	1	0	1
ENSG00000164296	1.21	10	14.019	1.16095925e-06	10	0	10	0	0	0
ENSG00000182578	0.393	12	49.445	4.017655e-06	1	0	1	1	0	1
ENSG00000113721	0.325	11	56.052	5.1799375e-06	1	0	1	1	0	1
ENSG00000153395	0.478	7	27.498	2.580505e-06	1	1	0	0	0	0
ENSG00000113722	1.082	2	5.8038	4.1675675e-07	1	0	1	0	0	0
ENSG00000011083	0.884	20	32.876	2.7140025e-06	1	0	1	1	0	1
ENSG00000070814	0.285	10	59.602	5.051465e-06	1	1	0	0	0	0
ENSG00000019582	0.564	4	16.239	1.3211395e-06	1	0	1	0	0	0
ENSG00000070614	0.187	3	41.532	3.96975e-06	1	0	1	0	0	0
ENSG00000171992	0.297	3	26.103	2.833765e-06	1	0	1	0	0	0
ENSG00000256235	1.973	4	0.7555	5.4482725e-08	5	0	5	0	0	0
ENSG00000145908	0.754	10	22.49	1.824075e-06	4	0	4	0	0	0
ENSG00000198624	1.283	19	21.725	2.088725e-06	4	0	4	0	0	0
ENSG00000186334	0.713	8	20.239	1.59702875e-06	2	0	2	0	0	0
ENSG00000186335	1.263	16	19.236	1.6667255e-06	5	0	5	0	0	0
ENSG00000123643	0.901	13	22.94	2.224065e-06	1	0	1	0	0	0
ENSG00000086570	0.507	54	133.64	1.2712245e-05	2	0	2	0	0	0
ENSG00000145907	0.519	8	27.805	2.9575475e-06	2	1	1	1	0	1
ENSG00000145888	0.766	10	22.156	2.1247375e-06	3	0	3	0	0	0
ENSG00000132911	1.052	7	12.492	1.030393e-06	4	0	4	0	0	0
ENSG00000055147	1.04	18	25.676	2.1146875e-06	4	1	3	0	0	0
ENSG00000037749	1.151	6	10.282	9.746825e-07	1	0	1	1	0	1
ENSG00000155506	0.165	4	55.578	5.480265e-06	1	0	1	0	0	0
ENSG00000155508	0.58	4	15.769	1.5411675e-06	1	0	1	0	0	0
ENSG00000082516	0.748	47	80.085	6.7661625e-06	2	0	2	0	0	0
ENSG00000082515	1.609	7	7.952	1.62158425e-06	1	0	1	0	0	0
ENSG00000226650	1.273	38	39.135	4.136245e-06	3	1	2	0	0	0
ENSG00000145850	1.336	16	18.192	1.437619e-06	2	0	2	0	0	0
ENSG00000113249	1.263	11	14.414	1.27442375e-06	10	0	10	0	0	0
ENSG00000113263	0.712	19	39.137	3.7330725e-06	2	1	1	0	0	0
ENSG00000172548	0.884	7	14.881	1.3112905e-06	3	1	2	0	0	0
ENSG00000135074	0.501	17	50.852	4.9015525e-06	1	0	1	0	0	0
ENSG00000187658	1.537	2	3.8349	2.7280725e-07	16	0	16	0	0	0
ENSG00000145860	0.312	4	29.385	2.4681125e-06	4	0	4	0	0	0
ENSG00000164332	0.599	5	17.56	1.39974725e-06	2	1	1	1	0	1
ENSG00000170214	0.785	3	9.8799	7.07788e-07	1	0	1	0	0	0
ENSG00000170234	0.297	2	21.206	2.246845e-06	1	0	1	1	0	1
ENSG00000135083	1.325	12	14.669	1.18343775e-06	1	0	1	0	0	0
ENSG00000145861	1.225	6	9.6527	8.5858825e-07	2	0	2	0	0	0
ENSG00000221886	0.96	10	17.667	1.7331225e-06	9	0	9	1	0	1
ENSG00000164609	0.755	21	40.054	3.906435e-06	1	0	1	1	0	1
ENSG00000118322	1.025	53	65.028	5.6931575e-06	4	0	4	0	0	0
ENSG00000022355	0.367	3	21.129	1.6504445e-06	1	0	1	1	0	1
ENSG00000170584	1.205	5	8.7131	6.2542825e-07	2	0	2	0	0	0
ENSG00000072571	1.159	35	40.032	2.965755e-06	4	2	2	0	0	0
ENSG00000038274	0.646	5	16.284	1.3713895e-06	1	0	1	1	0	1
ENSG00000154153	0.863	12	22.535	1.74468e-06	2	0	2	0	0	0
ENSG00000113645	0.435	19	64.077	5.9380425e-06	2	0	2	1	0	1
ENSG00000113643	0.766	18	34.842	3.157375e-06	3	0	3	1	0	1
ENSG00000188573	1.359	2	4.5238	3.23141e-07	1	0	1	1	0	1
ENSG00000184347	0.33	19	84.431	8.0482075e-06	2	1	1	0	0	0
ENSG00000040275	1.09	29	36.27	3.560045e-06	9	0	9	1	0	1
ENSG00000168269	0.513	1	9.2491	6.6455625e-07	1	0	1	1	0	1
ENSG00000253110	1.921	2	1.4071	9.825885e-08	2	0	2	0	0	0
ENSG00000072786	0.794	31	52.716	5.0784325e-06	6	0	6	0	0	0
ENSG00000214360	1.757	6	6.1549	4.329875e-07	1	0	1	0	0	0
ENSG00000174705	0.488	12	39.815	3.32387e-06	9	0	9	0	0	0
ENSG00000183072	0.326	0	9.179	6.58811e-07	2	0	2	0	0	0
ENSG00000185056	1.929	9	6.0478	4.30006e-07	8	0	8	0	0	0
ENSG00000184845	0.307	0	9.7572	8.650705e-07	1	1	0	0	0	0
ENSG00000164466	0.788	8	18.312	1.5784195e-06	1	0	1	0	0	0
ENSG00000051596	0.925	4	9.899	7.07051e-07	6	5	1	0	0	0
ENSG00000170085	0.913	12	21.3	1.9103375e-06	2	0	2	0	0	0
ENSG00000122203	1.052	12	18.476	2.02005e-06	3	0	3	1	0	1
ENSG00000113194	0.216	2	29.16	2.9036125e-06	1	1	0	0	0	0
ENSG00000146083	0.502	5	20.945	2.2761575e-06	1	0	1	0	0	0
ENSG00000074276	0.849	41	62.639	5.4569825e-06	3	0	3	0	0	0
ENSG00000074317	0.976	3	7.9431	6.58945e-07	1	0	1	0	0	0
ENSG00000160883	1.166	37	41.748	3.581485e-06	4	0	4	0	0	0
ENSG00000160867	0.868	26	41.549	4.171085e-06	3	0	3	0	0	0
ENSG00000198055	0.561	12	34.638	2.72221e-06	1	1	0	0	0	0
ENSG00000027847	1.11	8	12.999	9.3825125e-07	5	0	5	0	0	0
ENSG00000175325	0.898	3	8.6306	1.07124625e-06	1	0	1	0	0	0
ENSG00000204677	0.997	1	4.7394	5.179435e-07	1	0	1	0	0	0
ENSG00000145916	1.29	21	23.438	2.15941e-06	13	1	12	2	0	2
ENSG00000175309	1.383	21	21.857	1.55635975e-06	2	0	2	0	0	0
ENSG00000050767	0.872	26	41.35	3.720845e-06	2	0	2	0	0	0
ENSG00000169131	0.778	13	26.575	2.8580525e-06	2	0	2	0	0	0
ENSG00000178338	0.754	12	25.801	2.482685e-06	2	0	2	0	0	0
ENSG00000198939	1.743	23	18.399	1.9378075e-06	11	0	11	0	0	0
ENSG00000178187	0.921	12	21.119	1.9153625e-06	1	1	0	0	0	0
ENSG00000113262	1.17	28	32.807	2.8979175e-06	1	0	1	0	0	0
ENSG00000234284	0.995	13	20.764	1.8101725e-06	1	1	0	0	0	0
ENSG00000177932	1.18	17	21.607	1.787225e-06	7	0	7	0	0	0
ENSG00000087116	0.311	10	54.601	4.6137875e-06	1	0	1	0	0	0
ENSG00000176783	0.684	20	42.495	3.5719375e-06	4	1	3	0	0	0
ENSG00000228259	1.812	3	3.3792	5.545925e-08	18	0	18	0	0	0
ENSG00000204659	1.528	6	7.6072	5.59651e-07	20	0	20	0	0	0
ENSG00000127022	0.359	6	33.004	2.735275e-06	1	0	1	0	0	0
ENSG00000161021	0.146	1	32.594	2.6145075e-06	1	1	0	0	0	0
ENSG00000161010	1.262	9	12.432	8.8485225e-07	11	0	11	0	0	0
ENSG00000146090	0.823	12	23.61	1.69711e-06	2	0	2	0	0	0
ENSG00000113300	0.548	8	26.353	2.1612525e-06	4	1	3	0	0	0
ENSG00000113303	1.028	11	17.714	1.31546125e-06	6	0	6	0	0	0
ENSG00000168903	0.847	8	17.034	1.32062025e-06	11	0	11	1	0	1
ENSG00000165810	1.349	21	22.417	1.755735e-06	6	0	6	0	0	0
ENSG00000146054	0.643	6	18.412	1.45683125e-06	17	0	17	0	0	0
ENSG00000113430	0.734	6	16.125	1.15395775e-06	1	0	1	0	0	0
ENSG00000164366	1.071	7	12.278	1.326533e-06	1	0	1	0	0	0
ENSG00000073578	0.859	21	35.219	3.6737775e-06	5	0	5	0	0	0
ENSG00000164256	1.32	40	39.436	3.5933775e-06	10	0	10	0	0	0
ENSG00000248874	1.827	5	4.8151	2.636e-07	19	0	19	0	0	0
ENSG00000040731	0.419	8	34.481	3.52554e-06	1	1	0	1	1	0
ENSG00000113360	0.347	20	83.653	8.5577425e-06	4	1	3	1	0	1
ENSG00000082213	0.769	10	22.053	1.67330825e-06	1	0	1	0	0	0
ENSG00000113384	0.665	3	11.658	9.837945e-07	1	0	1	0	0	0
ENSG00000113389	0.819	12	23.731	2.2466775e-06	1	0	1	0	0	0
ENSG00000113407	0.802	26	44.984	4.20358e-06	3	1	2	0	0	0
ENSG00000151388	0.69	37	70.584	6.185105e-06	12	1	11	1	1	0
ENSG00000182631	1.869	17	12.538	9.957875e-07	11	0	11	0	0	0
ENSG00000164175	1.01	12	19.249	1.4093785e-06	7	0	7	0	0	0
ENSG00000113492	1.692	37	28.653	2.7719575e-06	1	0	1	0	0	0
ENSG00000152582	0.717	56	97.596	8.5275925e-06	2	0	2	0	0	0
ENSG00000145626	1.486	19	18.741	1.61917225e-06	3	0	3	0	0	0
ENSG00000168671	1.25	16	19.437	1.781195e-06	2	0	2	0	0	0
ENSG00000164187	0.547	14	39.979	3.4402825e-06	1	0	1	1	0	1
ENSG00000164188	1.187	25	29.423	2.761405e-06	2	0	2	0	0	0
ENSG00000113569	0.323	18	82.615	7.2569375e-06	1	1	0	0	0	0
ENSG00000164318	0.875	34	51.745	4.5759325e-06	3	0	3	2	0	2
ENSG00000113594	0.706	31	59.268	5.35129e-06	2	1	1	1	0	1
ENSG00000145623	0.944	34	47.961	4.13792e-06	5	0	5	0	0	0
ENSG00000113600	1.514	34	29.895	2.908135e-06	38	0	38	0	0	0
ENSG00000113638	1.035	7	12.708	1.01711025e-06	2	0	2	0	0	0
ENSG00000145592	0.964	2	6.5242	4.7853075e-07	3	0	3	3	0	3
ENSG00000132357	1.256	21	24.073	2.08772e-06	8	0	8	0	0	0
ENSG00000112936	0.904	29	43.763	3.3870175e-06	6	0	6	0	0	0
ENSG00000171495	0.95	69	88.758	7.75994e-06	13	0	13	1	0	1
ENSG00000039537	0.993	40	52.453	4.80859e-06	31	0	31	0	0	0
ENSG00000205765	1.086	11	16.761	1.6078995e-06	1	0	1	1	0	1
ENSG00000151876	1.052	11	17.299	1.495708e-06	1	0	1	1	0	1
ENSG00000177453	1.448	18	18.416	2.128255e-06	2	0	2	0	0	0
ENSG00000151881	1.787	10	8.8628	9.116355e-07	2	0	2	0	0	0
ENSG00000172244	1.075	26	33.57	2.6299175e-06	6	0	6	0	0	0
ENSG00000112992	0.311	8	46.38	4.24244e-06	1	0	1	1	0	1
ENSG00000164588	0.181	2	34.784	3.2865175e-06	2	0	2	0	0	0
ENSG00000170571	1.486	17	17.132	1.31345125e-06	2	0	2	0	0	0
ENSG00000164171	0.594	29	66.611	5.9903025e-06	1	0	1	0	0	0
ENSG00000164172	1.712	5	5.671	5.9333525e-07	1	0	1	0	0	0
ENSG00000164258	1.157	7	11.356	1.1167895e-06	2	0	2	0	0	0
ENSG00000164151	0.164	7	80.189	6.80854e-06	4	1	3	0	0	0
ENSG00000169271	1.845	6	5.3847	8.0944375e-07	1	0	1	0	0	0
ENSG00000178996	0.334	1	14.216	1.029924e-06	1	0	1	0	0	0
ENSG00000249016	1.849	1	1.4011	9.912315e-08	4	0	4	0	0	0
ENSG00000113088	0.963	5	10.912	1.019405e-06	1	0	1	0	0	0
ENSG00000164287	1.063	20	27.329	2.0711375e-06	12	0	12	0	0	0
ENSG00000152669	1.174	5	8.9418	6.40654e-07	2	0	2	1	0	1
ENSG00000067248	0.525	28	73.153	6.581075e-06	2	0	2	1	0	1
ENSG00000152670	0.286	6	41.473	4.3347325e-06	1	1	0	0	0	0
ENSG00000164512	0.867	16	28.031	2.5146775e-06	4	1	3	0	0	0
ENSG00000062194	0.437	6	27.105	2.6185275e-06	2	0	2	0	0	0
ENSG00000169067	1.946	19	11.679	1.3802335e-06	1	0	1	0	0	0
ENSG00000035499	0.984	19	28.325	2.4610775e-06	3	0	3	0	0	0
ENSG00000164181	0.75	6	15.794	1.23382175e-06	4	0	4	0	0	0
ENSG00000164182	1.601	9	9.6335	7.9905875e-07	2	0	2	0	0	0
ENSG00000112877	1.353	29	29.221	2.368785e-06	20	0	20	0	0	0
ENSG00000068796	0.172	2	36.663	3.1716125e-06	1	1	0	0	0	0
ENSG00000086189	1.036	13	19.948	1.83178e-06	3	0	3	1	0	1
ENSG00000133398	1.092	3	7.0904	6.1169325e-07	1	0	1	0	0	0
ENSG00000145642	1.639	4	5.2452	3.7313975e-07	1	1	0	0	0	0
ENSG00000153015	0.899	14	24.359	1.90347e-06	3	0	3	0	0	0
ENSG00000123219	1.542	16	15.701	1.102217e-06	1	0	1	0	0	0
ENSG00000123213	0.903	24	37.374	3.5823225e-06	1	1	0	0	0	0
ENSG00000112851	0.302	13	68.465	6.426975e-06	1	1	0	0	0	0
ENSG00000037474	0.531	14	41.193	3.59723e-06	1	1	0	0	0	0
ENSG00000134061	0.992	9	15.828	1.1227525e-06	3	0	3	0	0	0
ENSG00000134057	0.549	5	19.164	1.35750375e-06	1	0	1	0	0	0
ENSG00000153044	1.139	13	18.15	1.7672925e-06	2	0	2	0	0	0
ENSG00000152939	1.18	21	25.623	2.705795e-06	2	0	2	1	0	1
ENSG00000197822	0.951	13	21.731	1.947355e-06	3	0	3	0	0	0
ENSG00000183474	0.994	4	9.2047	7.18039e-07	4	0	4	0	0	0
ENSG00000145734	0.596	55	115.54	1.00665825e-05	14	0	14	0	0	0
ENSG00000131711	0.133	5	79.066	7.97032e-06	1	0	1	1	0	1
ENSG00000157107	0.283	1	16.778	3.19389e-06	5	1	4	0	0	0
ENSG00000049860	0.916	20	31.733	2.75906e-06	3	0	3	0	0	0
ENSG00000164347	1.039	33	42.478	3.889015e-06	1	0	1	0	0	0
ENSG00000176928	0.911	7	14.426	1.29938125e-06	1	0	1	0	0	0
ENSG00000145700	0.868	43	63.896	4.5494675e-06	11	0	11	0	0	0
ENSG00000078295	0.261	8	55.233	4.4744275e-06	5	1	4	0	0	0
ENSG00000113163	0.306	6	38.75	3.8369225e-06	1	1	0	1	1	0
ENSG00000122008	0.866	26	41.644	3.732235e-06	8	1	7	0	0	0
ENSG00000122012	0.613	13	33.7	2.7856925e-06	3	0	3	0	0	0
ENSG00000145703	0.795	56	87.985	7.6281175e-06	8	0	8	0	0	0
ENSG00000164251	1.327	7	9.8869	1.1625505e-06	3	0	3	0	0	0
ENSG00000171643	1.663	3	4.244	3.6905275e-07	24	0	24	0	0	0
ENSG00000164252	0.583	15	39.596	3.7072775e-06	3	0	3	0	0	0
ENSG00000132846	1.909	1	0.80233	5.88796e-08	22	0	22	0	0	0
ENSG00000164253	1.111	24	30.388	2.6191975e-06	3	0	3	0	0	0
ENSG00000215217	1.704	3	4.0342	2.83008e-07	9	0	9	0	0	0
ENSG00000124275	0.983	27	37.888	3.47194e-06	3	1	2	2	0	2
ENSG00000113273	1.062	16	22.89	2.243495e-06	2	0	2	0	0	0
ENSG00000132837	1.173	39	43.426	4.0529975e-06	3	0	3	0	0	0
ENSG00000132840	1.64	21	18.329	1.51150325e-06	3	0	3	0	0	0
ENSG00000145692	1.401	21	21.585	1.8617625e-06	2	0	2	0	0	0
ENSG00000164329	0.772	17	33.05	3.5247025e-06	2	0	2	0	0	0
ENSG00000164309	0.904	101	131.77	1.0652665e-05	43	0	43	1	0	1
ENSG00000177034	1.155	10	14.679	1.25593175e-06	1	0	1	0	0	0
ENSG00000164300	0.81	13	25.51	2.4888825e-06	1	1	0	0	0	0
ENSG00000039319	0.689	31	60.716	5.2595e-06	6	1	5	0	0	0
ENSG00000152380	1.477	12	13.119	9.29759e-07	1	0	1	0	0	0
ENSG00000189127	1.888	18	12.812	1.04933725e-06	1	0	1	0	0	0
ENSG00000113318	1.158	49	53.7	4.331885e-06	20	0	20	0	0	0
ENSG00000131730	1.474	25	23.684	2.57079e-06	4	0	4	0	0	0
ENSG00000131732	0.917	7	14.334	1.403047e-06	5	0	5	0	0	0
ENSG00000172497	1.087	25	32.131	3.1551975e-06	7	0	7	2	0	2
ENSG00000188818	1.541	22	20.355	1.45237575e-06	8	1	7	0	0	0
ENSG00000152348	1.356	13	15.23	1.38684975e-06	1	0	1	0	0	0
ENSG00000152422	1.092	12	17.799	1.866285e-06	14	0	14	0	0	0
ENSG00000134480	0.809	8	17.843	1.55723075e-06	1	0	1	1	0	1
ENSG00000164180	0.721	13	28.68	2.822375e-06	1	0	1	0	0	0
ENSG00000153140	1.409	7	9.2808	9.021885e-07	21	0	21	1	0	1
ENSG00000176055	1.288	8	11.191	1.19864675e-06	6	0	6	0	0	0
ENSG00000113356	1.73	14	12.293	8.640655e-07	3	0	3	0	0	0
ENSG00000164199	0.516	110	249.56	2.21435e-05	10	2	8	2	0	2
ENSG00000113391	0.725	10	23.411	2.0758275e-06	1	0	1	0	0	0
ENSG00000133302	0.706	23	46.123	3.6339125e-06	4	0	4	1	0	1
ENSG00000153347	1.139	20	25.506	2.1381375e-06	22	0	22	0	0	0
ENSG00000198677	0.783	62	97.854	7.83431e-06	5	0	5	0	0	0
ENSG00000178015	1.535	8	9.2832	6.798825e-07	5	0	5	0	0	0
ENSG00000164292	0.724	14	30.21	2.554375e-06	2	0	2	0	0	0
ENSG00000236882	1.918	1	0.67297	4.725175e-08	8	0	8	0	0	0
ENSG00000164307	1.132	43	48.995	4.096715e-06	11	0	11	0	0	0
ENSG00000164308	1.238	45	46.608	3.9082775e-06	11	0	11	0	0	0
ENSG00000145721	0.832	7	15.805	1.59588975e-06	2	0	2	0	0	0
ENSG00000058729	0.695	11	26.215	2.0825275e-06	1	0	1	0	0	0
ENSG00000112276	0.945	11	19.263	2.0496975e-06	2	0	2	0	0	0
ENSG00000132429	0.902	5	11.652	1.0765225e-06	2	0	2	0	0	0
ENSG00000111846	1.161	9	13.53	1.0944115e-06	10	0	10	0	0	0
ENSG00000130347	0.937	12	20.754	1.8527175e-06	2	0	2	0	0	0
ENSG00000178409	0.347	4	26.341	2.058575e-06	2	0	2	0	0	0
ENSG00000111837	1.205	30	33.756	2.7344375e-06	4	0	4	0	0	0
ENSG00000146285	0.971	11	18.76	1.8905725e-06	1	0	1	0	0	0
ENSG00000025796	0.57	21	53.011	4.6593475e-06	1	1	0	0	0	0
ENSG00000112333	0.228	1	20.761	1.598084e-06	1	1	0	0	0	0
ENSG00000135537	0.964	17	26.442	2.2831925e-06	7	0	7	0	0	0
ENSG00000153157	0.998	42	54.446	4.3926875e-06	4	0	4	2	0	2
ENSG00000118690	0.834	17	30.567	2.7622425e-06	1	0	1	0	0	0
ENSG00000080546	0.612	6	19.35	2.0054775e-06	1	0	1	0	0	0
ENSG00000135587	1.583	25	22.016	1.6969425e-06	5	0	5	0	0	0
ENSG00000135596	0.88	39	57.895	5.708065e-06	2	0	2	0	0	0
ENSG00000112367	1.24	52	52.814	4.7293625e-06	7	3	4	0	0	0
ENSG00000004809	1.633	29	24.142	2.01268e-06	6	0	6	0	0	0
ENSG00000173214	1.126	10	15.06	1.46065025e-06	19	1	18	1	0	1
ENSG00000203778	1.117	0	2.589	1.8155325e-07	1	0	1	0	0	0
ENSG00000112769	0.73	54	92.778	8.3560725e-06	3	1	2	0	0	0
ENSG00000196591	0.11	0	27.213	2.5448275e-06	1	1	0	0	0	0
ENSG00000189241	1.321	11	13.778	1.27562975e-06	3	0	3	0	0	0
ENSG00000188820	1.919	1	0.65663	2.6242225e-07	2	0	2	0	0	0
ENSG00000173626	1.696	2	3.1782	1.03113e-06	6	0	6	0	0	0
ENSG00000164451	1.388	7	9.4322	5.829335e-07	1	0	1	0	0	0
ENSG00000111834	0.939	21	32.195	3.03845e-06	1	0	1	1	0	1
ENSG00000183807	1.881	10	7.7214	8.11102e-07	5	1	4	0	0	0
ENSG00000173612	1.302	26	27.711	2.121555e-06	3	0	3	0	0	0
ENSG00000185002	0.474	16	51.242	4.6771025e-06	7	0	7	0	0	0
ENSG00000047936	1.108	113	119.2	9.48452e-06	23	1	22	1	0	1
ENSG00000164465	0.792	17	32.206	3.00562e-06	1	1	0	0	0	0
ENSG00000047932	0.739	9	21.264	2.052545e-06	1	0	1	0	0	0
ENSG00000111879	0.885	43	62.641	5.5899775e-06	3	0	3	1	0	1
ENSG00000146350	0.894	53	74.523	5.888295e-06	22	1	21	0	0	0
ENSG00000111897	0.608	8	23.752	1.96645e-06	1	0	1	0	0	0
ENSG00000172594	1.79	27	20.369	1.4413375e-06	2	0	2	0	0	0
ENSG00000146352	0.861	5	12.212	1.00850075e-06	2	0	2	2	0	2
ENSG00000186439	1.028	39	49.575	4.05484e-06	6	0	6	1	0	1
ENSG00000111907	1.152	9	13.63	1.2081105e-06	1	0	1	1	0	1
ENSG00000135547	0.407	1	11.65	1.11288675e-06	1	0	1	1	0	1
ENSG00000111912	0.567	16	42.855	4.9558225e-06	4	0	4	0	0	0
ENSG00000111911	1.785	8	7.4348	5.21796e-07	6	0	6	0	0	0
ENSG00000066651	1.117	21	27.068	2.1964275e-06	7	0	7	0	0	0
ENSG00000172673	0.893	13	23.146	1.91888e-06	1	0	1	1	0	1
ENSG00000196569	0.732	102	164.29	1.587699e-05	10	1	9	0	0	0
ENSG00000146376	0.859	24	39.284	3.606945e-06	2	0	2	1	0	1
ENSG00000203756	1.218	4	7.4927	5.3065675e-07	1	0	1	0	0	0
ENSG00000079819	0.288	8	50.143	4.053165e-06	4	3	1	0	0	0
ENSG00000164379	0.965	0	3.0604	2.1649375e-07	8	0	8	0	0	0
ENSG00000112282	0.5	28	76.708	6.76432e-06	1	0	1	1	0	1
ENSG00000154269	1.025	41	51.898	4.3588525e-06	3	0	3	0	0	0
ENSG00000180658	1.83	1	1.5308	1.07787925e-07	18	0	18	0	0	0
ENSG00000118523	1.059	7	12.414	1.2064355e-06	1	1	0	0	0	0
ENSG00000079931	1.453	32	29.583	2.66325e-06	1	0	1	1	0	1
ENSG00000079950	1.001	10	16.949	1.519225e-06	1	0	1	0	0	0
ENSG00000146385	1.524	6	7.6304	5.4063975e-07	1	0	1	1	0	1
ENSG00000146383	1.072	4	8.5349	7.70433e-07	1	0	1	0	0	0
ENSG00000135569	1.934	13	8.4651	6.0402175e-07	2	0	2	0	0	0
ENSG00000146399	1.432	6	8.1975	5.7015325e-07	10	0	10	0	0	0
ENSG00000112303	1.568	21	19.23	1.61511875e-06	9	0	9	0	0	0
ENSG00000146409	1.506	25	23.175	1.7679625e-06	1	0	1	0	0	0
ENSG00000145979	1.526	11	11.853	1.3686425e-06	2	0	2	1	0	1
ENSG00000112319	0.489	11	37.256	2.902105e-06	1	1	0	0	0	0
ENSG00000028839	0.693	2	9.0907	6.384765e-07	1	0	1	0	0	0
ENSG00000146411	0.869	10	19.516	1.69242e-06	2	0	2	1	0	1
ENSG00000135541	0.95	48	64.287	6.0067175e-06	18	0	18	1	0	1
ENSG00000124523	1.33	16	18.27	2.34031e-06	4	1	3	0	0	0
ENSG00000029363	0.998	28	38.448	4.67392e-06	11	0	11	1	0	1
ENSG00000197442	0.34	15	67.901	5.49266e-06	1	1	0	0	0	0
ENSG00000164485	1.861	21	15.268	1.3726625e-06	8	0	8	0	0	0
ENSG00000203734	1.5	65	53.27	4.5152975e-06	23	1	22	0	0	0
ENSG00000164440	1.106	21	27.347	2.7907175e-06	12	1	11	1	0	1
ENSG00000180537	1.802	3	3.4472	5.314105e-07	1	1	0	0	0	0
ENSG00000135577	1.789	11	9.5555	6.711725e-07	4	0	4	0	0	0
ENSG00000112414	0.449	18	59.434	5.0228225e-06	1	1	0	0	0	0
ENSG00000010818	0.08	2	78.827	7.2418625e-06	1	1	0	0	0	0
ENSG00000146416	1.485	12	13.04	1.03587025e-06	1	0	1	0	0	0
ENSG00000189007	1.57	11	11.483	1.0891855e-06	1	0	1	0	0	0
ENSG00000001036	0.902	14	24.261	2.011675e-06	3	0	3	0	0	0
ENSG00000112419	0.698	14	31.341	3.9256975e-06	1	1	0	0	0	0
ENSG00000135521	0.869	16	27.962	2.66526e-06	11	0	11	0	0	0
ENSG00000118491	1.618	13	12.624	1.2929325e-06	1	0	1	1	0	1
ENSG00000135604	1.379	6	8.5427	7.766305e-07	1	0	1	0	0	0
ENSG00000152818	0.43	73	206.46	1.89677e-05	3	1	2	1	0	1
ENSG00000146414	0.421	29	93.903	9.35655e-06	2	0	2	2	0	2
ENSG00000131013	0.887	19	31.439	3.1200225e-06	1	0	1	0	0	0
ENSG00000120256	0.744	7	17.668	1.7341275e-06	4	0	4	0	0	0
ENSG00000164520	1.692	10	9.706	8.3895725e-07	3	0	3	0	0	0
ENSG00000203722	1.384	9	11.32	8.244685e-07	2	0	2	0	0	0
ENSG00000111981	1.52	10	11.078	8.02727e-07	1	0	1	0	0	0
ENSG00000131019	1.853	14	10.831	7.8803725e-07	4	0	4	0	0	0
ENSG00000131016	0.49	9	32.069	3.4639e-06	4	1	3	2	1	1
ENSG00000146476	1.006	13	20.536	1.6738945e-06	1	0	1	0	0	0
ENSG00000120262	1.35	35	34.377	3.1652475e-06	10	0	10	0	0	0
ENSG00000120279	1.451	6	8.0754	9.409145e-07	2	0	2	0	0	0
ENSG00000112038	1.487	15	15.5	2.045845e-06	4	0	4	0	0	0
ENSG00000047579	1.099	11	16.566	1.4696115e-06	5	0	5	0	0	0
ENSG00000146426	0.395	6	30.012	7.01959e-06	1	0	1	0	0	0
ENSG00000074771	1.05	26	34.351	2.9823375e-06	13	0	13	0	0	0
ENSG00000078269	0.691	32	62.18	5.0094225e-06	8	0	8	0	0	0
ENSG00000122335	0.673	16	36.088	3.76473e-06	1	0	1	0	0	0
ENSG00000272047	1.714	2	3.0938	3.59455e-07	1	0	1	0	0	0
ENSG00000146433	0.521	10	32.577	2.579835e-06	12	0	12	0	0	0
ENSG00000203711	1.806	1	1.6819	1.18863025e-07	2	0	2	0	0	0
ENSG00000164694	0.589	32	72.955	6.68727e-06	32	0	32	1	0	1
ENSG00000130368	1.468	7	8.8758	9.48653e-07	2	0	2	0	0	0
ENSG00000197081	0.212	17	120.04	9.910305e-06	1	0	1	0	0	0
ENSG00000175003	1.751	29	22.301	1.87131e-06	1	0	1	0	0	0
ENSG00000146477	1.034	18	25.809	2.1830275e-06	1	0	1	0	0	0
ENSG00000198670	1.524	118	90.196	9.40747e-06	27	0	27	0	0	0
ENSG00000026652	0.534	6	22.195	2.1723075e-06	1	0	1	1	0	1
ENSG00000185345	0.929	8	15.539	1.9877225e-06	1	0	1	0	0	0
ENSG00000137198	1.059	10	16.017	1.26434025e-06	2	0	2	0	0	0
ENSG00000112530	1.244	12	15.627	1.768465e-06	2	0	2	0	0	0
ENSG00000124788	0.316	3	24.572	1.953385e-06	6	0	6	0	0	0
ENSG00000112539	1.67	27	22.17	1.876335e-06	8	0	8	0	0	0
ENSG00000176381	1.518	0	1.5896	1.13412575e-07	6	0	6	0	0	0
ENSG00000198818	1.065	6	11.117	7.886905e-07	1	0	1	0	0	0
ENSG00000120436	1.905	2	1.6616	1.190791e-07	12	0	12	0	0	0
ENSG00000120440	1.872	3	2.8462	2.0225625e-07	11	0	11	0	0	0
ENSG00000153303	1.296	22	24.243	2.0128475e-06	4	0	4	1	0	1
ENSG00000130023	0.996	25	35.073	3.337605e-06	6	0	6	0	0	0
ENSG00000112592	0.619	7	21.236	1.85523e-06	2	0	2	0	0	0
ENSG00000230873	1.425	7	9.1717	9.99104e-07	1	1	0	0	0	0
ENSG00000112183	1.151	3	6.7183	6.08628e-07	2	0	2	0	0	0
ENSG00000137177	0.232	15	99.745	9.9091325e-06	1	1	0	0	0	0
ENSG00000137364	1.15	10	14.753	1.04587e-06	3	0	3	0	0	0
ENSG00000124795	0.645	5	16.305	1.4375185e-06	1	1	0	0	0	0
ENSG00000137393	1.261	16	19.277	1.94635e-06	2	0	2	1	0	1
ENSG00000172197	1.075	22	29.215	2.676315e-06	3	0	3	0	0	0
ENSG00000146038	1.156	17	22.056	1.64171775e-06	1	0	1	0	0	0
ENSG00000124532	1.071	2	5.862	2.2379675e-06	7	0	7	0	0	0
ENSG00000112293	0.833	32	51.589	4.51647e-06	3	0	3	0	0	0
ENSG00000112294	0.937	14	23.361	1.9481925e-06	1	0	1	0	0	0
ENSG00000137261	0.993	37	49.005	4.0385925e-06	1	0	1	0	0	0
ENSG00000146039	1.078	17	23.647	1.82776e-06	11	0	11	0	0	0
ENSG00000124568	1.373	24	24.589	2.1649375e-06	1	0	1	1	0	1
ENSG00000112337	0.808	11	22.523	2.10849e-06	1	0	1	0	0	0
ENSG00000124610	1.975	8	2.937	2.0718075e-07	3	0	3	0	0	0
ENSG00000158373	1.971	6	2.1533	1.521034e-07	1	0	1	0	0	0
ENSG00000196866	1.947	6	3.5086	2.62238e-07	1	0	1	0	0	0
ENSG00000124575	1.71	1	2.1478	1.4694775e-07	2	0	2	0	0	0
ENSG00000124508	1.249	15	18.484	2.2915675e-06	9	0	9	0	0	0
ENSG00000111801	1.667	25	20.814	2.0476875e-06	11	0	11	0	0	0
ENSG00000112763	1.829	27	19.694	1.8614275e-06	13	0	13	0	0	0
ENSG00000124557	1.085	15	21.294	1.642438e-06	5	0	5	1	0	1
ENSG00000112812	0.814	15	28.371	2.5307575e-06	1	0	1	0	0	0
ENSG00000124613	1.411	12	13.759	1.67401175e-06	5	0	5	0	0	0
ENSG00000196747	1.846	2	2.2866	1.6805275e-07	13	0	13	0	0	0
ENSG00000168131	1.242	4	7.3452	6.86817e-07	4	0	4	0	0	0
ENSG00000124657	1.187	5	8.8477	9.636275e-07	6	0	6	0	0	0
ENSG00000197279	1.154	15	20.014	1.8162025e-06	8	1	7	0	0	0
ENSG00000196812	1.459	11	12.433	8.75355e-07	2	0	2	0	0	0
ENSG00000137185	1.307	16	18.591	2.2101625e-06	7	0	7	0	0	0
ENSG00000187626	0.772	10	21.972	1.7371425e-06	9	0	9	0	0	0
ENSG00000189134	0.949	9	16.553	1.9438375e-06	7	0	7	0	0	0
ENSG00000137338	0.895	20	32.472	2.8743e-06	6	0	6	0	0	0
ENSG00000235109	1.151	14	19.02	2.215355e-06	18	0	18	1	0	1
ENSG00000189298	1.191	19	23.407	2.2808475e-06	5	0	5	0	0	0
ENSG00000021355	1.489	12	13.003	9.1047975e-07	1	0	1	1	0	1
ENSG00000158691	0.866	15	26.669	2.5736375e-06	4	0	4	0	0	0
ENSG00000187987	1.445	15	15.961	1.373567e-06	2	0	2	0	0	0
ENSG00000198704	1.562	9	9.9227	7.0056875e-07	1	0	1	0	0	0
ENSG00000224586	1.336	6	8.8292	6.193145e-07	2	0	2	0	0	0
ENSG00000232040	0.671	22	46.845	4.16204e-06	9	1	8	0	0	0
ENSG00000170542	0.879	5	11.965	8.45674e-07	3	0	3	0	0	0
ENSG00000197935	0.913	17	27.927	2.9337625e-06	4	0	4	0	0	0
ENSG00000204704	1.132	3	6.8366	6.1658425e-07	6	0	6	0	0	0
ENSG00000204702	1.415	3	5.3655	5.2646925e-07	14	0	14	0	0	0
ENSG00000204701	1.246	4	7.3212	8.1386575e-07	2	0	2	0	0	0
ENSG00000204700	1.495	3	5.0054	3.537935e-07	2	0	2	0	0	0
ENSG00000204695	1.959	3	1.0466	7.163305e-08	1	0	1	0	0	0
ENSG00000204688	1.458	0	1.7358	7.2100375e-07	5	0	5	0	0	0
ENSG00000204642	0.933	10	18.179	1.3254945e-06	11	0	11	0	0	0
ENSG00000204632	1.458	17	17.474	1.271995e-06	7	0	7	0	0	0
ENSG00000204618	1.191	9	13.188	1.1070075e-06	7	0	7	0	0	0
ENSG00000204616	1.043	11	17.465	1.2368535e-06	18	0	18	0	0	0
ENSG00000204614	1.832	14	11.123	1.0246645e-06	3	0	3	0	0	0
ENSG00000204613	1.198	15	19.273	1.8560675e-06	6	0	6	0	0	0
ENSG00000234127	0.464	7	28.332	2.7300825e-06	2	0	2	0	0	0
ENSG00000204568	1.023	9	15.356	1.35221075e-06	1	0	1	0	0	0
ENSG00000204564	0.346	2	18.184	1.3152435e-06	4	0	4	0	0	0
ENSG00000204560	0.638	31	65.616	7.63599e-06	1	0	1	0	0	0
ENSG00000204580	0.584	17	43.661	3.7739425e-06	1	0	1	0	0	0
ENSG00000213780	0.811	15	28.481	2.555045e-06	4	0	4	0	0	0
ENSG00000137411	0.703	39	72.425	7.407855e-06	5	0	5	0	0	0
ENSG00000204544	1.407	2	4.3335	3.1263875e-07	6	0	6	0	0	0
ENSG00000261272	0.711	6	16.656	1.18189675e-06	27	0	27	0	0	0
ENSG00000204542	1.222	4	7.4685	7.06046e-07	3	0	3	0	0	0
ENSG00000137275	0.554	9	28.328	2.150365e-06	1	0	1	1	0	1
ENSG00000204538	1.738	4	4.691	4.5474575e-07	1	0	1	0	0	0
ENSG00000204536	0.934	34	48.449	4.73623e-06	1	0	1	0	0	0
ENSG00000206344	1.89	2	1.8572	1.32199375e-07	9	0	9	0	0	0
ENSG00000137274	1.566	11	11.513	1.2083115e-06	21	0	21	0	0	0
ENSG00000204525	1.017	12	19.119	1.38849125e-06	19	0	19	0	0	0
ENSG00000234745	0.912	10	18.592	1.3471355e-06	2	1	1	0	0	0
ENSG00000204516	1.074	9	14.628	1.04705925e-06	1	0	1	0	0	0
ENSG00000213760	1.238	5	8.4726	8.9815175e-07	2	1	1	0	0	0
ENSG00000204469	0.186	13	110.99	1.33894475e-05	2	1	1	0	0	0
ENSG00000240053	1.641	8	8.5435	7.2210925e-07	1	0	1	0	0	0
ENSG00000204424	1.247	11	14.6	1.189786e-06	3	1	2	0	0	0
ENSG00000204410	0.699	26	51.584	5.231025e-06	6	0	6	0	0	0
ENSG00000204390	1.233	11	14.765	1.474737e-06	7	0	7	0	0	0
ENSG00000204389	1.291	3	5.9504	4.22837e-07	7	0	7	0	0	0
ENSG00000204388	1.478	4	6.0559	4.303075e-07	29	0	29	0	0	0
ENSG00000204385	0.907	29	43.607	3.914475e-06	5	0	5	0	0	0
ENSG00000204351	0.877	45	65.758	6.12916e-06	1	0	1	0	0	0
ENSG00000204348	1.308	16	18.581	1.64858525e-06	1	0	1	0	0	0
ENSG00000168477	0.474	55	145.28	1.8409925e-06	3	0	3	0	0	0
ENSG00000213676	0.665	16	36.552	3.1505075e-06	4	3	1	0	0	0
ENSG00000204301	0.742	51	86.75	7.23265e-06	10	1	9	0	0	0
ENSG00000198502	1.849	9	7.4844	6.3460725e-07	39	0	39	0	0	0
ENSG00000196126	1.156	6	10.241	7.76128e-07	3	0	3	0	0	0
ENSG00000196735	0.97	4	9.4313	6.6933e-07	1	0	1	0	0	0
ENSG00000179344	0.944	5	11.14	9.448675e-07	3	0	3	0	0	0
ENSG00000237541	1.6	8	8.8308	6.4093875e-07	1	0	1	0	0	0
ENSG00000241106	1.353	10	12.517	1.0423525e-06	5	0	5	0	0	0
ENSG00000204267	0.769	17	33.147	3.42571e-06	3	0	3	0	0	0
ENSG00000168394	0.656	15	35.233	3.336265e-06	1	0	1	0	0	0
ENSG00000204252	1.85	13	10.203	7.3105375e-07	4	0	4	0	0	0
ENSG00000204248	0.339	30	120.06	1.21861275e-05	3	3	0	0	0	0
ENSG00000231925	1.183	15	19.525	1.751045e-06	2	0	2	0	0	0
ENSG00000197283	0.085	1	55.57	5.8606575e-06	1	1	0	0	0	0
ENSG00000096433	0.569	59	128.76	1.03499925e-05	3	0	3	1	0	1
ENSG00000137288	1.111	2	5.6461	7.666475e-07	1	1	0	0	0	0
ENSG00000161896	1.215	12	16.005	1.1369565e-06	10	0	10	0	0	0
ENSG00000124493	0.511	10	33.225	3.248495e-06	4	1	3	0	0	0
ENSG00000270800	0.343	2	18.349	1.7575775e-06	1	1	0	0	0	0
ENSG00000065060	0.645	32	66.614	6.0325125e-06	1	0	1	0	0	0
ENSG00000064999	0.338	11	53.916	4.55466e-06	1	1	0	0	0	0
ENSG00000124678	1.13	13	18.292	1.59542075e-06	2	0	2	0	0	0
ENSG00000112039	0.892	13	23.167	2.168455e-06	1	0	1	0	0	0
ENSG00000112041	0.605	11	30.074	3.02036e-06	14	0	14	0	0	0
ENSG00000157343	1.053	12	18.46	2.054555e-06	1	1	0	0	0	0
ENSG00000196748	1.102	1	4.267	1.818045e-07	5	0	5	0	0	0
ENSG00000204140	1.929	6	4.0768	2.91785e-07	2	0	2	0	0	0
ENSG00000197753	1.425	6	8.2431	7.4220925e-07	2	0	2	1	0	1
ENSG00000112053	0.835	25	41.829	3.667245e-06	6	1	5	0	0	0
ENSG00000156711	1.112	19	25.06	2.445165e-06	17	0	17	0	0	0
ENSG00000180316	0.895	11	20.347	2.18487e-06	3	0	3	0	0	0
ENSG00000189325	1.318	31	31.752	3.0014325e-06	5	0	5	0	0	0
ENSG00000010030	1.558	20	18.6	2.0379725e-06	5	0	5	1	0	1
ENSG00000179165	1.944	7	4.2782	3.0111475e-07	4	0	4	0	0	0
ENSG00000112079	0.641	10	26.468	2.1944175e-06	1	1	0	0	0	0
ENSG00000198663	1.087	12	17.886	1.41867475e-06	1	0	1	0	0	0
ENSG00000164530	1.313	14	16.66	1.356013e-06	3	0	3	0	0	0
ENSG00000137409	0.439	4	20.856	1.9314425e-06	2	0	2	0	0	0
ENSG00000146192	0.806	19	34.598	2.7679375e-06	3	0	3	0	0	0
ENSG00000137193	0.42	2	14.977	1.220874e-06	1	0	1	1	0	1
ENSG00000198937	1.941	8	5.0477	3.560045e-07	1	0	1	0	0	0
ENSG00000124767	1.464	10	11.534	1.251627e-06	1	0	1	0	0	0
ENSG00000124721	0.659	139	242.69	2.0131825e-05	14	0	14	0	0	0
ENSG00000112167	1.651	7	7.6746	7.20518e-07	1	0	1	0	0	0
ENSG00000124780	1.474	9	10.591	9.054715e-07	4	0	4	0	0	0
ENSG00000095981	1.406	7	9.2984	6.595815e-07	13	0	13	0	0	0
ENSG00000164627	1.105	45	52.227	4.965035e-06	3	0	3	1	0	1
ENSG00000137265	0.382	4	23.971	2.17214e-06	1	1	0	1	1	0
ENSG00000145975	1.093	16	22.227	2.0440025e-06	17	0	17	0	0	0
ENSG00000124602	1.287	21	23.489	1.90682e-06	6	0	6	0	0	0
ENSG00000188056	1.76	13	11.273	8.043015e-07	6	0	6	0	0	0
ENSG00000124731	1.024	5	10.27	1.01697625e-06	3	0	3	0	0	0
ENSG00000096088	1.704	6	6.5231	1.3790945e-06	4	0	4	0	0	0
ENSG00000188112	0.842	14	25.991	2.5327675e-06	7	0	7	2	0	2
ENSG00000112599	1.242	7	10.576	1.06498175e-06	1	0	1	0	0	0
ENSG00000171611	1.075	2	5.8419	4.216645e-07	5	0	5	0	0	0
ENSG00000124587	0.704	11	25.849	2.794235e-06	4	0	4	0	0	0
ENSG00000124541	1.622	19	17.085	1.8121825e-06	15	1	14	0	0	0
ENSG00000044090	0.708	44	79.876	7.7014825e-06	1	0	1	0	0	0
ENSG00000112667	1.265	3	6.0852	4.3678975e-07	1	0	1	0	0	0
ENSG00000146215	1.106	7	11.885	1.06866675e-06	8	0	8	0	0	0
ENSG00000124574	0.978	51	65.818	6.400845e-06	7	1	6	1	1	0
ENSG00000137221	0.931	11	19.557	1.9408225e-06	4	0	4	1	0	1
ENSG00000124571	0.253	11	71.831	6.87487e-06	5	2	3	2	1	1
ENSG00000170734	0.895	15	25.798	2.953695e-06	1	0	1	0	0	0
ENSG00000096080	1.263	5	8.2992	1.28507675e-06	7	0	7	0	0	0
ENSG00000181577	1.757	5	5.3737	3.7973925e-07	8	0	8	0	0	0
ENSG00000137225	1.151	39	44.268	3.448155e-06	5	0	5	0	0	0
ENSG00000146232	0.43	3	18.025	1.322513e-06	34	0	34	0	0	0
ENSG00000124608	0.835	35	55.57	5.777745e-06	2	1	1	0	0	0
ENSG00000112782	1.174	11	15.503	1.0850985e-06	1	0	1	0	0	0
ENSG00000001561	0.66	4	13.861	1.082988e-06	1	0	1	0	0	0
ENSG00000180113	1.216	68	68.425	5.580765e-06	16	0	16	0	0	0
ENSG00000146070	1.708	29	22.972	1.7994525e-06	16	0	16	0	0	0
ENSG00000112818	0.919	25	38.011	3.1019325e-06	3	0	3	0	0	0
ENSG00000153292	1.375	26	26.236	2.93795e-06	2	0	2	0	0	0
ENSG00000153046	0.644	9	24.394	1.745015e-06	1	0	1	1	0	1
ENSG00000146072	0.606	6	19.555	1.5534285e-06	1	0	1	0	0	0
ENSG00000198087	0.413	9	38.002	3.3776375e-06	2	0	2	0	0	0
ENSG00000153294	1.224	23	26.619	2.2617525e-06	9	0	9	0	0	0
ENSG00000146085	1.232	35	37.659	3.8138075e-06	6	0	6	0	0	0
ENSG00000031691	1.349	12	14.403	1.18440925e-06	14	0	14	1	0	1
ENSG00000203972	1.399	12	13.88	1.5318545e-06	3	0	3	1	0	1
ENSG00000124490	1.681	17	14.964	1.22668625e-06	1	0	1	0	0	0
ENSG00000170950	1.608	8	8.7729	9.214175e-07	14	0	14	0	0	0
ENSG00000124812	1.439	8	9.9767	8.7624275e-07	1	0	1	0	0	0
ENSG00000177684	1.892	1	1.0021	7.13349e-08	1	0	1	0	0	0
ENSG00000203970	1.918	2	1.4515	1.0243295e-07	4	0	4	1	0	1
ENSG00000124787	0.902	8	16	1.33391975e-06	1	0	1	1	0	1
ENSG00000008197	0.252	1	18.847	1.33663325e-06	1	0	1	0	0	0
ENSG00000219607	1.614	7	7.9167	5.77942e-07	7	0	7	0	0	0
ENSG00000170927	0.681	107	184.4	1.6610975e-05	20	0	20	0	0	0
ENSG00000112116	1.179	3	6.552	6.3303275e-07	6	0	6	0	0	0
ENSG00000096093	1.205	28	31.848	3.3165e-06	2	0	2	0	0	0
ENSG00000065308	0.347	3	22.341	1.75607e-06	1	0	1	0	0	0
ENSG00000244067	1.677	10	9.829	6.88559e-07	3	1	2	0	0	0
ENSG00000243955	1.633	9	9.3947	6.559635e-07	1	0	1	0	0	0
ENSG00000174156	1.118	6	10.588	8.5559e-07	1	0	1	0	0	0
ENSG00000170899	0.902	5	11.661	9.707295e-07	1	0	1	0	0	0
ENSG00000112144	0.613	15	37.686	4.154e-06	1	0	1	1	0	1
ENSG00000124743	0.913	12	21.306	1.96779e-06	1	1	0	0	0	0
ENSG00000145982	1.152	15	20.046	1.7193875e-06	1	0	1	1	0	1
ENSG00000146147	1.389	24	24.296	1.81637e-06	3	0	3	1	0	1
ENSG00000137251	1.419	36	33.494	3.2696e-06	2	0	2	0	0	0
ENSG00000168143	0.68	19	41.008	4.5390825e-06	3	0	3	1	0	1
ENSG00000137252	0.636	8	22.694	2.1022925e-06	1	1	0	0	0	0
ENSG00000187871	1.258	16	19.311	1.35810675e-06	23	0	23	0	0	0
ENSG00000146151	1.103	12	17.62	1.64583825e-06	2	0	2	0	0	0
ENSG00000124749	1.005	43	55.146	4.9829575e-06	16	0	16	2	0	2
ENSG00000151914	0.18	38	277.36	2.4523675e-05	6	1	5	1	0	1
ENSG00000168116	1.122	19	24.838	2.104135e-06	31	0	31	0	0	0
ENSG00000112200	0.762	24	44.3	4.3689025e-06	4	0	4	0	0	0
ENSG00000112210	0.833	6	14.222	1.4023435e-06	4	0	4	0	0	0
ENSG00000124491	0.739	18	36.122	3.1742925e-06	3	0	3	0	0	0
ENSG00000112232	0.61	6	19.409	1.63485025e-06	2	0	2	0	0	0
ENSG00000146166	1.557	19	17.856	1.806655e-06	1	0	1	0	0	0
ENSG00000118482	0.286	15	80.774	7.594785e-06	1	0	1	0	0	0
ENSG00000112685	0.59	25	59.191	5.12483e-06	1	0	1	0	0	0
ENSG00000188107	1.207	21	25.047	9.5235475e-06	6	1	5	0	0	0
ENSG00000112799	1.75	7	6.9741	4.9085875e-07	1	0	1	0	0	0
ENSG00000168216	1.026	21	29.488	2.747e-06	8	0	8	0	0	0
ENSG00000154079	1.282	2	4.8399	4.827685e-07	1	0	1	0	0	0
ENSG00000112309	1.352	8	10.647	8.8842e-07	4	0	4	0	0	0
ENSG00000119900	0.754	7	17.428	1.62855225e-06	2	1	1	0	0	0
ENSG00000124782	0.181	3	42.825	4.200565e-06	1	1	0	0	0	0
ENSG00000079841	0.203	11	89.721	1.03888525e-05	2	0	2	0	0	0
ENSG00000185760	0.306	8	47.247	4.9186375e-06	1	0	1	0	0	0
ENSG00000256980	1.363	2	4.5067	3.239115e-07	2	0	2	0	0	0
ENSG00000135314	1.785	13	11.01	9.42422e-07	1	0	1	0	0	0
ENSG00000203909	1.581	4	5.5397	5.0459375e-07	1	0	1	0	0	0
ENSG00000080007	0.587	15	39.319	3.621015e-06	3	1	2	0	0	0
ENSG00000164430	1.293	14	16.918	1.35897775e-06	6	0	6	0	0	0
ENSG00000135297	0.596	14	36.75	3.717495e-06	2	0	2	0	0	0
ENSG00000119899	1.044	18	25.578	1.9820275e-06	2	0	2	0	0	0
ENSG00000156535	1.189	68	69.992	5.450785e-06	9	0	9	0	0	0
ENSG00000164304	0.978	19	28.519	2.749345e-06	4	0	4	0	0	0
ENSG00000111799	0.282	33	156.71	1.43699925e-05	2	2	0	0	0	0
ENSG00000112697	0.77	7	17.085	1.7280975e-06	1	0	1	0	0	0
ENSG00000118407	0.698	24	48.334	5.4315225e-06	1	0	1	0	0	0
ENSG00000096696	0.26	24	129.87	1.3045905e-05	3	0	3	1	0	1
ENSG00000112701	0.22	7	59.783	6.1990075e-06	1	1	0	0	0	0
ENSG00000168566	1.171	15	19.73	2.06427e-06	4	0	4	2	0	2
ENSG00000112706	1.354	43	40.961	3.7732725e-06	3	0	3	0	0	0
ENSG00000135312	0.71	3	10.926	8.0575875e-07	1	0	1	0	0	0
ENSG00000146243	1.398	10	12.102	9.7892025e-07	14	0	14	1	0	1
ENSG00000146247	0.113	6	104.59	1.01784725e-05	1	1	0	0	0	0
ENSG00000239264	1.235	21	24.494	2.3632575e-06	5	0	5	0	0	0
ENSG00000135338	0.649	13	31.837	3.323535e-06	1	0	1	1	0	1
ENSG00000112742	0.466	15	49.544	4.123515e-06	2	0	2	0	0	0
ENSG00000124802	0.916	3	8.4645	5.9480925e-07	1	1	0	0	0	0
ENSG00000146242	1.16	4	7.88	5.63135e-07	1	0	1	1	0	1
ENSG00000083097	0.255	20	113.81	1.10595225e-05	2	0	2	0	0	0
ENSG00000065833	1.169	23	27.884	2.2922375e-06	5	0	5	1	0	1
ENSG00000146250	1.659	14	12.992	1.34949725e-06	1	0	1	0	0	0
ENSG00000203877	1.377	1	3.2818	5.108415e-07	4	0	4	0	0	0
ENSG00000124786	1.395	16	17.407	1.22427425e-06	1	0	1	0	0	0
ENSG00000135315	0.938	44	60.282	4.7544875e-06	19	0	19	0	0	0
ENSG00000112837	0.193	1	24.565	2.31284e-06	1	0	1	1	0	1
ENSG00000135317	0.827	35	56.086	4.5173075e-06	2	0	2	0	0	0
ENSG00000188994	0.14	7	93.661	8.6404875e-06	2	1	1	0	0	0
ENSG00000146282	0.923	27	40.332	3.4195125e-06	2	0	2	0	0	0
ENSG00000154548	0.72	5	14.596	1.6122545e-06	1	0	1	0	0	0
ENSG00000146281	0.992	9	15.825	1.11429375e-06	3	0	3	0	0	0
ENSG00000111886	0.893	11	20.387	1.58537075e-06	1	0	1	0	0	0
ENSG00000198833	0.495	4	18.507	1.7317825e-06	2	1	1	1	0	1
ENSG00000135299	0.908	23	35.902	3.27228e-06	2	1	1	0	0	0
ENSG00000112159	0.316	78	298.28	2.676985e-05	1	1	0	0	0	0
ENSG00000135355	1.419	15	16.263	1.5366785e-06	1	0	1	0	0	0
ENSG00000112182	0.233	2	27.02	2.2265775e-06	1	1	0	0	0	0
ENSG00000135341	0.244	3	31.824	2.958385e-06	1	1	0	0	0	0
ENSG00000172469	0.865	8	16.693	1.48446875e-06	2	0	2	0	0	0
ENSG00000014123	0.843	26	42.796	3.801915e-06	4	0	4	0	0	0
ENSG00000146263	0.438	21	69.022	5.736875e-06	1	0	1	1	0	1
ENSG00000112234	0.918	17	27.785	2.6660975e-06	2	0	2	0	0	0
ENSG00000132423	1.344	13	15.375	1.08528275e-06	10	0	10	0	0	0
ENSG00000132424	0.178	3	43.617	4.45483e-06	1	0	1	0	0	0
ENSG00000123552	1.057	31	39.594	3.27965e-06	58	0	58	1	0	1
ENSG00000152034	1.199	10	14.15	1.2598345e-06	3	0	3	0	0	0
ENSG00000146540	1.787	8	7.4141	5.2583275e-07	3	0	3	0	0	0
ENSG00000166529	1.433	18	18.62	1.58272425e-06	1	0	1	0	0	0
ENSG00000166997	1.764	18	14.709	1.435609e-06	1	0	1	0	0	0
ENSG00000066923	0.606	33	72.813	6.341215e-06	1	0	1	0	0	0
ENSG00000214300	1.058	8	13.644	1.11218325e-06	2	0	2	0	0	0
ENSG00000160813	1.364	4	6.6419	4.796865e-07	2	0	2	2	0	2
ENSG00000185955	1.038	4	8.8122	7.714715e-07	1	0	1	1	0	1
ENSG00000106336	0.607	10	27.932	2.4872075e-06	1	0	1	1	0	1
ENSG00000106327	0.767	21	39.43	3.1987475e-06	1	1	0	0	0	0
ENSG00000146830	0.484	22	64.904	6.095995e-06	1	0	1	0	0	0
ENSG00000196411	0.422	14	51.806	5.1534725e-06	2	0	2	1	0	1
ENSG00000087077	0.67	8	21.532	1.801295e-06	1	0	1	0	0	0
ENSG00000205277	1.485	90	72.219	5.7062225e-06	44	0	44	0	0	0
ENSG00000169876	1.487	85	68.48	5.23404e-06	40	0	40	0	0	0
ENSG00000169871	0.896	9	17.532	1.5061935e-06	1	0	1	1	0	1
ENSG00000128564	0.5	3	15.516	1.14387425e-06	1	1	0	1	1	0
ENSG00000167011	1.496	9	10.416	7.5844e-07	1	0	1	0	0	0
ENSG00000106384	1.656	17	15.231	1.08980525e-06	8	0	8	0	0	0
ENSG00000106397	0.819	27	45.446	4.177115e-06	2	2	0	1	1	0
ENSG00000128581	0.732	2	8.6042	6.111405e-07	2	0	2	0	0	0
ENSG00000160963	0.832	13	24.846	2.58419e-06	1	0	1	0	0	0
ENSG00000257923	0.184	7	71.569	6.15395e-06	1	0	1	0	0	0
ENSG00000170667	1.498	3	4.9953	3.7051e-07	10	0	10	0	0	0
ENSG00000205238	1.782	0	0.76516	1.21442525e-07	9	0	9	0	0	0
ENSG00000105808	1.196	2	5.2253	3.70108e-07	20	0	20	0	0	0
ENSG00000161040	0.939	24	35.935	3.1317475e-06	1	0	1	0	0	0
ENSG00000128606	1.237	9	12.687	1.43763575e-06	1	0	1	1	0	1
ENSG00000105819	0.899	16	27.017	2.32892e-06	1	0	1	0	0	0
ENSG00000161057	0.119	0	25.086	2.4533725e-06	1	1	0	0	0	0
ENSG00000189056	0.17	22	184.3	1.598218e-05	2	1	1	1	0	1
ENSG00000164815	0.861	13	24	1.8128525e-06	1	0	1	1	0	1
ENSG00000091127	0.827	20	35.158	3.1062875e-06	1	0	1	0	0	0
ENSG00000135249	0.826	27	45.061	4.18013e-06	1	0	1	0	0	0
ENSG00000128536	1.273	37	38.242	3.4399475e-06	18	0	18	0	0	0
ENSG00000105856	0.59	9	26.64	2.0537175e-06	3	0	3	0	0	0
ENSG00000164597	0.965	37	50.419	4.32217e-06	3	0	3	0	0	0
ENSG00000091140	0.545	9	28.814	2.623385e-06	1	1	0	0	0	0
ENSG00000091128	1.008	73	87.95	7.4308025e-06	13	0	13	0	0	0
ENSG00000177683	1.054	7	12.468	1.2964835e-06	1	0	1	0	0	0
ENSG00000128590	0.705	2	8.9345	9.5928925e-07	2	0	2	0	0	0
ENSG00000173114	0.626	6	18.931	1.977505e-06	1	0	1	0	0	0
ENSG00000128512	0.299	25	116.91	1.07523275e-05	1	0	1	1	0	1
ENSG00000198839	1.557	30	26.116	2.019045e-06	4	1	3	1	0	1
ENSG00000146802	0.649	8	22.249	1.5573145e-06	2	0	2	1	0	1
ENSG00000154415	1.006	29	39.315	3.57981e-06	2	0	2	0	0	0
ENSG00000128573	0.199	5	52.824	4.948285e-06	2	0	2	1	0	1
ENSG00000178381	1.685	4	4.9989	3.51884e-07	1	0	1	1	0	1
ENSG00000105967	1.135	14	19.288	1.882365e-06	1	0	1	0	0	0
ENSG00000135269	1.547	22	20.271	1.69242e-06	1	0	1	0	0	0
ENSG00000004866	0.264	4	34.738	3.0590525e-06	8	0	8	0	0	0
ENSG00000154438	0.961	17	26.521	2.12859e-06	2	1	1	0	0	0
ENSG00000001626	1.307	84	77.046	6.762645e-06	16	0	16	2	0	2
ENSG00000077063	0.602	30	67.561	5.5799275e-06	2	1	1	0	0	0
ENSG00000106013	1.227	10	13.824	1.2446925e-06	4	1	3	0	0	0
ENSG00000106034	0.998	44	56.675	4.78179e-06	7	0	7	0	0	0
ENSG00000081800	1.224	28	31.366	2.6047925e-06	12	1	11	0	0	0
ENSG00000146530	1.117	65	71.551	5.90002e-06	57	0	57	1	0	1
ENSG00000164675	0.993	27	37.504	2.827065e-06	9	0	9	0	0	0
ENSG00000146809	1.286	24	26.251	2.3964225e-06	4	0	4	1	0	1
ENSG00000170807	1.799	5	5.0556	1.46909225e-06	1	0	1	1	0	1
ENSG00000106302	1.692	23	19.083	1.7401575e-06	1	0	1	0	0	0
ENSG00000106304	1.24	17	20.566	1.8480275e-06	4	0	4	0	0	0
ENSG00000006747	1.657	48	36.797	2.8942325e-06	5	0	5	0	0	0
ENSG00000179562	0.8	14	27.355	2.4094875e-06	1	0	1	0	0	0
ENSG00000106328	1.067	19	26.128	2.815675e-06	5	0	5	0	0	0
ENSG00000106344	0.815	25	42.824	3.9468025e-06	3	0	3	0	0	0
ENSG00000106348	0.705	14	31.034	2.890715e-06	1	1	0	0	0	0
ENSG00000135245	1.861	0	0.3281	2.21033e-08	6	0	6	0	0	0
ENSG00000165055	1.181	16	20.577	1.747025e-06	1	0	1	0	0	0
ENSG00000135248	1.182	13	17.489	1.38735225e-06	6	0	6	0	0	0
ENSG00000128596	0.722	31	57.959	4.4127875e-06	7	0	7	1	0	1
ENSG00000128591	0.25	18	106.71	9.10195e-06	2	0	2	1	0	1
ENSG00000064419	0.515	21	58.71	5.947255e-06	1	0	1	0	0	0
ENSG00000128602	0.684	17	37.3	3.7397725e-06	1	0	1	1	0	1
ENSG00000128578	0.882	31	47.444	4.1159775e-06	17	0	17	0	0	0
ENSG00000240204	1.6	0	1.3754	9.67882e-08	3	0	3	0	0	0
ENSG00000165120	1.943	17	10.613	9.2572225e-07	2	0	2	0	0	0
ENSG00000158516	1.399	23	23.281	1.91285e-06	5	0	5	0	0	0
ENSG00000128510	1.401	26	25.742	2.4299225e-06	10	1	9	1	1	0
ENSG00000091704	1.273	18	20.972	1.7887325e-06	5	0	5	0	0	0
ENSG00000213265	1.563	14	13.918	1.12297025e-06	8	0	8	0	0	0
ENSG00000183470	1.73	1	2.0635	1.46855625e-07	2	0	2	0	0	0
ENSG00000155530	0.939	30	43.32	3.60393e-06	2	0	2	0	0	0
ENSG00000198074	1.307	14	16.737	1.18199725e-06	2	0	2	0	0	0
ENSG00000227471	1.897	25	17.023	1.21961775e-06	3	0	3	0	0	0
ENSG00000146857	0.845	8	17.086	1.506227e-06	2	0	2	0	0	0
ENSG00000157680	0.314	13	65.844	5.7434075e-06	1	1	0	0	0	0
ENSG00000182158	0.657	9	23.909	1.807325e-06	1	0	1	0	0	0
ENSG00000105929	1.004	37	48.469	4.89234e-06	3	0	3	0	0	0
ENSG00000105939	0.59	15	39.153	3.2191825e-06	1	0	1	1	0	1
ENSG00000105948	0.668	16	36.354	3.3970675e-06	1	0	1	0	0	0
ENSG00000188883	1.731	16	13.698	1.0911285e-06	11	0	11	3	0	3
ENSG00000064393	0.156	3	49.714	4.38984e-06	1	1	0	0	0	0
ENSG00000146966	0.41	12	47.432	4.4549975e-06	1	0	1	0	0	0
ENSG00000133597	0.92	14	23.8	2.085375e-06	7	0	7	2	0	2
ENSG00000257093	0.851	9	18.445	1.76411e-06	4	0	4	0	0	0
ENSG00000106028	0.904	6	13.104	1.58778275e-06	3	0	3	0	0	0
ENSG00000127364	1.913	7	5.1059	3.673275e-07	1	0	1	0	0	0
ENSG00000127366	1.531	5	6.7047	6.26182e-07	8	0	8	0	0	0
ENSG00000257335	0.808	107	155.54	8.67315e-06	17	0	17	0	0	0
ENSG00000257743	0.445	30	91.461	1.86193e-06	1	0	1	0	0	0
ENSG00000258223	1.801	12	10.136	8.7935825e-07	1	0	1	0	0	0
ENSG00000204983	1.863	14	10.681	1.06856625e-06	3	0	3	0	0	0
ENSG00000197993	1.092	36	43.53	4.4429375e-06	11	0	11	0	0	0
ENSG00000179468	1.517	6	7.6716	6.83802e-07	1	0	1	0	0	0
ENSG00000225781	1.873	5	4.3398	4.625345e-07	2	0	2	0	0	0
ENSG00000159763	1.686	5	5.8284	5.7792525e-07	2	0	2	0	0	0
ENSG00000221937	1.312	3	5.8477	5.6757375e-07	1	0	1	0	0	0
ENSG00000197448	1.312	10	12.919	8.93244e-07	4	0	4	0	0	0
ENSG00000188037	0.994	37	48.977	4.174435e-06	3	0	3	0	0	0
ENSG00000159840	1.039	19	26.827	2.6413075e-06	2	0	2	0	0	0
ENSG00000146904	1.045	41	50.926	5.10741e-06	4	0	4	0	0	0
ENSG00000221855	1.937	15	9.5939	9.8356e-07	11	1	10	0	0	0
ENSG00000170379	1.921	10	6.9146	5.85915e-07	6	0	6	0	0	0
ENSG00000164877	1.373	38	36.281	2.9873625e-06	17	0	17	0	0	0
ENSG00000221813	1.752	8	7.7113	9.35722e-07	3	0	3	0	0	0
ENSG00000221989	1.514	1	2.8447	2.0322775e-07	1	0	1	0	0	0
ENSG00000221938	1.707	6	6.5065	6.1641675e-07	6	0	6	0	0	0
ENSG00000050327	0.983	26	36.684	3.65552e-06	17	0	17	0	0	0
ENSG00000170279	1.803	7	6.5289	6.3072125e-07	3	0	3	0	0	0
ENSG00000197362	1.109	15	20.829	2.1485225e-06	19	0	19	0	0	0
ENSG00000204947	1.676	7	7.5058	5.3708875e-07	13	0	13	0	0	0
ENSG00000170260	0.992	12	19.606	1.56031275e-06	8	0	8	1	0	1
ENSG00000181444	1.266	15	18.236	1.38349975e-06	12	0	12	0	0	0
ENSG00000106479	0.872	24	38.726	3.3762975e-06	2	0	2	0	0	0
ENSG00000106526	1.374	9	11.407	9.16694e-07	1	0	1	0	0	0
ENSG00000196456	0.827	8	17.452	1.51686325e-06	2	0	2	0	0	0
ENSG00000171115	0.986	9	15.933	1.27690275e-06	8	0	8	0	0	0
ENSG00000133561	1.76	1	1.9287	1.36996575e-07	3	0	3	0	0	0
ENSG00000106560	1.691	0	1.1056	7.88054e-08	8	0	8	0	0	0
ENSG00000213203	1.696	0	1.0904	7.7751825e-08	1	0	1	0	0	0
ENSG00000106565	1.753	14	12.05	1.00257125e-06	1	0	1	0	0	0
ENSG00000002726	0.969	15	23.848	2.0027975e-06	1	0	1	0	0	0
ENSG00000055118	0.274	5	38.303	3.216e-06	3	0	3	3	0	3
ENSG00000164867	0.502	23	64.965	5.83436e-06	2	0	2	0	0	0
ENSG00000197150	1.033	27	36.055	3.1518475e-06	1	0	1	1	0	1
ENSG00000213199	0.828	15	27.91	2.8006e-06	5	0	5	0	0	0
ENSG00000146926	1.686	15	13.458	1.53180425e-06	2	0	2	1	0	1
ENSG00000033100	1.199	28	32.007	4.1464625e-06	14	0	14	0	0	0
ENSG00000082014	0.466	5	22.565	1.68103e-06	1	1	0	0	0	0
ENSG00000187260	1.51	14	14.444	1.31043625e-06	1	0	1	1	0	1
ENSG00000127377	1.84	9	7.5888	8.1678025e-07	3	0	3	0	0	0
ENSG00000106648	1.634	22	19.12	1.563512e-06	3	0	3	0	0	0
ENSG00000187546	1.705	34	26.403	2.1344525e-06	10	0	10	0	0	0
ENSG00000196584	1.37	11	13.271	1.52358e-06	4	0	4	1	0	1
ENSG00000133627	0.192	1	24.734	2.22708e-06	3	1	2	0	0	0
ENSG00000130226	0.399	12	48.756	3.89136e-06	2	0	2	2	0	2
ENSG00000214106	1.238	1	3.7471	3.417e-07	1	0	1	0	0	0
ENSG00000186480	1.119	6	10.583	7.6033275e-07	3	1	2	3	1	2
ENSG00000164778	0.634	1	7.48	6.1171e-07	1	0	1	0	0	0
ENSG00000204876	1.58	2	3.6649	2.5984275e-07	5	0	5	0	0	0
ENSG00000105982	1.561	20	18.571	1.80297e-06	14	0	14	0	0	0
ENSG00000105983	0.826	18	32.314	3.2486625e-06	1	0	1	0	0	0
ENSG00000146909	0.903	20	32.174	2.4634225e-06	1	0	1	1	0	1
ENSG00000009335	0.183	5	57.378	5.2971875e-06	3	1	2	1	0	1
ENSG00000155093	0.583	20	49.891	4.32418e-06	2	0	2	2	0	2
ENSG00000146918	0.303	11	60.155	4.804235e-06	1	1	0	0	0	0
ENSG00000126870	0.665	29	59.455	5.627665e-06	1	0	1	1	0	1
ENSG00000106018	1.05	20	27.667	2.61568e-06	1	0	1	1	0	1
ENSG00000205858	1.295	10	13.091	1.39194175e-06	3	0	3	0	0	0
ENSG00000106524	0.924	12	21.032	2.004305e-06	4	0	4	0	0	0
ENSG00000136261	0.532	6	22.272	1.8610925e-06	1	0	1	0	0	0
ENSG00000173467	1.976	22	11	7.81086e-07	6	0	6	0	0	0
ENSG00000106546	0.154	2	40.921	3.98248e-06	1	1	0	0	0	0
ENSG00000105849	0.54	2	11.656	8.2678e-07	1	0	1	0	0	0
ENSG00000173452	1.757	8	7.6746	8.045695e-07	3	0	3	0	0	0
ENSG00000183742	1.288	29	30.693	2.45488e-06	10	0	10	0	0	0
ENSG00000002822	0.969	30	41.985	3.419345e-06	3	1	2	0	0	0
ENSG00000105855	0.264	5	39.797	3.3220275e-06	2	0	2	1	0	1
ENSG00000105866	0.283	4	32.391	2.63444e-06	2	1	1	1	0	1
ENSG00000164649	0.747	11	24.368	2.9917175e-06	1	1	0	0	0	0
ENSG00000136237	0.305	8	47.37	4.1993925e-06	1	0	1	0	0	0
ENSG00000122687	1.572	6	7.3429	7.7845625e-07	1	0	1	0	0	0
ENSG00000105889	1.277	9	12.293	1.0166245e-06	5	0	5	0	0	0
ENSG00000106266	0.57	6	20.763	1.58999375e-06	1	0	1	0	0	0
ENSG00000136244	0.753	2	8.3577	7.09396e-07	1	1	0	0	0	0
ENSG00000136243	1.284	14	17.039	1.20192975e-06	2	1	1	0	0	0
ENSG00000136235	1.613	34	28.029	2.6888775e-06	13	0	13	0	0	0
ENSG00000164548	0.591	8	24.408	3.5099625e-06	19	1	18	0	0	0
ENSG00000106263	0.067	0	44.564	3.75401e-06	1	0	1	0	0	0
ENSG00000169193	1.176	2	5.3188	5.3862975e-07	1	0	1	0	0	0
ENSG00000136213	1.283	8	11.236	8.19276e-07	1	0	1	0	0	0
ENSG00000105928	1.125	16	21.594	1.84786e-06	10	0	10	0	0	0
ENSG00000070882	0.538	20	54.029	4.6620275e-06	3	0	3	0	0	0
ENSG00000153790	1.016	20	28.601	2.6590625e-06	7	0	7	0	0	0
ENSG00000106009	0.995	24	33.915	3.107795e-06	23	0	23	1	0	1
ENSG00000106012	1.516	46	38.791	3.772435e-06	25	0	25	0	0	0
ENSG00000050344	1.314	17	19.397	1.5457905e-06	18	0	18	0	0	0
ENSG00000174945	1.939	28	17.392	1.394471e-06	5	0	5	1	0	1
ENSG00000078399	1.618	7	7.8955	6.37773e-07	2	0	2	0	0	0
ENSG00000253293	0.416	1	11.41	8.4522175e-07	3	0	3	0	0	0
ENSG00000106049	0.832	6	14.229	1.162048e-06	1	0	1	0	0	0
ENSG00000106052	0.676	19	41.247	3.5307325e-06	4	0	4	0	0	0
ENSG00000106066	1.072	20	27.119	2.1656075e-06	7	0	7	0	0	0
ENSG00000122574	0.799	6	14.831	1.615236e-06	4	0	4	1	0	1
ENSG00000106080	1.655	9	9.2303	7.711365e-07	1	0	1	0	0	0
ENSG00000180354	0.872	1	5.4354	3.858865e-07	1	0	1	0	0	0
ENSG00000180233	0.957	3	8.1037	9.01485e-07	1	0	1	1	0	1
ENSG00000106100	1.165	30	34.921	2.6532e-06	8	0	8	0	0	0
ENSG00000106105	0.402	9	39.052	3.886335e-06	1	1	0	0	0	0
ENSG00000106113	1.23	22	25.549	2.379505e-06	1	0	1	0	0	0
ENSG00000241644	1.651	4	5.1808	3.6721025e-07	1	0	1	0	0	0
ENSG00000106125	1.131	32	38.003	3.09205e-06	6	0	6	0	0	0
ENSG00000106128	0.931	15	24.809	2.1646025e-06	4	0	4	1	0	1
ENSG00000164600	0.416	1	11.41	1.24105775e-06	1	1	0	0	0	0
ENSG00000217455	1.649	1	2.3868	1.68505e-07	4	0	4	0	0	0
ENSG00000180347	1.299	36	36.592	4.016315e-06	8	0	8	2	0	2
ENSG00000106341	1.56	5	6.5402	4.584475e-07	4	0	4	4	0	4
ENSG00000154678	0.699	21	43.243	3.8412775e-06	1	0	1	1	0	1
ENSG00000105778	0.533	11	34.179	2.871285e-06	1	0	1	1	0	1
ENSG00000122642	0.815	12	23.864	1.9810225e-06	3	0	3	0	0	0
ENSG00000164610	0.803	5	13.094	1.4123935e-06	1	0	1	1	0	1
ENSG00000164619	0.663	17	38.454	3.3642375e-06	4	0	4	1	0	1
ENSG00000187258	1.164	16	20.876	2.059915e-06	2	1	1	0	0	0
ENSG00000205745	1.883	1	1.1077	7.86647e-08	10	0	10	0	0	0
ENSG00000122547	0.581	6	20.399	1.8751625e-06	1	0	1	0	0	0
ENSG00000164542	0.974	15	23.709	2.23445e-06	1	0	1	0	0	0
ENSG00000011426	0.374	14	58.485	5.3581575e-06	2	0	2	0	0	0
ENSG00000086288	1.339	41	39.723	4.122175e-06	4	0	4	0	0	0
ENSG00000106483	0.948	9	16.562	1.29499275e-06	3	0	3	1	0	1
ENSG00000086289	1.051	4	8.7029	6.20219e-07	2	0	2	2	0	2
ENSG00000006715	0.84	37	57.936	5.22667e-06	9	0	9	0	0	0
ENSG00000106536	0.557	11	32.71	2.77112e-06	31	0	31	16	0	16
ENSG00000146555	0.373	28	102.95	8.3560725e-06	1	1	0	1	1	0
ENSG00000168303	1.665	6	6.7747	4.9102625e-07	1	0	1	1	0	1
ENSG00000136197	0.644	3	12.037	1.40386775e-06	1	0	1	0	0	0
ENSG00000106591	1.448	7	9.0119	8.1091775e-07	1	0	1	0	0	0
ENSG00000002746	0.253	14	86.355	8.736465e-06	2	2	0	1	1	0
ENSG00000106603	1.285	4	7.0831	4.9933425e-07	1	0	1	0	0	0
ENSG00000106605	0.922	8	15.654	1.57823525e-06	3	0	3	0	0	0
ENSG00000078967	1.474	8	9.7194	6.9172475e-07	1	0	1	0	0	0
ENSG00000136206	1.373	17	18.569	1.999615e-06	2	1	1	0	0	0
ENSG00000164708	1.766	10	9.0684	6.6448925e-07	9	0	9	0	0	0
ENSG00000106624	0.64	27	58.212	5.5129275e-06	2	0	2	1	0	1
ENSG00000015520	0.936	39	54.439	5.167375e-06	12	0	12	0	0	0
ENSG00000136270	0.738	15	31.3	3.1347625e-06	2	1	1	1	1	0
ENSG00000164742	0.272	7	48.393	4.3447825e-06	1	1	0	0	0	0
ENSG00000221845	1.856	3	3.0146	2.1394775e-07	1	0	1	0	0	0
ENSG00000158683	0.732	88	143.53	1.2417445e-05	20	0	20	16	0	16
ENSG00000164744	1.445	18	18.455	1.3930305e-06	4	0	4	0	0	0
ENSG00000164746	1.576	17	16.106	1.44731725e-06	3	0	3	2	0	2
ENSG00000157927	1.212	36	39.214	3.101095e-06	8	1	7	3	1	2
ENSG00000183696	1.118	7	11.76	8.302305e-07	9	0	9	0	0	0
ENSG00000179869	1.035	183	199.93	1.62255575e-05	11	0	11	1	0	1
ENSG00000164500	1.294	13	15.965	1.230924e-06	1	0	1	0	0	0
ENSG00000132436	0.787	10	21.54	2.037805e-06	6	1	5	0	0	0
ENSG00000132437	0.915	16	26.547	2.2329425e-06	2	0	2	0	0	0
ENSG00000106078	0.469	13	44.06	4.0412725e-06	3	1	2	2	1	1
ENSG00000157954	0.619	8	23.333	1.83312e-06	1	1	0	0	0	0
ENSG00000182095	0.287	16	84.66	6.7631475e-06	1	0	1	0	0	0
ENSG00000155034	0.88	9	17.852	1.27820925e-06	1	0	1	1	0	1
ENSG00000154978	0.743	2	8.4752	6.01794e-07	5	0	5	0	0	0
ENSG00000154997	0.983	11	18.522	1.5914845e-06	5	0	5	0	0	0
ENSG00000146733	1.188	6	9.9629	9.83828e-07	2	0	2	0	0	0
ENSG00000146731	0.255	2	24.702	1.90414e-06	1	0	1	0	0	0
ENSG00000185177	1.788	6	5.9133	5.054815e-07	14	0	14	0	0	0
ENSG00000182111	1.883	8	6.3233	5.9112425e-07	20	1	19	0	0	0
ENSG00000155026	0.882	12	22.033	1.680695e-06	10	0	10	0	0	0
ENSG00000122512	1.266	41	42.019	4.1384225e-06	6	0	6	0	0	0
ENSG00000086232	0.71	16	34.215	2.8845175e-06	1	0	1	0	0	0
ENSG00000106346	0.133	2	47.237	3.8992325e-06	10	0	10	2	0	2
ENSG00000008256	0.421	4	21.747	1.616844e-06	1	0	1	1	0	1
ENSG00000164535	0.995	23	32.747	2.4991e-06	1	0	1	0	0	0
ENSG00000197123	0.982	2	6.4026	5.9936525e-07	9	1	8	0	0	0
ENSG00000234444	1.843	5	4.6661	3.3062825e-07	1	0	1	0	0	0
ENSG00000196247	1.901	2	1.7126	1.18631875e-07	14	0	14	1	0	1
ENSG00000197008	1.476	3	5.0918	2.2905625e-07	23	0	23	0	0	0
ENSG00000152926	1.717	0	1.0193	7.27821e-08	22	0	22	0	0	0
ENSG00000146757	1.841	6	5.4263	3.8530025e-07	1	0	1	0	0	0
ENSG00000136247	1.526	13	13.483	1.061213e-06	4	1	3	0	0	0
ENSG00000146576	0.298	1	15.923	1.23656875e-06	1	0	1	1	0	1
ENSG00000198580	1.906	9	6.6011	9.0602425e-07	11	0	11	0	0	0
ENSG00000169402	0.596	7	22.074	1.6801925e-06	2	0	2	0	0	0
ENSG00000183166	0.725	5	14.499	1.466697e-06	7	0	7	0	0	0
ENSG00000155428	1.273	4	7.1573	5.15632e-07	11	0	11	0	0	0
ENSG00000130305	1.233	17	20.673	2.278335e-06	3	2	1	0	0	0
ENSG00000146755	1.254	17	20.333	1.920555e-06	1	0	1	0	0	0
ENSG00000077800	1.031	12	18.858	1.85322e-06	1	0	1	0	0	0
ENSG00000106635	0.714	3	10.852	9.1573925e-07	1	1	0	0	0	0
ENSG00000106638	0.858	9	18.31	1.73128e-06	2	0	2	0	0	0
ENSG00000009950	0.473	9	33.234	2.693735e-06	2	0	2	0	0	0
ENSG00000215018	1.038	55	66.335	5.3521275e-06	3	0	3	1	0	1
ENSG00000071462	0.758	10	22.39	2.49642e-06	2	0	2	0	0	0
ENSG00000165171	1.019	3	7.6031	5.4422425e-07	9	0	9	0	0	0
ENSG00000175877	1.638	12	11.68	1.11211625e-06	2	1	1	0	0	0
ENSG00000086730	0.835	9	18.802	1.33793975e-06	1	0	1	0	0	0
ENSG00000158517	1.133	9	13.859	1.137191e-06	10	0	10	0	0	0
ENSG00000127946	0.33	14	66.389	6.0606525e-06	1	0	1	1	0	1
ENSG00000006606	1.754	3	3.7588	4.332555e-07	6	2	4	4	2	2
ENSG00000106178	1.84	3	3.1549	3.6717675e-07	2	0	2	0	0	0
ENSG00000164654	0.7	22	44.856	4.6040725e-06	1	0	1	0	0	0
ENSG00000127952	1.414	13	14.595	1.141412e-06	1	0	1	0	0	0
ENSG00000106211	1.872	9	7.1707	5.3239875e-07	7	0	7	1	0	1
ENSG00000146700	1.183	20	24.562	2.26393e-06	5	0	5	1	0	1
ENSG00000188372	1.085	8	13.303	1.1750795e-06	3	0	3	1	0	1
ENSG00000127951	1.008	9	15.574	1.23231425e-06	4	1	3	1	0	1
ENSG00000135205	1.072	45	53.819	5.0563225e-06	2	0	2	0	0	0
ENSG00000186088	1.001	42	54.252	4.133565e-06	2	0	2	1	0	1
ENSG00000164818	0.935	21	32.349	3.19657e-06	1	0	1	0	0	0
ENSG00000187257	0.374	6	31.638	2.9619025e-06	1	1	0	0	0	0
ENSG00000135218	1.995	66	23.431	1.65558675e-06	62	0	62	0	0	0
ENSG00000106415	0.575	6	20.605	1.8553975e-06	1	0	1	0	0	0
ENSG00000003147	0.577	11	31.563	2.733265e-06	2	1	1	0	0	0
ENSG00000019991	0.25	7	52.577	5.67155e-06	1	1	0	0	0	0
ENSG00000186472	0.124	15	185.52	1.756405e-05	5	0	5	0	0	0
ENSG00000153993	0.657	20	44.206	4.146295e-06	1	1	0	0	0	0
ENSG00000164659	0.577	17	44.167	3.4928775e-06	14	0	14	0	0	0
ENSG00000005469	1.197	39	42.573	4.5973725e-06	31	1	30	1	1	0
ENSG00000075303	1.035	13	19.96	1.62603975e-06	2	0	2	0	0	0
ENSG00000075142	1.462	15	15.768	1.56748175e-06	1	0	1	1	0	1
ENSG00000105963	0.439	5	23.954	2.4181975e-06	1	0	1	0	0	0
ENSG00000157214	0.967	14	22.63	2.48972e-06	5	1	4	0	0	0
ENSG00000105793	0.739	7	17.783	1.4186245e-06	9	0	9	0	0	0
ENSG00000058091	0.95	16	25.57	2.110835e-06	1	0	1	1	0	1
ENSG00000127914	0.404	71	213.99	1.9244075e-05	1	0	1	0	0	0
ENSG00000001630	1.011	14	21.651	1.52758325e-06	2	0	2	0	0	0
ENSG00000240720	1.815	3	3.3543	1.74535e-06	6	0	6	0	0	0
ENSG00000001629	0.207	5	50.701	4.5735875e-06	1	1	0	0	0	0
ENSG00000157259	0.653	2	9.6434	6.7504175e-07	1	0	1	0	0	0
ENSG00000127980	0.664	35	69.833	6.371365e-06	11	0	11	1	0	1
ENSG00000205413	1.243	51	51.808	4.8191425e-06	20	1	19	0	0	0
ENSG00000177409	0.783	32	54.899	4.9675475e-06	7	0	7	3	0	3
ENSG00000105825	1.223	6	9.6724	6.8197625e-07	5	0	5	0	0	0
ENSG00000127995	0.435	11	41.875	3.18518e-06	1	0	1	0	0	0
ENSG00000005421	1.29	17	19.773	1.9706375e-06	8	0	8	0	0	0
ENSG00000105852	1.262	12	15.407	1.09828075e-06	2	0	2	0	0	0
ENSG00000105854	1.027	9	15.286	1.18809425e-06	2	0	2	1	0	1
ENSG00000005981	1.414	16	17.175	1.50399925e-06	1	0	1	0	0	0
ENSG00000004799	1.241	19	22.462	1.95506e-06	1	0	1	0	0	0
ENSG00000158560	0.678	18	39.34	3.5180025e-06	1	1	0	1	1	0
ENSG00000004864	1.214	37	40.107	4.0931975e-06	9	0	9	1	0	1
ENSG00000196636	1.853	3	3.0342	3.4503325e-07	9	0	9	0	0	0
ENSG00000070669	0.74	13	27.92	2.4369575e-06	1	1	0	0	0	0
ENSG00000135175	1.386	3	5.4956	3.87997e-07	2	0	2	0	0	0
ENSG00000185467	1.343	23	24.254	2.4597375e-06	9	0	9	2	0	2
ENSG00000106246	1.115	20	26.058	2.72154e-06	1	0	1	0	0	0
ENSG00000198556	1.221	12	15.917	1.4105175e-06	6	0	6	0	0	0
ENSG00000196652	0.449	9	34.969	3.0680975e-06	1	0	1	0	0	0
ENSG00000221909	1.171	11	15.545	1.5171145e-06	11	0	11	0	0	0
ENSG00000106258	1.387	25	25.179	2.0306025e-06	10	0	10	1	0	1
ENSG00000160870	1.266	22	24.822	2.0885575e-06	2	0	2	0	0	0
ENSG00000160868	1.122	19	24.848	2.065275e-06	8	0	8	0	0	0
ENSG00000021461	1.112	20	26.135	2.268285e-06	11	0	11	0	0	0
ENSG00000146833	1.377	16	17.638	1.68103e-06	2	0	2	0	0	0
ENSG00000176402	1.348	6	8.7463	7.786405e-07	4	0	4	0	0	0
ENSG00000160862	1.475	9	10.583	7.5383375e-07	1	0	1	0	0	0
ENSG00000132554	0.956	56	73.208	5.87925e-06	25	0	25	2	0	2
ENSG00000147669	1.879	4	3.5259	2.4801725e-07	1	0	1	0	0	0
ENSG00000104450	0.761	21	39.728	3.08669e-06	2	0	2	0	0	0
ENSG00000175806	1.917	19	12.744	1.049086e-06	6	0	6	0	0	0
ENSG00000174226	1.095	23	29.747	2.36979e-06	3	0	3	0	0	0
ENSG00000048392	0.699	8	20.663	1.779185e-06	1	0	1	0	0	0
ENSG00000155087	0.271	0	11.048	1.30494225e-06	4	0	4	0	0	0
ENSG00000155097	0.765	10	22.182	1.671382e-06	1	0	1	0	0	0
ENSG00000164932	1.399	8	10.282	8.09561e-07	2	0	2	0	0	0
ENSG00000164933	1.319	14	16.589	1.310788e-06	1	0	1	0	0	0
ENSG00000164934	0.852	20	34.092	3.6962225e-06	1	1	0	0	0	0
ENSG00000176406	0.204	8	70.657	8.711005e-06	3	0	3	0	0	0
ENSG00000164935	1.156	11	15.755	1.43515675e-06	7	0	7	0	0	0
ENSG00000147647	1.169	19	23.852	2.412335e-06	9	0	9	0	0	0
ENSG00000184647	1.88	14	10.387	7.4123775e-07	4	0	4	0	0	0
ENSG00000183638	1.954	12	6.9909	6.38443e-07	38	0	38	0	0	0
ENSG00000171060	1.943	14	8.7257	6.22698e-07	24	0	24	2	0	2
ENSG00000174429	1.172	10	14.476	1.35783875e-06	1	1	0	0	0	0
ENSG00000254093	1.757	12	10.595	7.66748e-07	10	0	10	0	0	0
ENSG00000147655	0.762	5	13.792	1.39509075e-06	1	0	1	0	0	0
ENSG00000104412	0.67	8	21.56	1.7679625e-06	5	0	5	1	0	1
ENSG00000174417	0.638	3	12.152	1.0473105e-06	4	0	4	0	0	0
ENSG00000120526	1.006	21	30.052	2.7227125e-06	1	1	0	0	0	0
ENSG00000205038	1.057	174	186.63	1.6070285e-05	50	0	50	11	0	11
ENSG00000104643	0.565	11	32.212	3.085685e-06	1	0	1	1	0	1
ENSG00000154319	1.97	13	6.4722	4.6472875e-07	1	0	1	0	0	0
ENSG00000136573	1.168	23	27.905	2.4332725e-06	3	0	3	0	0	0
ENSG00000104447	0.114	1	41.609	3.92151e-06	1	1	0	0	0	0
ENSG00000147677	0.63	7	20.878	1.7270925e-06	2	0	2	0	0	0
ENSG00000205002	1.103	1	4.2612	3.210975e-07	9	0	9	0	0	0
ENSG00000164756	1.549	14	14.057	1.32185975e-06	3	0	3	0	0	0
ENSG00000154328	1.736	15	12.942	1.04391025e-06	2	0	2	0	0	0
ENSG00000182197	0.261	4	35.012	2.69876e-06	1	1	0	0	0	0
ENSG00000079459	1.575	21	19.14	1.50024725e-06	1	0	1	1	0	1
ENSG00000164733	1.331	17	19.16	1.3669675e-06	5	0	5	0	0	0
ENSG00000184374	0.965	6	12.275	9.7503425e-07	1	0	1	1	0	1
ENSG00000205884	1.891	1	1.0217	7.289265e-08	2	0	2	0	0	0
ENSG00000205883	1.98	6	1.0305	7.3510725e-08	4	0	4	0	0	0
ENSG00000136982	0.668	7	19.69	1.55709675e-06	1	0	1	1	0	1
ENSG00000155792	1.427	18	18.697	1.60821775e-06	3	0	3	0	0	0
ENSG00000156787	0.857	40	60.731	5.6020375e-06	7	0	7	1	0	1
ENSG00000189376	1.611	20	17.953	1.6032095e-06	1	0	1	1	0	1
ENSG00000156802	0.273	13	75.76	8.065795e-06	1	0	1	0	0	0
ENSG00000145002	1.736	8	7.8445	6.80586e-07	3	0	3	0	0	0
ENSG00000170881	0.438	5	24.006	2.4657675e-06	2	2	0	0	0	0
ENSG00000147684	1.044	8	13.821	1.44580975e-06	1	0	1	0	0	0
ENSG00000104549	0.314	3	24.679	2.1180375e-06	1	1	0	0	0	0
ENSG00000164961	0.745	39	68.346	6.22296e-06	1	0	1	0	0	0
ENSG00000156831	0.862	4	10.624	7.446045e-07	2	0	2	0	0	0
ENSG00000173334	0.462	1	10.276	1.04886825e-06	11	0	11	0	0	0
ENSG00000168672	1.451	6	8.0791	5.797175e-07	3	1	2	1	0	1
ENSG00000147697	1.25	22	25.14	1.9458475e-06	7	0	7	0	0	0
ENSG00000250305	1.964	9	4.559	4.8188075e-07	1	0	1	1	0	1
ENSG00000155897	0.535	20	54.334	4.89368e-06	3	0	3	0	0	0
ENSG00000253117	1.273	19	21.896	1.80163e-06	10	0	10	0	0	0
ENSG00000258417	1.278	29	30.929	1.4601e-06	6	0	6	0	0	0
ENSG00000132297	1.097	21	27.565	1.89007e-06	1	0	1	0	0	0
ENSG00000129295	1.084	19	25.718	2.267615e-06	1	0	1	0	0	0
ENSG00000165071	1.446	16	16.786	1.47937675e-06	25	0	25	0	0	0
ENSG00000042832	0.896	110	143.87	1.3679725e-05	14	0	14	2	0	2
ENSG00000164743	1.651	6	6.8612	4.7417575e-07	3	0	3	0	0	0
ENSG00000169436	0.922	83	108.05	9.8190175e-06	5	0	5	1	0	1
ENSG00000169398	0.243	10	69.669	6.2985025e-06	1	1	0	1	1	0
ENSG00000105339	0.662	28	57.992	4.853145e-06	1	0	1	1	0	1
ENSG00000022567	0.713	11	25.544	1.98253e-06	1	0	1	0	0	0
ENSG00000204882	0.868	1	5.4581	3.929885e-07	1	1	0	0	0	0
ENSG00000226490	1.905	2	1.6544	1.1981945e-07	9	0	9	0	0	0
ENSG00000171045	0.833	14	26.282	2.308485e-06	8	0	8	1	0	1
ENSG00000167653	1.663	1	2.3337	1.64925525e-07	5	0	5	1	0	1
ENSG00000160886	1.634	3	4.3808	4.4405925e-07	9	0	9	0	0	0
ENSG00000130193	1.706	2	3.1308	2.2550525e-07	2	0	2	0	0	0
ENSG00000126233	1.306	1	3.5133	2.547005e-07	2	0	2	0	0	0
ENSG00000197353	1.33	1	3.4342	2.4388e-07	4	0	4	0	0	0
ENSG00000167656	1.871	2	2.0658	1.4659935e-07	1	0	1	0	0	0
ENSG00000104499	1.465	1	3.0012	2.116195e-07	2	0	2	0	0	0
ENSG00000160882	0.955	13	21.641	1.8962675e-06	1	0	1	0	0	0
ENSG00000177335	1.887	10	7.6158	7.1018325e-07	1	0	1	0	0	0
ENSG00000261667	1.687	2	3.2153	2.300445e-07	1	0	1	0	0	0
ENSG00000250571	0.984	6	12.033	8.705645e-07	3	0	3	0	0	0
ENSG00000185730	0.911	2	6.904	5.020645e-07	1	0	1	1	0	1
ENSG00000184428	1.68	45	34.269	3.306785e-06	11	0	11	0	0	0
ENSG00000158106	1.114	22	28.201	2.3163575e-06	4	0	4	0	0	0
ENSG00000182759	1.646	4	5.2064	3.73659e-07	14	0	14	0	0	0
ENSG00000104518	1.446	20	20.092	1.57548825e-06	3	0	3	3	0	3
ENSG00000204839	1.354	27	27.503	2.3897225e-06	1	0	1	0	0	0
ENSG00000104524	1.426	8	10.072	8.8528775e-07	3	0	3	0	0	0
ENSG00000183309	1.243	10	13.647	1.148045e-06	3	0	3	0	0	0
ENSG00000181135	1.114	6	10.631	7.6227575e-07	2	0	2	0	0	0
ENSG00000181085	1.506	30	27.005	2.626065e-06	14	0	14	0	0	0
ENSG00000180900	0.319	14	68.614	5.5856225e-06	1	0	1	1	0	1
ENSG00000178209	0.392	55	175.86	1.47579225e-05	4	0	4	2	0	2
ENSG00000186583	1.246	15	18.537	2.0282575e-06	20	0	20	0	0	0
ENSG00000179091	0.639	4	14.318	1.32514275e-06	1	0	1	1	0	1
ENSG00000179698	0.862	47	69.516	5.88528e-06	19	0	19	0	0	0
ENSG00000235173	1.686	3	4.129	4.27393e-07	1	0	1	0	0	0
ENSG00000179832	0.486	6	24.344	2.1401475e-06	2	0	2	0	0	0
ENSG00000185000	1.218	28	31.517	2.65588e-06	3	0	3	0	0	0
ENSG00000185803	0.975	6	12.14	8.83596e-07	1	0	1	1	0	1
ENSG00000147804	0.633	8	22.818	1.763775e-06	5	0	5	1	0	1
ENSG00000160972	0.647	8	22.326	2.1059775e-06	3	0	3	0	0	0
ENSG00000160959	1.034	8	13.957	1.296852e-06	2	0	2	0	0	0
ENSG00000197363	1.33	7	9.8602	7.0408625e-07	7	0	7	0	0	0
ENSG00000170619	1.813	7	6.4392	7.5520725e-07	2	0	2	0	0	0
ENSG00000170631	1.253	20	23.187	2.4989325e-06	3	0	3	1	0	1
ENSG00000182307	1.837	12	9.7017	8.3182175e-07	1	0	1	0	0	0
ENSG00000104723	0.95	12	20.468	1.893085e-06	1	0	1	0	0	0
ENSG00000038945	1.701	27	21.723	1.764445e-06	1	0	1	0	0	0
ENSG00000003987	0.982	27	37.911	3.574115e-06	2	0	2	0	0	0
ENSG00000104213	1.795	19	14.985	1.1734715e-06	2	0	2	0	0	0
ENSG00000129422	0.695	26	51.88	4.337915e-06	5	1	4	0	0	0
ENSG00000104760	1.934	31	19.431	1.55200475e-06	2	0	2	0	0	0
ENSG00000171428	1.901	13	9.3302	1.16668775e-06	1	0	1	0	0	0
ENSG00000156006	1.793	8	7.3584	6.31609e-07	1	0	1	0	0	0
ENSG00000104611	1.416	32	30.358	3.3099675e-06	6	0	6	0	0	0
ENSG00000176595	1.005	3	7.713	6.4998375e-07	2	0	2	0	0	0
ENSG00000036565	1.69	28	22.57	2.070635e-06	3	0	3	1	0	1
ENSG00000036448	1.484	114	89.751	8.5403225e-06	16	0	16	0	0	0
ENSG00000147443	1.071	10	15.844	1.38185825e-06	3	0	3	2	0	2
ENSG00000158863	0.775	18	34.458	2.7485075e-06	9	0	9	0	0	0
ENSG00000168453	0.658	25	53.069	5.0335425e-06	2	0	2	0	0	0
ENSG00000168495	1.246	18	21.416	2.59424e-06	3	0	3	0	0	0
ENSG00000197181	0.605	22	51.967	4.6067525e-06	2	0	2	0	0	0
ENSG00000120910	0.464	7	28.341	2.633435e-06	2	0	2	0	0	0
ENSG00000120896	0.802	25	43.558	3.8905225e-06	3	0	3	1	0	1
ENSG00000120913	0.744	7	17.682	1.7170425e-06	1	1	0	0	0	0
ENSG00000147439	1.597	18	16.625	1.4808675e-06	2	0	2	1	0	1
ENSG00000134020	1.287	8	11.204	9.6133275e-07	3	0	3	0	0	0
ENSG00000120889	0.848	9	18.51	1.49946e-06	1	0	1	0	0	0
ENSG00000173535	1.798	8	7.3137	5.16637e-07	2	0	2	0	0	0
ENSG00000173530	1.17	14	18.705	1.49619375e-06	5	0	5	0	0	0
ENSG00000104689	1.557	21	19.374	1.5611335e-06	2	0	2	1	0	1
ENSG00000104679	1.335	7	9.8238	6.904685e-07	1	0	1	0	0	0
ENSG00000134013	0.65	18	41.082	3.494385e-06	1	1	0	1	1	0
ENSG00000197217	1.075	29	36.775	4.81462e-06	13	0	13	1	0	1
ENSG00000180053	1.035	4	8.8389	6.8412025e-07	2	0	2	0	0	0
ENSG00000159167	0.695	3	11.162	1.25676925e-06	1	0	1	0	0	0
ENSG00000042980	1.162	39	43.831	3.4195125e-06	3	0	3	0	0	0
ENSG00000134028	1.288	25	27.116	2.30413e-06	5	0	5	1	0	1
ENSG00000069206	1.031	35	44.987	3.5994075e-06	15	0	15	0	0	0
ENSG00000172748	1.544	19	18.01	1.8252475e-06	5	1	4	1	0	1
ENSG00000147459	0.441	36	107.72	9.610815e-06	2	0	2	0	0	0
ENSG00000184661	1.04	21	29.066	2.370125e-06	3	0	3	1	0	1
ENSG00000253903	1.923	1	0.59181	4.17209e-08	1	0	1	0	0	0
ENSG00000120915	1.315	33	33.549	2.6269025e-06	5	0	5	0	0	0
ENSG00000168077	1.045	15	22.1	1.9756625e-06	4	0	4	1	0	1
ENSG00000168078	1.213	11	15.004	1.32246275e-06	1	0	1	0	0	0
ENSG00000134014	1.025	26	35.214	3.56574e-06	3	0	3	0	0	0
ENSG00000214050	1.276	13	16.2	1.75138e-06	7	0	7	0	0	0
ENSG00000133872	0.83	7	15.839	1.116354e-06	1	0	1	0	0	0
ENSG00000177669	1.153	13	17.924	1.6818675e-06	12	0	12	0	0	0
ENSG00000104687	0.909	13	22.744	1.9093325e-06	8	0	8	0	0	0
ENSG00000133863	0.778	53	85.636	6.975035e-06	56	4	52	0	0	0
ENSG00000165392	0.945	63	82.188	7.127795e-06	1	0	1	0	0	0
ENSG00000157168	0.269	3	28.788	2.5753125e-06	1	1	0	0	0	0
ENSG00000172728	1.084	16	22.427	2.3652675e-06	2	0	2	0	0	0
ENSG00000129696	1.045	13	19.778	1.58674425e-06	2	1	1	0	0	0
ENSG00000133874	0.776	3	9.9967	8.5001225e-07	1	1	0	0	0	0
ENSG00000156687	0.331	7	39.774	3.2958975e-06	1	0	1	0	0	0
ENSG00000215262	0.812	34	55.728	4.8814525e-06	27	0	27	1	0	1
ENSG00000147471	0.696	5	15.097	1.38346625e-06	1	0	1	0	0	0
ENSG00000104221	1.203	20	24.163	3.1793175e-06	1	0	1	0	0	0
ENSG00000169154	1.278	16	19.018	1.42503975e-06	9	0	9	0	0	0
ENSG00000188778	1.683	10	9.7818	7.0917825e-07	12	0	12	1	0	1
ENSG00000147465	1.613	15	14.193	1.187977e-06	1	0	1	0	0	0
ENSG00000156735	0.747	10	22.706	1.789235e-06	3	0	3	0	0	0
ENSG00000085788	0.769	23	42.367	3.960035e-06	1	0	1	1	0	1
ENSG00000147548	0.142	5	74.135	6.6690125e-06	1	0	1	0	0	0
ENSG00000165046	1.615	26	22.266	2.272975e-06	2	0	2	0	0	0
ENSG00000077782	0.169	2	37.208	3.9183275e-06	4	0	4	0	0	0
ENSG00000169495	1.338	19	20.833	2.0208875e-06	2	0	2	0	0	0
ENSG00000197140	0.922	30	44.119	3.546645e-06	10	0	10	0	0	0
ENSG00000168619	1.569	47	38.193	2.706465e-06	5	0	5	0	0	0
ENSG00000104755	1.176	36	40.428	2.847835e-06	13	0	13	0	0	0
ENSG00000176907	1.796	3	3.4951	5.0797725e-07	2	0	2	0	0	0
ENSG00000147536	1.075	8	13.429	1.1177945e-06	2	0	2	0	0	0
ENSG00000029534	0.169	9	92.786	8.4528875e-06	16	0	16	16	0	16
ENSG00000083168	0.069	2	91.569	9.55487e-06	5	1	4	0	0	0
ENSG00000104368	0.632	13	32.724	2.5816775e-06	2	1	1	1	0	1
ENSG00000104371	1.247	6	9.4793	8.1269325e-07	2	0	2	0	0	0
ENSG00000147432	0.955	11	19.058	1.6348335e-06	9	0	9	0	0	0
ENSG00000147434	1.153	14	18.986	1.51823675e-06	14	0	14	0	0	0
ENSG00000185900	1.57	12	12.274	1.27090625e-06	1	1	0	0	0	0
ENSG00000164808	1.085	30	37.505	3.1967375e-06	1	0	1	0	0	0
ENSG00000147485	1.091	58	66.153	6.3075475e-06	11	1	10	3	1	2
ENSG00000047249	0.614	11	29.632	2.664925e-06	5	0	5	0	0	0
ENSG00000137547	1.382	10	12.248	1.17057375e-06	2	0	2	1	0	1
ENSG00000180190	1.649	8	8.491	9.681835e-07	13	0	13	0	0	0
ENSG00000104237	0.704	30	57.766	4.9461075e-06	5	0	5	0	0	0
ENSG00000137574	0.908	25	38.444	2.836445e-06	3	0	3	0	0	0
ENSG00000170786	0.88	5	11.946	8.384715e-07	1	0	1	0	0	0
ENSG00000181195	1.248	7	10.523	1.04618825e-06	1	0	1	0	0	0
ENSG00000167910	0.824	9	19.049	1.6755025e-06	1	0	1	0	0	0
ENSG00000137575	1.031	7	12.757	8.9577325e-07	2	2	0	0	0	0
ENSG00000035681	0.7	29	56.454	4.1558425e-06	1	0	1	0	0	0
ENSG00000137563	0.495	3	15.659	1.10012325e-06	1	0	1	0	0	0
ENSG00000137561	1.091	6	10.848	8.8016225e-07	4	0	4	0	0	0
ENSG00000147316	1.441	42	37.685	2.98217e-06	1	0	1	0	0	0
ENSG00000104442	0.466	2	13.497	1.33311575e-06	1	0	1	0	0	0
ENSG00000066855	1.452	17	17.542	1.63434775e-06	1	1	0	0	0	0
ENSG00000147570	1.583	9	9.7641	6.93316e-07	10	0	10	0	0	0
ENSG00000147573	1.172	24	28.803	2.35639e-06	3	0	3	0	0	0
ENSG00000104205	0.761	15	30.346	2.55337e-06	2	0	2	0	0	0
ENSG00000178460	0.959	18	27.837	2.3002775e-06	17	0	17	0	0	0
ENSG00000178125	1.488	8	9.6207	9.1319325e-07	3	0	3	0	0	0
ENSG00000104218	0.931	55	73.946	7.198815e-06	3	0	3	0	0	0
ENSG00000104714	1.639	20	17.606	1.53207225e-06	3	0	3	0	0	0
ENSG00000155189	0.979	11	18.593	1.757745e-06	1	0	1	0	0	0
ENSG00000046889	0.611	41	87.042	6.74891e-06	1	0	1	0	0	0
ENSG00000164825	1.689	0	1.111	7.8870725e-08	20	0	20	0	0	0
ENSG00000164822	1.971	6	2.1657	1.542206e-07	21	0	21	0	0	0
ENSG00000147596	0.6	7	21.929	1.8594175e-06	3	0	3	1	0	1
ENSG00000067167	0.361	3	21.498	1.9146925e-06	2	1	1	0	0	0
ENSG00000221947	1.559	13	13.17	9.25337e-07	16	0	16	0	0	0
ENSG00000104321	1.157	55	59.491	5.0995375e-06	14	0	14	1	0	1
ENSG00000182674	0.262	3	29.617	3.07999e-06	1	0	1	0	0	0
ENSG00000164764	1.158	10	14.641	1.35924575e-06	1	0	1	0	0	0
ENSG00000040341	0.45	6	26.291	2.6171875e-06	1	0	1	0	0	0
ENSG00000175606	0.92	4	9.9469	1.08578525e-06	2	0	2	0	0	0
ENSG00000177257	1.93	1	0.44846	3.1531875e-08	1	0	1	0	0	0
ENSG00000164871	1.862	5	4.4612	1.535975e-07	1	0	1	0	0	0
ENSG00000187082	1.911	1	0.77175	5.42097e-08	11	0	11	0	0	0
ENSG00000121005	0.808	20	35.953	3.383835e-06	1	0	1	1	0	1
ENSG00000164751	1.198	7	10.969	1.0611125e-06	1	0	1	0	0	0
ENSG00000178287	1.951	5	2.7101	1.915865e-07	1	0	1	0	0	0
ENSG00000171711	1.967	3	0.57954	4.1987225e-08	1	0	1	0	0	0
ENSG00000205189	0.376	4	24.361	2.9076325e-06	1	0	1	1	0	1
ENSG00000164687	1.106	3	6.9955	6.1705325e-07	2	0	2	1	0	1
ENSG00000205186	1.956	10	5.659	3.9739375e-07	1	0	1	0	0	0
ENSG00000170323	1.864	6	5.1706	3.6381e-07	1	0	1	0	0	0
ENSG00000197416	1.643	4	5.2228	3.6647325e-07	3	0	3	1	0	1
ENSG00000253598	1.806	10	8.674	6.01258e-07	17	0	17	0	0	0
ENSG00000104231	1.265	13	16.342	1.54245725e-06	4	0	4	0	0	0
ENSG00000164695	1.41	11	12.886	1.255044e-06	2	0	2	0	0	0
ENSG00000104497	1.624	16	14.831	1.15218225e-06	13	0	13	0	0	0
ENSG00000184672	0.541	3	14.342	1.16223225e-06	3	3	0	0	0	0
ENSG00000133739	0.965	39	52.773	4.3846475e-06	3	0	3	0	0	0
ENSG00000185015	1.163	11	15.652	1.3691785e-06	1	0	1	0	0	0
ENSG00000164879	0.85	7	15.471	1.3921595e-06	1	0	1	0	0	0
ENSG00000147613	1.702	12	11.109	8.9282525e-07	18	0	18	0	0	0
ENSG00000147614	1.404	17	18.149	1.69041e-06	2	0	2	0	0	0
ENSG00000164893	1.73	18	15.114	1.33063675e-06	1	0	1	0	0	0
ENSG00000123124	0.248	8	58.197	4.9243325e-06	1	1	0	0	0	0
ENSG00000170289	1.018	34	44.472	4.1189925e-06	13	0	13	0	0	0
ENSG00000156103	0.35	5	30.055	2.66794e-06	1	1	0	1	1	0
ENSG00000147324	0.824	19	33.816	3.3809875e-06	1	0	1	0	0	0
ENSG00000164823	0.409	4	22.37	2.7143375e-06	20	0	20	1	0	1
ENSG00000104320	1.01	30	40.274	3.2567025e-06	4	1	3	0	0	0
ENSG00000104325	1.676	19	16.452	1.30410475e-06	4	0	4	0	0	0
ENSG00000104626	1.073	10	15.805	1.27774025e-06	8	0	8	0	0	0
ENSG00000155099	0.894	8	16.142	1.8202225e-06	1	0	1	1	0	1
ENSG00000155100	1.323	12	14.688	1.156755e-06	3	0	3	0	0	0
ENSG00000147606	0.802	20	36.238	2.98016e-06	7	0	7	0	0	0
ENSG00000205133	1.759	3	3.7306	4.0523275e-07	1	0	1	0	0	0
ENSG00000183808	0.539	10	31.481	3.7521675e-06	2	0	2	0	0	0
ENSG00000079112	0.963	27	38.683	3.30712e-06	9	0	9	0	0	0
ENSG00000164949	1.263	14	17.331	2.26594e-06	2	0	2	0	0	0
ENSG00000197275	0.862	26	41.855	3.629725e-06	10	1	9	1	0	1
ENSG00000164944	0.283	15	81.532	7.503665e-06	2	0	2	2	0	2
ENSG00000156162	1.074	37	45.333	4.228705e-06	12	0	12	1	0	1
ENSG00000164938	1.384	6	8.509	6.026315e-07	1	0	1	0	0	0
ENSG00000156172	1.423	8	10.094	7.0646475e-07	2	0	2	0	0	0
ENSG00000156467	0.943	3	8.217	8.55523e-07	1	0	1	0	0	0
ENSG00000156469	1.276	14	17.147	1.325595e-06	4	0	4	0	0	0
ENSG00000104324	1.479	21	20.426	1.8208925e-06	9	0	9	0	0	0
ENSG00000173273	0.404	16	60.169	5.1491175e-06	1	0	1	0	0	0
ENSG00000147649	0.431	7	30.513	2.4443275e-06	1	1	0	1	1	0
ENSG00000132561	0.903	29	43.811	3.836755e-06	4	0	4	0	0	0
ENSG00000177459	1.207	9	13.006	1.0853665e-06	2	0	2	0	0	0
ENSG00000132541	0.977	3	7.9364	5.5950025e-07	3	1	2	0	0	0
ENSG00000104356	0.758	29	52.152	5.0261725e-06	5	0	5	0	0	0
ENSG00000156486	0.774	4	11.829	8.67449e-07	1	0	1	0	0	0
ENSG00000132549	0.64	103	189.62	1.66479925e-05	10	0	10	0	0	0
ENSG00000119509	0.916	33	48.17	4.91512e-06	5	0	5	0	0	0
ENSG00000170681	1.267	8	11.385	1.094445e-06	2	0	2	0	0	0
ENSG00000155827	0.615	27	60.54	6.666165e-06	1	0	1	1	0	1
ENSG00000198785	0.386	9	40.734	3.5759575e-06	4	0	4	0	0	0
ENSG00000155833	1.461	9	10.692	7.4813875e-07	1	0	1	0	0	0
ENSG00000186881	1.833	7	6.2349	5.58043e-07	3	0	3	0	0	0
ENSG00000148136	1.932	10	6.6047	7.742185e-07	15	0	15	0	0	0
ENSG00000186943	1.856	6	5.269	3.7514975e-07	1	0	1	0	0	0
ENSG00000136839	1.47	3	5.1165	3.5498275e-07	3	0	3	0	0	0
ENSG00000136783	1.808	16	12.801	9.1275775e-07	2	0	2	0	0	0
ENSG00000165029	0.486	44	116.52	1.0580305e-05	1	1	0	0	0	0
ENSG00000106692	0.842	14	26.004	2.3599075e-06	11	0	11	0	0	0
ENSG00000148143	0.085	3	91.22	9.28285e-06	4	0	4	4	0	4
ENSG00000070061	0.735	47	81.51	7.0867575e-06	1	1	0	0	0	0
ENSG00000119328	1.466	9	10.651	8.9885525e-07	5	0	5	0	0	0
ENSG00000119326	0.816	22	38.494	3.253185e-06	2	0	2	0	0	0
ENSG00000106771	0.593	17	43.014	3.4051075e-06	1	0	1	0	0	0
ENSG00000157654	0.544	16	44.662	4.1437825e-06	2	1	1	0	0	0
ENSG00000188959	1.051	4	8.7061	7.60383e-07	3	0	3	0	0	0
ENSG00000165124	0.248	28	154.55	1.3027145e-05	1	1	0	0	0	0
ENSG00000030304	0.728	19	38.292	3.658535e-06	5	0	5	0	0	0
ENSG00000136813	0.198	15	116.64	1.1047295e-05	16	0	16	1	0	1
ENSG00000242616	1.959	5	2.3513	1.662471e-07	1	0	1	0	0	0
ENSG00000165181	0.846	45	68.188	5.0914975e-06	1	1	0	0	0	0
ENSG00000106868	0.917	24	36.8	3.302765e-06	19	0	19	0	0	0
ENSG00000148153	1.348	0	1.9997	4.3377475e-07	6	0	6	0	0	0
ENSG00000119457	1.63	16	14.77	1.245999e-06	2	0	2	0	0	0
ENSG00000136866	1.318	20	22.041	1.70046e-06	1	0	1	0	0	0
ENSG00000119321	0.607	31	68.943	5.9695325e-06	3	0	3	0	0	0
ENSG00000148225	1.231	17	20.719	1.566862e-06	13	0	13	0	0	0
ENSG00000119431	1.372	5	7.6059	8.394095e-07	3	0	3	0	0	0
ENSG00000138835	0.58	13	35.609	4.7963625e-06	1	0	1	0	0	0
ENSG00000229314	1.29	9	12.161	1.12531525e-06	1	0	1	0	0	0
ENSG00000106948	0.573	15	40.292	5.3387275e-06	1	0	1	1	0	1
ENSG00000095397	0.709	7	18.546	2.45354e-06	2	1	1	0	0	0
ENSG00000157693	1.235	13	16.737	1.35917875e-06	1	0	1	0	0	0
ENSG00000106952	0.525	1	9.0341	6.394815e-07	1	0	1	1	0	1
ENSG00000182752	0.354	17	72.101	6.18745e-06	1	0	1	1	0	1
ENSG00000136869	0.992	17	25.708	2.288385e-06	15	0	15	0	0	0
ENSG00000095261	1.037	15	22.266	1.81168e-06	1	0	1	1	0	1
ENSG00000106804	0.695	54	97.482	8.6810225e-06	6	1	5	1	0	1
ENSG00000175764	1.071	16	22.68	1.61759775e-06	1	0	1	0	0	0
ENSG00000119421	0.724	2	8.6953	7.3641375e-07	3	0	3	0	0	0
ENSG00000095303	0.816	15	28.315	2.58754e-06	5	0	5	0	0	0
ENSG00000136834	1.83	6	5.5371	3.910455e-07	11	0	11	0	0	0
ENSG00000197233	1.889	1	1.04	7.539175e-08	7	0	7	0	0	0
ENSG00000239590	1.41	2	4.3215	3.090375e-07	2	1	1	0	0	0
ENSG00000171501	1.814	7	6.429	4.68129e-07	10	0	10	0	0	0
ENSG00000165202	1.772	5	5.2631	3.809955e-07	12	0	12	0	0	0
ENSG00000173679	1.839	0	0.47217	3.2144925e-08	7	0	7	0	0	0
ENSG00000171481	1.905	5	3.8797	3.4734475e-07	10	0	10	0	0	0
ENSG00000136939	1.907	6	4.5416	3.2861825e-07	2	0	2	0	0	0
ENSG00000148215	1.742	6	6.2635	7.27687e-07	5	0	5	0	0	0
ENSG00000165204	1.554	5	6.5744	6.13117e-07	2	0	2	0	0	0
ENSG00000056586	0.169	5	62.249	5.9243075e-06	1	1	0	0	0	0
ENSG00000165209	0.218	3	35.584	3.1776425e-06	1	1	0	0	0	0
ENSG00000148204	0.845	21	35.797	3.9685775e-06	1	0	1	0	0	0
ENSG00000119522	0.229	5	45.936	3.96439e-06	1	1	0	0	0	0
ENSG00000136931	0.426	1	11.135	1.31117325e-06	5	2	3	0	0	0
ENSG00000185585	1.212	15	19.055	2.309155e-06	11	0	11	0	0	0
ENSG00000136950	0.718	1	6.6094	6.091305e-07	2	0	2	2	0	2
ENSG00000173611	0.151	2	41.592	4.2794575e-06	1	1	0	0	0	0
ENSG00000136933	1.51	14	14.448	1.68974e-06	2	0	2	0	0	0
ENSG00000167081	0.497	4	18.425	1.9883925e-06	1	0	1	0	0	0
ENSG00000107165	1.934	16	10.331	1.8232375e-06	2	0	2	0	0	0
ENSG00000136856	1.459	7	8.933	1.27000175e-06	15	0	15	0	0	0
ENSG00000196152	0.686	7	19.162	1.658116e-06	2	0	2	0	0	0
ENSG00000167094	1.146	30	35.495	2.9129925e-06	3	0	3	1	0	1
ENSG00000106992	0.929	4	9.8524	8.4957675e-07	12	0	12	12	0	12
ENSG00000160408	0.815	7	16.133	1.5767445e-06	13	0	13	1	0	1
ENSG00000136840	1.387	11	13.109	1.2218455e-06	4	1	3	0	0	0
ENSG00000148334	1.531	9	10.152	1.7448475e-06	2	0	2	0	0	0
ENSG00000171159	1.916	2	1.4879	1.06799675e-07	2	0	2	0	0	0
ENSG00000148337	0.408	13	50.715	4.2751025e-06	1	1	0	0	0	0
ENSG00000167112	1.246	10	13.607	1.10555025e-06	1	0	1	0	0	0
ENSG00000167114	0.702	12	27.699	2.3163575e-06	7	0	7	0	0	0
ENSG00000167123	0.819	14	26.734	1.9153625e-06	2	0	2	0	0	0
ENSG00000136811	0.449	14	48.695	4.55131e-06	1	1	0	0	0	0
ENSG00000119392	0.752	23	43.328	3.6885175e-06	1	0	1	0	0	0
ENSG00000197694	0.111	9	140.9	1.310855e-05	2	1	1	0	0	0
ENSG00000119333	0.993	14	22.038	1.8734875e-06	1	0	1	0	0	0
ENSG00000160447	0.95	36	50.039	4.5089325e-06	4	0	4	1	0	1
ENSG00000175287	1.474	19	18.888	1.57880475e-06	1	0	1	0	0	0
ENSG00000095319	0.297	20	97.862	8.084555e-06	1	0	1	0	0	0
ENSG00000179058	1.375	13	15.023	1.222415e-06	10	0	10	0	0	0
ENSG00000136816	0.759	4	12.063	8.631275e-07	3	0	3	0	0	0
ENSG00000136878	0.481	18	55.446	4.8245025e-06	1	0	1	0	0	0
ENSG00000187239	0.332	6	35.652	2.8811675e-06	1	0	1	1	0	1
ENSG00000050555	0.841	48	72.59	5.9772375e-06	8	1	7	2	0	2
ENSG00000130714	0.939	30	43.344	4.6717425e-06	2	0	2	0	0	0
ENSG00000160563	1.016	10	16.702	1.43974625e-06	1	1	0	0	0	0
ENSG00000107290	0.296	21	102.31	9.4528625e-06	2	1	1	0	0	0
ENSG00000125482	0.94	25	37.157	3.4888575e-06	6	0	6	1	0	1
ENSG00000188523	1.289	12	15.084	1.217591e-06	2	0	2	1	0	1
ENSG00000125492	0.767	3	10.104	7.19111e-07	1	0	1	0	0	0
ENSG00000165695	1.19	19	23.43	1.6716165e-06	9	0	9	1	0	1
ENSG00000165698	1.616	7	7.9048	7.251075e-07	1	0	1	1	0	1
ENSG00000148288	1.398	7	9.3562	1.027311e-06	1	0	1	0	0	0
ENSG00000148303	0.643	2	9.7849	1.384354e-06	1	0	1	1	0	1
ENSG00000148291	1.381	9	11.344	1.10112825e-06	7	0	7	0	0	0
ENSG00000160323	0.679	34	66.639	5.5759075e-06	1	0	1	1	0	1
ENSG00000160325	1.851	6	5.3211	6.84941e-07	1	0	1	0	0	0
ENSG00000123454	1.005	19	27.753	2.215355e-06	1	0	1	0	0	0
ENSG00000123453	0.88	32	48.819	4.770065e-06	5	1	4	0	0	0
ENSG00000160339	1.527	16	15.867	1.59491825e-06	15	0	15	0	0	0
ENSG00000085265	1.815	22	16.698	1.643845e-06	8	0	8	0	0	0
ENSG00000122136	1.421	9	11.012	6.52245e-07	13	0	13	0	0	0
ENSG00000122133	1.735	11	10.08	7.1705075e-07	3	0	3	0	0	0
ENSG00000204007	1.174	2	5.3275	3.777125e-07	18	0	18	0	0	0
ENSG00000165643	0.886	7	14.835	1.27891275e-06	1	0	1	1	0	1
ENSG00000238227	1.534	1	2.7813	1.99928e-07	4	0	4	0	0	0
ENSG00000165684	0.976	53	68.282	6.413575e-06	2	0	2	0	0	0
ENSG00000165689	1.233	16	19.714	1.8356325e-06	6	0	6	0	0	0
ENSG00000172889	1.919	22	14.539	1.18628525e-06	3	1	2	0	0	0
ENSG00000177984	1.129	5	9.3079	6.61826e-07	2	0	2	0	0	0
ENSG00000244187	1.551	5	6.5936	4.6878225e-07	2	0	2	0	0	0
ENSG00000213213	0.985	18	27.109	1.931275e-06	3	0	3	0	0	0
ENSG00000196642	0.245	3	31.696	2.5391325e-06	4	0	4	0	0	0
ENSG00000054148	1.838	6	5.4551	3.9578575e-07	5	0	5	0	0	0
ENSG00000177943	1.326	74	67.698	6.084605e-06	7	0	7	0	0	0
ENSG00000184925	1.381	5	7.5551	8.192425e-07	10	0	10	0	0	0
ENSG00000198454	1.884	4	3.4655	2.4878775e-07	5	0	5	0	0	0
ENSG00000148362	1.06	5	9.9172	8.5600875e-07	1	0	1	0	0	0
ENSG00000054179	1.63	23	19.895	1.9096675e-06	1	0	1	0	0	0
ENSG00000186193	0.89	6	13.307	1.413097e-06	1	0	1	0	0	0
ENSG00000197355	1.099	9	14.295	1.34370175e-06	1	0	1	1	0	1
ENSG00000176978	1.605	30	25.311	2.216695e-06	5	0	5	0	0	0
ENSG00000198569	1.369	21	22.091	1.7621e-06	1	0	1	1	0	1
ENSG00000187609	0.999	30	40.713	3.0691025e-06	5	0	5	1	0	1
ENSG00000188747	1.032	17	24.699	2.0895625e-06	20	0	20	0	0	0
ENSG00000130653	1.048	57	67.82	5.974055e-06	23	0	23	0	0	0
ENSG00000148399	1.217	14	17.977	1.45016475e-06	1	1	0	0	0	0
ENSG00000155158	0.899	23	36.246	3.0349325e-06	1	0	1	1	0	1
ENSG00000164975	1.02	13	20.273	1.7924175e-06	1	0	1	0	0	0
ENSG00000164985	0.266	4	34.441	3.2680925e-06	3	0	3	0	0	0
ENSG00000164989	1.194	72	73.35	6.69866e-06	6	0	6	0	0	0
ENSG00000173068	0.376	6	31.469	4.0593625e-06	1	1	0	0	0	0
ENSG00000044459	1.187	75	76.551	6.5899525e-06	2	1	1	2	1	1
ENSG00000107295	0.789	10	21.499	2.10983e-06	1	1	0	0	0	0
ENSG00000147874	0.963	32	44.624	3.60594e-06	1	0	1	0	0	0
ENSG00000147872	1.308	14	16.729	1.184024e-06	1	0	1	0	0	0
ENSG00000188352	0.877	72	99.933	8.3513825e-06	7	0	7	0	0	0
ENSG00000176399	1.166	10	14.543	1.068516e-06	1	0	1	0	0	0
ENSG00000205442	1.945	12	7.4256	1.173907e-06	1	0	1	1	0	1
ENSG00000198680	1.736	2	2.9811	2.2235625e-07	1	0	1	0	0	0
ENSG00000147852	0.67	23	48.669	5.403215e-06	1	1	0	0	0	0
ENSG00000096872	0.88	26	40.977	3.5585375e-06	2	0	2	0	0	0
ENSG00000184434	1.777	16	13.178	9.259065e-07	12	0	12	0	0	0
ENSG00000168263	1.973	31	16.531	1.21958425e-06	1	0	1	0	0	0
ENSG00000120156	0.179	5	58.568	5.291995e-06	1	1	0	1	1	0
ENSG00000120162	1.077	4	8.4939	7.481555e-07	1	0	1	1	0	1
ENSG00000080608	1.376	38	36.203	3.0691025e-06	13	0	13	0	0	0
ENSG00000122729	0.932	35	49.804	5.0301925e-06	2	1	1	0	0	0
ENSG00000107201	1.159	32	37.075	4.0426125e-06	9	0	9	0	0	0
ENSG00000197579	0.242	4	37.774	4.4231725e-06	2	0	2	1	0	1
ENSG00000137074	1.342	15	17.199	1.89007e-06	1	0	1	0	0	0
ENSG00000086061	0.542	6	21.848	2.1927425e-06	1	0	1	0	0	0
ENSG00000122711	1.186	1	3.9376	2.7843525e-07	1	0	1	0	0	0
ENSG00000086102	0.411	15	56.212	5.6475975e-06	1	1	0	1	1	0
ENSG00000230453	0.825	22	38.094	3.2144925e-06	12	1	11	0	0	0
ENSG00000010438	1.917	14	9.5939	9.1503575e-07	1	1	0	0	0	0
ENSG00000137073	0.516	23	63.166	5.2948425e-06	2	0	2	1	0	1
ENSG00000164978	1.45	4	6.1979	5.814595e-07	3	0	3	0	0	0
ENSG00000164972	1.137	11	16.015	1.3795635e-06	1	0	1	1	0	1
ENSG00000137100	1.537	11	11.759	8.4361375e-07	2	1	1	0	0	0
ENSG00000205143	1.402	14	15.592	1.24829375e-06	14	0	14	0	0	0
ENSG00000213930	0.864	13	23.924	1.9374725e-06	1	0	1	1	0	1
ENSG00000174038	1.348	27	27.624	2.20698e-06	8	0	8	0	0	0
ENSG00000198722	0.586	45	98.378	9.41618e-06	2	0	2	1	0	1
ENSG00000137078	1.188	6	9.9583	7.10334e-07	1	0	1	0	0	0
ENSG00000159884	1.603	8	8.8115	7.87987e-07	10	0	10	0	0	0
ENSG00000107159	1.093	17	23.332	1.95238e-06	6	0	6	0	0	0
ENSG00000159899	0.495	18	53.976	6.0375375e-06	1	1	0	0	0	0
ENSG00000204930	1.688	13	11.975	1.40272875e-06	1	0	1	0	0	0
ENSG00000168828	1.899	7	5.3687	3.765065e-07	1	0	1	0	0	0
ENSG00000122707	0.672	25	51.979	4.4761025e-06	1	0	1	0	0	0
ENSG00000159921	1.162	27	32.056	3.2506725e-06	5	1	4	0	0	0
ENSG00000165304	1.255	34	36.068	2.6878725e-06	9	0	9	0	0	0
ENSG00000107099	0.49	27	75.968	9.1851975e-06	2	0	2	0	0	0
ENSG00000147905	0.911	18	29.296	2.9552025e-06	3	0	3	0	0	0
ENSG00000137106	1.165	12	16.691	1.49297775e-06	1	0	1	0	0	0
ENSG00000137054	0.992	16	24.491	2.38386e-06	2	0	2	0	0	0
ENSG00000165275	1.025	11	17.756	1.5111515e-06	9	0	9	0	0	0
ENSG00000122696	1.197	5	8.7673	1.09077675e-06	1	0	1	0	0	0
ENSG00000107338	0.322	2	19.55	1.5433785e-06	5	0	5	0	0	0
ENSG00000137124	1.299	10	13.045	1.21412375e-06	5	0	5	0	0	0
ENSG00000137142	1.635	7	7.7836	8.39577e-07	3	0	3	0	0	0
ENSG00000106714	0.767	25	45.501	4.17544e-06	8	0	8	0	0	0
ENSG00000204849	1.758	0	0.86582	6.0569675e-08	1	0	1	0	0	0
ENSG00000185775	1.92	6	4.2788	2.9732925e-07	12	0	12	0	0	0
ENSG00000106993	0.326	2	19.33	1.62617375e-06	1	0	1	0	0	0
ENSG00000120158	0.635	1	7.4749	2.210665e-06	1	1	0	0	0	0
ENSG00000120210	1.917	11	7.673	5.4603325e-07	12	0	12	0	0	0
ENSG00000107020	1.874	10	7.8159	6.561645e-07	2	0	2	1	0	1
ENSG00000107036	0.359	14	61.037	7.0107125e-06	2	1	1	0	0	0
ENSG00000120215	1.952	11	6.464	6.216595e-07	4	4	0	2	2	0
ENSG00000183354	0.324	13	63.714	5.375745e-06	2	1	1	0	0	0
ENSG00000137040	0.597	13	34.593	2.856545e-06	3	2	1	0	0	0
ENSG00000204814	1.913	1	0.74489	5.3022125e-08	2	0	2	0	0	0
ENSG00000137033	1.753	13	11.349	7.9162175e-07	1	0	1	0	0	0
ENSG00000178445	1.106	46	53.183	4.8958575e-06	2	0	2	0	0	0
ENSG00000196873	1.887	8	6.2638	5.2586625e-07	2	0	2	0	0	0
ENSG00000187559	1.392	0	1.8955	1.40085275e-07	2	0	2	0	0	0
ENSG00000181778	1.541	1	2.7582	1.973485e-07	8	0	8	0	0	0
ENSG00000107242	0.814	16	29.87	2.7042875e-06	1	1	0	0	0	0
ENSG00000135063	1.112	17	22.928	2.329925e-06	5	0	5	0	0	0
ENSG00000188647	0.393	3	19.733	1.6848825e-06	2	1	1	0	0	0
ENSG00000198887	0.486	22	64.669	6.041725e-06	1	0	1	1	0	1
ENSG00000083067	0.448	27	83.068	7.8870725e-06	1	1	0	0	0	0
ENSG00000107077	0.54	19	51.635	4.728525e-06	1	0	1	0	0	0
ENSG00000135048	0.644	32	66.741	6.046415e-06	1	0	1	0	0	0
ENSG00000204669	1.749	6	6.2121	4.3541625e-07	6	0	6	0	0	0
ENSG00000119125	0.224	2	28.074	2.747e-06	2	0	2	0	0	0
ENSG00000165091	0.975	35	47.572	4.431045e-06	4	1	3	0	0	0
ENSG00000135046	1.03	14	21.239	1.7887325e-06	1	0	1	0	0	0
ENSG00000156017	0.695	8	20.773	1.8356325e-06	1	1	0	0	0	0
ENSG00000106733	1.489	12	13.01	9.251025e-07	9	0	9	0	0	0
ENSG00000106772	0.717	62	106.83	8.828925e-06	12	1	11	1	0	1
ENSG00000204612	1.516	7	8.5548	6.136865e-07	1	0	1	1	0	1
ENSG00000197969	0.484	68	171.91	1.48131975e-05	1	1	0	0	0	0
ENSG00000156049	1.712	23	18.814	1.6438115e-06	2	0	2	0	0	0
ENSG00000156052	0.302	2	20.872	2.30078e-06	14	0	14	14	0	14
ENSG00000137038	1.883	3	2.7264	1.92558e-07	1	0	1	0	0	0
ENSG00000148019	1.151	24	29.319	2.3146825e-06	2	0	2	1	0	1
ENSG00000135069	1.109	10	15.289	1.37475625e-06	2	0	2	0	0	0
ENSG00000214929	1.604	4	5.4258	3.819e-07	3	0	3	0	0	0
ENSG00000165105	0.74	21	40.886	3.880975e-06	3	0	3	0	0	0
ENSG00000153707	0.08	2	78.744	8.0887425e-06	1	1	0	0	0	0
ENSG00000165113	0.482	5	21.816	2.2178675e-06	1	1	0	0	0	0
ENSG00000165115	0.895	48	68.22	6.47287e-06	15	0	15	0	0	0
ENSG00000165118	1.367	7	9.5805	1.34919575e-06	1	0	1	0	0	0
ENSG00000178966	0.92	12	21.129	1.9324475e-06	2	0	2	0	0	0
ENSG00000197506	1.242	36	38.27	2.979825e-06	7	1	6	0	0	0
ENSG00000083223	0.165	2	38.209	6.1363625e-06	1	1	0	0	0	0
ENSG00000135047	0.781	6	15.168	1.080643e-06	3	3	0	1	1	0
ENSG00000177992	1.347	3	5.6799	4.0305525e-07	44	0	44	0	0	0
ENSG00000156345	1.649	19	16.767	1.45140425e-06	7	0	7	0	0	0
ENSG00000123975	0.905	1	5.2322	3.753675e-07	1	1	0	1	1	0
ENSG00000187742	1.05	31	39.851	3.9203375e-06	4	0	4	0	0	0
ENSG00000187764	0.804	22	39.054	3.1213625e-06	2	0	2	0	0	0
ENSG00000148090	0.897	9	17.512	1.78823e-06	4	0	4	0	0	0
ENSG00000169071	0.558	14	39.231	4.1417725e-06	4	0	4	4	0	4
ENSG00000198000	0.865	27	43.022	3.9380925e-06	6	1	5	0	0	0
ENSG00000127083	1.276	9	12.302	1.029053e-06	4	0	4	1	0	1
ENSG00000106823	0.922	18	28.938	2.434445e-06	1	0	1	1	0	1
ENSG00000127080	0.365	5	28.779	2.423725e-06	1	0	1	0	0	0
ENSG00000127081	0.961	16	25.277	2.2094925e-06	2	0	2	0	0	0
ENSG00000157303	1.171	6	10.108	9.663745e-07	2	0	2	0	0	0
ENSG00000165233	1.41	9	11.105	1.24105775e-06	2	0	2	0	0	0
ENSG00000165238	0.21	10	80.916	6.9199275e-06	6	0	6	0	0	0
ENSG00000197724	0.177	4	51.855	4.24244e-06	10	0	10	0	0	0
ENSG00000158079	0.618	14	35.423	3.47931e-06	8	0	8	0	0	0
ENSG00000130950	1.222	15	18.9	1.74736e-06	9	0	9	0	0	0
ENSG00000158169	1.043	24	32.348	2.78385e-06	1	0	1	0	0	0
ENSG00000182150	0.675	17	37.749	3.5940475e-06	6	0	6	0	0	0
ENSG00000130948	1.017	9	15.447	1.2998335e-06	1	1	0	0	0	0
ENSG00000130958	1.596	18	16.639	1.17764225e-06	6	0	6	0	0	0
ENSG00000130956	0.697	7	18.854	1.8413275e-06	1	0	1	0	0	0
ENSG00000158122	1.801	10	8.7173	6.1232975e-07	3	0	3	0	0	0
ENSG00000081386	0.947	15	24.395	2.02474e-06	6	0	6	0	0	0
ENSG00000196597	1.023	15	22.587	2.15941e-06	12	0	12	1	0	1
ENSG00000188152	1.292	16	18.809	1.80163e-06	2	0	2	0	0	0
ENSG00000136943	1.251	12	15.545	1.2127335e-06	3	1	2	0	0	0
ENSG00000136925	1.193	19	23.361	1.91754e-06	4	0	4	0	0	0
ENSG00000136937	0.094	1	50.31	4.3682325e-06	1	1	0	0	0	0
ENSG00000136936	0.972	9	16.163	1.5727915e-06	11	0	11	0	0	0
ENSG00000136929	1.221	16	19.909	1.6474965e-06	5	0	5	0	0	0
ENSG00000106789	1.002	19	27.817	2.529585e-06	3	0	3	0	0	0
ENSG00000095383	1.002	22	31.343	3.1840075e-06	1	0	1	0	0	0
ENSG00000119514	0.941	13	21.954	1.61753075e-06	2	0	2	0	0	0
ENSG00000064218	1.172	10	14.477	1.599223e-06	1	0	1	0	0	0
ENSG00000204291	0.504	27	73.843	6.23502e-06	2	0	2	0	0	0
ENSG00000106803	1.483	3	5.0617	5.0084175e-07	1	0	1	1	0	1
