gene	oe_lof_upper	obs_lof	exp_lof	mu_lof	total.ptv.count	total.dn.count	total.inh.count	ccr.ptv.count	ccr.dn.count	ccr.inh.count
ENSG00000162694	1.031	8	13.998	1.451756e-06	1	0	1	0	0	0
ENSG00000170989	0.547	1	8.6801	9.121715e-07	1	0	1	0	0	0
ENSG00000188157	0.435	29	90.87	8.3761725e-06	1	0	1	0	0	0
ENSG00000160049	1.144	6	10.348	8.83194e-07	1	0	1	0	0	0
ENSG00000121940	0.638	5	16.487	2.2269125e-06	1	0	1	0	0	0
ENSG00000197780	1.085	4	8.4282	9.56023e-07	1	0	1	1	0	1
ENSG00000221986	0.753	7	17.467	1.388843e-06	2	0	2	0	0	0
ENSG00000175262	1.041	21	29.038	2.6744725e-06	3	0	3	0	0	0
ENSG00000168765	1.618	12	11.853	8.631945e-07	2	0	2	0	0	0
ENSG00000134201	1.545	11	11.694	8.5296025e-07	1	0	1	0	0	0
ENSG00000134202	1.172	12	16.585	1.56630925e-06	1	0	1	0	0	0
ENSG00000198758	0.898	26	40.178	3.7846625e-06	2	0	2	0	0	0
ENSG00000186150	1.843	2	2.3172	1.6472285e-07	1	0	1	1	0	1
ENSG00000162775	0.276	4	33.205	4.3215e-06	1	0	1	0	0	0
ENSG00000168679	1.053	14	20.794	1.63890375e-06	1	0	1	0	0	0
ENSG00000171824	0.759	32	56.655	5.37742e-06	1	0	1	0	0	0
ENSG00000064703	1.041	25	33.538	2.3793375e-06	3	0	3	0	0	0
ENSG00000155367	1.05	17	24.282	2.4868725e-06	5	0	5	0	0	0
ENSG00000184599	1.753	9	8.4465	5.483615e-07	6	0	6	0	0	0
ENSG00000198799	0.906	35	51.212	4.681625e-06	3	1	2	0	0	0
ENSG00000081019	0.444	9	35.333	3.7488175e-06	1	0	1	0	0	0
ENSG00000134242	1.089	36	43.658	3.3277225e-06	1	0	1	0	0	0
ENSG00000134262	0.827	20	35.137	3.44849e-06	1	0	1	0	0	0
ENSG00000116774	1.25	13	16.533	1.74535e-06	1	0	1	1	0	1
ENSG00000197323	0.086	1	54.935	4.78447e-06	3	0	3	0	0	0
ENSG00000175984	0.723	27	51.494	4.916795e-06	1	0	1	0	0	0
ENSG00000204624	0.548	24	61.566	5.2583275e-06	2	0	2	0	0	0
ENSG00000173212	1.075	12	18.086	1.40426975e-06	1	0	1	0	0	0
ENSG00000162490	1.527	15	15.066	1.48775175e-06	1	0	1	0	0	0
ENSG00000134253	1.08	15	21.395	1.8771725e-06	3	0	3	0	0	0
ENSG00000215910	1.052	57	67.588	6.134185e-06	4	0	4	0	0	0
ENSG00000196505	0.9	18	29.642	3.1170075e-06	1	0	1	0	0	0
ENSG00000155761	0.626	60	118.81	9.79942e-06	1	0	1	1	0	1
ENSG00000116882	1.265	16	19.204	2.163765e-06	1	0	1	0	0	0
ENSG00000143067	0.891	6	13.298	1.17445975e-06	3	0	3	0	0	0
ENSG00000116691	1.737	27	21.178	2.0500325e-06	1	0	1	0	0	0
ENSG00000184163	1.64	11	10.895	7.749555e-07	6	0	6	0	0	0
ENSG00000116726	1.258	8	11.464	1.10920175e-06	3	0	3	0	0	0
ENSG00000179172	1.768	0	0.82389	5.7645125e-08	2	0	2	0	0	0
ENSG00000120952	1.81	13	10.722	7.90265e-07	6	0	6	0	0	0
ENSG00000162572	1.598	37	30.425	2.9940625e-06	4	0	4	0	0	0
ENSG00000243073	1.932	14	9.1359	6.53518e-07	9	0	9	0	0	0
ENSG00000187545	1.542	5	6.6432	4.72149e-07	5	0	5	0	0	0
ENSG00000204479	1.951	9	5.2869	3.726875e-07	2	0	2	0	0	0
ENSG00000162576	1.13	13	18.29	1.409144e-06	1	0	1	0	0	0
ENSG00000215915	1.174	15	19.669	1.648535e-06	4	1	3	0	0	0
ENSG00000117262	1.485	20	19.556	2.035125e-06	4	0	4	0	0	0
ENSG00000174827	1.714	13	11.727	1.109252e-06	1	0	1	0	0	0
ENSG00000198483	1.081	43	51.293	4.7511375e-06	7	0	7	5	0	5
ENSG00000143127	0.785	41	67.759	6.87487e-06	1	0	1	1	0	1
ENSG00000121851	1.261	8	11.438	1.13784425e-06	1	0	1	1	0	1
ENSG00000131781	1.448	22	21.687	1.8533875e-06	1	0	1	0	0	0
ENSG00000116128	0.381	9	41.193	4.1719225e-06	1	0	1	0	0	0
ENSG00000188092	1.24	7	10.593	1.2097855e-06	10	0	10	0	0	0
ENSG00000160072	1.477	32	29.105	2.745995e-06	2	0	2	0	0	0
ENSG00000184270	0.976	0	3.0217	2.1280875e-07	1	0	1	0	0	0
ENSG00000136631	0.746	15	30.964	3.482995e-06	1	0	1	0	0	0
ENSG00000143369	1.112	16	21.853	3.2195175e-06	2	0	2	0	0	0
ENSG00000143382	1.093	47	54.82	5.28496e-06	3	0	3	0	0	0
ENSG00000143452	0.357	3	21.715	1.76009e-06	1	0	1	0	0	0
ENSG00000143387	0.94	10	18.041	1.708165e-06	1	1	0	0	0	0
ENSG00000189337	0.381	8	37.873	3.3896975e-06	1	1	0	0	0	0
ENSG00000143412	1.433	25	24.353	2.4027875e-06	1	0	1	0	0	0
ENSG00000143409	1.185	16	20.504	2.5582275e-06	1	0	1	0	0	0
ENSG00000163141	1.283	13	16.105	2.098775e-06	1	0	1	0	0	0
ENSG00000143458	0.962	12	20.213	2.19492e-06	1	0	1	0	0	0
ENSG00000143434	0.621	16	39.146	3.8583625e-06	1	0	1	0	0	0
ENSG00000143416	1.294	25	26.986	2.348015e-06	1	0	1	0	0	0
ENSG00000143375	0.948	58	76.153	8.7654425e-06	3	0	3	1	0	1
ENSG00000215853	1.151	9	13.644	1.02357575e-06	1	0	1	0	0	0
ENSG00000197915	1.948	4	2.1501	1.52909075e-07	20	0	20	0	0	0
ENSG00000143631	1.96	4	1.6546	1.152869e-07	24	0	24	0	0	0
ENSG00000143520	1.919	2	1.4461	1.0043635e-07	3	0	3	0	0	0
ENSG00000185966	1.5	0	1.6325	1.16213175e-07	2	0	2	0	0	0
ENSG00000187173	1.838	3	3.1739	3.738265e-07	2	0	2	0	0	0
ENSG00000198854	1.766	10	9.069	6.6368525e-07	1	0	1	0	0	0
ENSG00000142621	0.788	45	73.211	6.8686725e-07	1	0	1	0	0	0
ENSG00000172155	1.913	3	2.2862	1.628569e-07	3	0	3	0	0	0
ENSG00000196734	1.843	2	2.3182	1.65846775e-07	1	0	1	0	0	0
ENSG00000186844	1.907	3	2.3985	1.70984e-07	1	0	1	0	0	0
ENSG00000163216	1.929	2	1.2546	9.1332725e-08	1	0	1	0	0	0
ENSG00000188643	1.89	4	3.3791	2.3595725e-07	2	0	2	0	0	0
ENSG00000143554	1.412	32	30.436	2.3344475e-06	12	1	11	0	0	0
ENSG00000143545	0.762	5	13.804	1.239165e-06	1	1	0	0	0	0
ENSG00000143515	0.407	17	62.676	5.3517925e-06	1	1	0	0	0	0
ENSG00000163239	0.921	11	19.769	1.64168425e-06	1	0	1	0	0	0
ENSG00000215704	1.112	11	16.371	1.341139e-06	4	0	4	0	0	0
ENSG00000143603	0.319	4	28.699	2.549015e-06	4	0	4	0	0	0
ENSG00000163346	1.031	6	11.485	2.6674375e-06	1	0	1	0	0	0
ENSG00000160688	0.592	8	24.363	2.1991075e-06	1	0	1	0	0	0
ENSG00000163463	1.462	6	8.0086	7.1288e-07	2	0	2	2	0	2
ENSG00000132906	0.974	11	18.693	1.58580625e-06	5	0	5	0	0	0
ENSG00000160767	0.821	10	20.665	2.756045e-06	1	0	1	0	0	0
ENSG00000116521	0.705	8	20.467	1.8594175e-06	1	0	1	0	0	0
ENSG00000163374	1.257	25	27.786	2.2299275e-06	4	0	4	0	0	0
ENSG00000116580	0.299	19	93.287	8.398785e-06	1	1	0	0	0	0
ENSG00000132698	1.554	11	11.617	1.38430375e-06	1	0	1	0	0	0
ENSG00000260238	1.454	10	11.62	1.16735775e-06	1	0	1	1	0	1
ENSG00000183856	0.848	67	96.829	9.4237175e-06	3	0	3	1	0	1
ENSG00000187862	0.957	16	25.381	2.2513675e-06	1	0	1	0	0	0
ENSG00000132692	0.621	17	41.079	3.65753e-06	1	0	1	1	0	1
ENSG00000143294	0.33	2	19.07	1.49699775e-06	1	0	1	1	0	1
ENSG00000027644	0.951	45	60.699	5.22734e-06	1	0	1	0	0	0
ENSG00000187800	0.888	40	58.655	5.0690525e-06	2	0	2	1	0	1
ENSG00000253831	1.416	12	13.708	1.434202e-06	1	0	1	0	0	0
ENSG00000163518	0.942	19	29.604	2.70345e-06	4	0	4	0	0	0
ENSG00000160856	1.279	32	33.594	2.8882025e-06	3	0	3	0	0	0
ENSG00000132704	1.122	20	25.906	1.8419975e-06	7	0	7	0	0	0
ENSG00000158473	0.996	12	19.529	1.74066e-06	7	0	7	0	0	0
ENSG00000158477	1.946	29	17.654	1.4036835e-06	1	0	1	0	0	0
ENSG00000158481	1.233	14	17.756	1.53404875e-06	3	0	3	0	0	0
ENSG00000196171	1.883	9	7.0092	7.736155e-07	3	0	3	0	0	0
ENSG00000203757	1.89	1	1.0313	7.2559325e-08	1	0	1	0	0	0
ENSG00000163563	1.832	22	16.424	1.3733325e-06	1	0	1	0	0	0
ENSG00000163565	1.014	22	30.977	2.7671e-06	1	0	1	0	0	0
ENSG00000163568	0.825	0	3.6133	9.8052825e-07	1	0	1	0	0	0
ENSG00000132703	1.83	2	2.4163	1.7130225e-07	1	0	1	0	0	0
ENSG00000132693	1.921	3	2.1493	1.54426625e-07	1	0	1	0	0	0
ENSG00000181036	1.726	30	23.365	1.7371425e-06	2	0	2	0	0	0
ENSG00000213085	0.998	26	36.156	3.7682475e-06	1	0	1	0	0	0
ENSG00000228594	1.828	1	1.545	1.1222165e-07	1	0	1	0	0	0
ENSG00000162723	1.587	6	7.2529	1.19174575e-06	1	0	1	0	0	0
ENSG00000132681	0.938	39	54.32	5.314105e-06	3	0	3	0	0	0
ENSG00000186510	1.116	29	35.445	3.0010975e-06	3	0	3	0	0	0
ENSG00000185519	0.892	5	11.78	9.657045e-07	2	0	2	0	0	0
ENSG00000122224	1.112	23	29.302	2.706465e-06	6	0	6	0	0	0
ENSG00000143222	0.905	6	13.087	1.24718825e-06	1	0	1	0	0	0
ENSG00000158864	0.56	11	32.527	3.52152e-06	1	0	1	0	0	0
ENSG00000203747	1.328	7	9.8776	7.4565975e-07	1	0	1	0	0	0
ENSG00000072694	0.722	2	8.7244	7.0673275e-07	1	0	1	0	0	0
ENSG00000162745	1.056	27	35.275	3.5096275e-06	2	0	2	0	0	0
ENSG00000142632	1.151	33	38.34	3.354355e-06	1	0	1	0	0	0
ENSG00000185860	1.577	4	5.5624	3.92352e-07	1	0	1	0	0	0
ENSG00000187144	1.498	25	23.292	1.821395e-06	3	0	3	1	0	1
ENSG00000162763	1.662	8	8.3938	8.628595e-07	4	0	4	0	0	0
ENSG00000152382	0.603	5	17.439	1.51391525e-06	4	0	4	0	0	0
ENSG00000198842	1.115	32	38.548	3.28099e-06	2	0	2	0	0	0
ENSG00000213064	0.9	5	11.686	9.7386175e-07	1	0	1	0	0	0
ENSG00000143156	0.909	12	21.382	1.97516e-06	1	0	1	0	0	0
ENSG00000117475	1.048	14	20.876	2.0084925e-06	1	0	1	0	0	0
ENSG00000058453	0.71	55	96.935	8.6378075e-06	1	0	1	0	0	0
ENSG00000198734	0.585	43	94.829	8.3683e-06	1	0	1	1	0	1
ENSG00000174175	1.319	47	45.434	3.50745e-06	3	0	3	0	0	0
ENSG00000000460	0.73	23	44.636	3.2824975e-06	2	0	2	0	0	0
ENSG00000117501	0.98	30	41.509	3.4654075e-06	2	0	2	0	0	0
ENSG00000007933	1.584	22	19.774	1.5206655e-06	3	0	3	0	0	0
ENSG00000076258	1.175	18	22.712	1.8693e-06	2	0	2	0	0	0
ENSG00000010165	0.889	19	31.344	3.2104725e-06	1	0	1	0	0	0
ENSG00000197959	0.477	13	43.338	3.8737725e-06	1	1	0	0	0	0
ENSG00000142623	1.136	26	31.766	2.5217125e-06	1	0	1	0	0	0
ENSG00000142619	0.943	20	30.817	2.34835e-06	1	0	1	0	0	0
ENSG00000159339	1.136	27	32.762	2.6178575e-06	1	0	1	0	0	0
ENSG00000120332	1.043	49	59.584	4.96872e-06	1	0	1	0	0	0
ENSG00000008130	0.69	8	20.906	2.61836e-06	1	0	1	0	0	0
ENSG00000120341	0.962	47	62.31	5.4479375e-06	2	0	2	1	0	1
ENSG00000116194	1.273	17	20.028	1.5595925e-06	1	0	1	0	0	0
ENSG00000186283	1.692	15	13.404	1.11657175e-06	1	0	1	0	0	0
ENSG00000057252	0.947	19	29.438	2.193915e-06	1	0	1	0	0	0
ENSG00000162779	0.991	47	60.487	5.329515e-06	4	0	4	0	0	0
ENSG00000162782	0.321	10	52.892	5.2730675e-06	1	1	0	0	0	0
ENSG00000135835	0.998	29	39.627	3.65954e-06	1	1	0	0	0	0
ENSG00000162783	0.451	0	6.6358	4.7302e-07	2	0	2	0	0	0
ENSG00000179930	1.699	17	14.759	1.0617825e-06	6	0	6	0	0	0
ENSG00000121446	0.715	26	50.448	3.87863e-06	3	0	3	0	0	0
ENSG00000157060	1.373	26	26.271	2.062595e-06	1	0	1	1	0	1
ENSG00000198860	0.796	2	7.9089	6.694305e-07	1	0	1	0	0	0
ENSG00000179023	1.598	26	22.517	1.90682e-06	3	0	3	0	0	0
ENSG00000135842	1.243	31	33.671	2.882005e-06	1	0	1	0	0	0
ENSG00000159423	0.731	14	29.956	2.3756525e-06	1	0	1	0	0	0
ENSG00000162670	0.45	8	32.093	2.882005e-06	1	0	1	0	0	0
ENSG00000169885	1.757	11	9.8757	7.0147325e-07	1	0	1	1	0	1
ENSG00000150681	1.084	6	10.925	9.3265675e-07	2	0	2	0	0	0
ENSG00000162482	1.928	24	15.463	1.253436e-06	2	0	2	0	0	0
ENSG00000116785	1.603	16	15.048	1.19067375e-06	2	0	2	0	0	0
ENSG00000158748	1.275	7	10.301	7.40283e-07	1	0	1	0	0	0
ENSG00000244414	1.53	12	12.635	8.8900625e-07	2	0	2	0	0	0
ENSG00000134365	1.761	19	15.436	2.2493575e-06	2	0	2	0	0	0
ENSG00000080910	1.818	11	9.2448	6.503355e-07	5	0	5	0	0	0
ENSG00000134389	1.829	41	28.546	2.346675e-06	1	0	1	0	0	0
ENSG00000066279	0.724	56	96.587	1.670377e-05	1	0	1	0	0	0
ENSG00000177888	0.414	9	37.912	3.6633925e-06	1	1	0	0	0	0
ENSG00000169914	0.922	10	18.39	1.722235e-06	3	0	3	0	0	0
ENSG00000118197	0.876	14	24.991	2.3113325e-06	2	0	2	1	0	1
ENSG00000118200	0.198	7	66.284	5.825315e-06	1	0	1	1	0	1
ENSG00000170128	1.264	4	7.2127	5.944575e-07	1	0	1	1	0	1
ENSG00000116852	0.435	28	88.297	8.6826975e-06	2	0	2	2	0	2
ENSG00000163395	0.867	14	25.25	9.2823475e-06	2	0	2	0	0	0
ENSG00000187980	1.372	3	5.5628	4.471245e-07	10	0	10	0	0	0
ENSG00000162543	1.129	4	8.0969	8.6832e-07	1	0	1	0	0	0
ENSG00000176393	1.261	27	29.531	2.503455e-06	2	0	2	0	0	0
ENSG00000187730	0.245	1	19.387	1.534836e-06	1	0	1	0	0	0
ENSG00000117153	0.634	3	12.237	2.42808e-06	1	0	1	0	0	0
ENSG00000163444	0.427	4	21.457	2.1940825e-06	1	1	0	1	1	0
ENSG00000188770	1.809	13	10.739	7.9996325e-07	1	0	1	0	0	0
ENSG00000158816	1.288	48	47.405	4.5498025e-06	2	0	2	1	0	1
ENSG00000170498	1.41	0	1.8506	1.32561175e-07	1	0	1	0	0	0
ENSG00000143850	0.422	14	51.856	4.627355e-06	1	0	1	0	0	0
ENSG00000133056	0.279	15	82.81	7.7644625e-06	1	0	1	0	0	0
ENSG00000184144	0.437	16	55.632	5.427e-06	1	0	1	1	0	1
ENSG00000163545	0.772	11	23.586	2.231435e-06	1	0	1	0	0	0
ENSG00000162873	1.201	12	16.187	1.775835e-06	1	0	1	1	0	1
ENSG00000117266	1.119	19	24.91	1.9250775e-06	1	0	1	0	0	0
ENSG00000183114	1.238	2	5.0305	3.6148175e-07	1	0	1	0	0	0
ENSG00000158711	0.953	4	9.6018	1.06625475e-06	5	0	5	0	0	0
ENSG00000174502	0.474	11	38.42	2.8443175e-06	3	0	3	0	0	0
ENSG00000196188	1.618	20	17.862	1.2730335e-06	5	0	5	5	0	5
ENSG00000198049	1.121	7	11.728	9.8953975e-07	1	0	1	1	0	1
ENSG00000162889	0.228	1	20.832	2.003635e-06	1	0	1	0	0	0
ENSG00000117245	1.053	32	40.817	3.1481625e-06	5	0	5	0	0	0
ENSG00000162897	1.174	17	21.727	1.7143625e-06	5	0	5	0	0	0
ENSG00000182795	0.729	8	19.804	2.0138525e-06	3	0	3	0	0	0
ENSG00000123836	0.752	15	30.73	2.83812e-06	1	0	1	0	0	0
ENSG00000117322	0.879	38	56.637	5.588135e-06	2	0	2	0	0	0
ENSG00000174059	1.024	11	17.782	1.55857075e-06	4	0	4	0	0	0
ENSG00000196878	0.738	34	61.363	5.7795875e-06	2	0	2	0	0	0
ENSG00000123689	1.757	0	0.86816	6.120785e-08	4	0	4	0	0	0
ENSG00000082512	1.089	22	28.86	2.4386325e-06	1	0	1	0	0	0
ENSG00000065600	1.284	14	17.039	1.36232775e-06	1	1	0	0	0	0
ENSG00000123685	1.27	3	6.0591	7.19446e-07	1	0	1	0	0	0
ENSG00000203705	1.16	12	16.757	1.2136045e-06	1	0	1	0	0	0
ENSG00000162769	0.668	9	23.5	1.806655e-06	2	0	2	1	0	1
ENSG00000117724	0.733	79	129.94	1.0672765e-05	3	0	3	2	0	2
ENSG00000142794	1.033	23	31.539	3.3622275e-06	7	0	7	0	0	0
ENSG00000042781	0.857	178	235.31	2.0091625e-05	4	0	4	0	0	0
ENSG00000196482	0.43	3	18.033	1.9765e-06	1	1	0	0	0	0
ENSG00000162814	0.809	16	30.052	3.1005925e-06	2	0	2	0	0	0
ENSG00000142798	0.412	78	228.6	2.10246e-05	1	0	1	1	0	1
ENSG00000143512	1.499	32	28.667	2.8761425e-06	10	0	10	0	0	0
ENSG00000162819	1.058	20	27.478	2.65186e-06	2	0	2	0	0	0
ENSG00000162909	1.072	38	46.448	4.19085e-06	1	0	1	0	0	0
ENSG00000143514	0.433	16	56.138	4.892005e-06	1	0	1	0	0	0
ENSG00000143748	0.923	37	52.722	5.43705e-06	1	0	1	0	0	0
ENSG00000185842	0.949	160	192.19	1.8590825e-06	3	0	3	0	0	0
ENSG00000184677	0.588	18	45.429	4.1233475e-06	1	0	1	0	0	0
ENSG00000196187	0.834	26	43.235	3.08803e-06	3	0	3	0	0	0
ENSG00000143811	1.342	10	12.628	1.20782575e-06	1	0	1	1	0	1
ENSG00000143751	0.913	13	22.643	2.3156875e-06	1	0	1	1	0	1
ENSG00000163050	1.007	20	28.867	2.5672725e-06	1	0	1	1	0	1
ENSG00000143776	0.292	19	95.402	8.560925e-06	1	0	1	1	0	1
ENSG00000181450	1.929	2	1.2519	8.8441675e-08	1	0	1	0	0	0
ENSG00000154358	0.799	189	266.77	3.1840075e-05	14	1	13	3	0	3
ENSG00000168148	1.94	6	3.751	4.1719225e-07	4	0	4	0	0	0
ENSG00000215906	1.083	6	10.934	8.755895e-07	2	0	2	0	0	0
ENSG00000135763	0.845	36	56.249	4.8734125e-06	1	0	1	0	0	0
ENSG00000135744	1.445	12	13.425	1.13486275e-06	1	0	1	0	0	0
ENSG00000119280	1.016	7	12.946	1.07680725e-06	1	0	1	0	0	0
ENSG00000212916	1.338	31	31.267	2.33964e-06	3	0	3	0	0	0
ENSG00000143674	0.8	9	19.622	3.1927175e-06	1	0	1	0	0	0
ENSG00000059588	0.841	48	72.632	5.60656e-06	3	0	3	2	0	2
ENSG00000152904	0.64	3	12.119	9.9037725e-07	1	0	1	0	0	0
ENSG00000119285	0.14	8	102.8	8.57399e-06	1	1	0	0	0	0
ENSG00000116996	1.314	28	29.206	2.8918875e-06	7	0	7	0	0	0
ENSG00000188822	1.683	8	8.2434	8.72541e-07	1	0	1	0	0	0
ENSG00000189266	1.832	0	0.51668	3.7196725e-08	3	0	3	0	0	0
ENSG00000155816	0.274	10	61.903	5.3963475e-06	4	0	4	0	0	0
ENSG00000157911	0.86	8	16.786	1.6633755e-06	3	0	3	2	0	2
ENSG00000142677	0.627	8	23.02	2.030435e-06	1	0	1	1	0	1
ENSG00000117009	0.779	12	24.948	2.3867075e-06	1	0	1	1	0	1
ENSG00000162843	1.086	53	61.349	5.8144275e-06	9	0	9	0	0	0
ENSG00000174371	0.925	25	37.742	3.4379375e-06	4	0	4	0	0	0
ENSG00000001460	1.453	14	15.034	1.62617375e-06	1	0	1	0	0	0
ENSG00000162851	0.953	11	19.107	1.77885e-06	1	0	1	0	0	0
ENSG00000197472	1.847	5	4.6299	3.26022e-07	10	0	10	0	0	0
ENSG00000196418	1.73	3	3.8938	2.754705e-07	2	0	2	0	0	0
ENSG00000177476	1.419	2	4.2856	3.0312475e-07	1	0	1	1	0	1
ENSG00000162722	1.565	15	14.677	1.3315245e-06	4	0	4	0	0	0
ENSG00000238243	1.767	6	6.0765	5.8204575e-07	2	0	2	0	0	0
ENSG00000177275	1.863	3	2.9437	3.4432975e-07	5	0	5	0	0	0
ENSG00000182783	1.876	1	1.172	8.0358125e-08	3	0	3	0	0	0
ENSG00000184022	1.928	4	2.7175	1.8976075e-07	1	0	1	0	0	0
ENSG00000149527	0.828	27	44.983	3.9548425e-06	2	0	2	0	0	0
ENSG00000187010	0.951	10	17.838	1.601635e-06	3	0	3	0	0	0
ENSG00000183726	0.742	3	10.446	8.8619225e-07	1	0	1	0	0	0
ENSG00000157978	1.163	10	14.582	1.06163175e-06	1	0	1	0	0	0
ENSG00000127423	1.579	13	12.98	1.08206675e-06	1	0	1	0	0	0
ENSG00000158006	1.113	16	21.841	1.8962675e-06	7	0	7	1	0	1
ENSG00000158022	1.469	19	18.959	1.46249275e-06	1	0	1	0	0	0
ENSG00000176092	0.889	23	36.638	3.40762e-06	3	0	3	1	0	1
ENSG00000060642	1.238	14	17.679	1.59444925e-06	1	0	1	0	0	0
ENSG00000198746	1.263	22	24.871	2.094755e-06	2	0	2	0	0	0
ENSG00000131910	1.638	8	8.5691	7.53817e-07	3	0	3	0	0	0
ENSG00000158246	0.717	3	10.807	9.205465e-07	1	0	1	0	0	0
ENSG00000142765	1.107	22	28.375	2.48704e-06	6	0	6	0	0	0
ENSG00000142748	0.896	6	13.214	9.4424775e-07	1	0	1	0	0	0
ENSG00000174950	1.834	6	5.495	7.4411875e-07	1	0	1	0	0	0
ENSG00000181773	1.543	6	7.5155	5.45983e-07	1	0	1	0	0	0
ENSG00000158156	1.471	12	13.175	1.26872875e-06	1	0	1	0	0	0
ENSG00000116329	1.193	5	8.7973	6.3095575e-07	2	1	1	1	0	1
ENSG00000121769	0.865	1	5.481	3.8831525e-07	3	0	3	0	0	0
ENSG00000168528	1.34	21	22.565	1.73999e-06	6	0	6	0	0	0
ENSG00000162517	1.058	8	13.639	9.7577125e-07	1	0	1	0	0	0
ENSG00000084652	0.24	2	26.188	2.0929125e-06	1	0	1	0	0	0
ENSG00000160051	1.248	14	17.533	1.6393225e-06	2	0	2	0	0	0
ENSG00000182866	0.253	3	30.647	2.64047e-06	2	1	1	0	0	0
ENSG00000160097	0.673	1	7.0535	4.6459475e-07	1	0	1	0	0	0
ENSG00000121900	1.18	3	6.5482	6.1544525e-07	2	0	2	0	0	0
ENSG00000142698	0.647	6	18.307	2.13395e-06	1	0	1	0	0	0
ENSG00000189280	1.825	7	6.326	6.0439025e-07	1	0	1	0	0	0
ENSG00000130762	1.246	21	24.266	2.7877025e-06	1	0	1	0	0	0
ENSG00000188910	1.323	5	7.9056	7.3179075e-07	1	0	1	0	0	0
ENSG00000146463	0.175	8	82.672	7.51003e-06	1	0	1	0	0	0
ENSG00000162591	0.908	65	88.009	8.0467e-06	1	0	1	1	0	1
ENSG00000054116	1.354	4	6.6961	5.2941725e-07	8	0	8	0	0	0
ENSG00000116871	0.235	4	39.01	3.80761e-06	1	0	1	1	0	1
ENSG00000116885	1.14	17	22.372	2.28738e-06	1	0	1	0	0	0
ENSG00000116898	1.425	15	16.192	1.6621025e-06	1	0	1	0	0	0
ENSG00000163879	1.512	16	16.031	1.4229125e-06	4	0	4	0	0	0
ENSG00000158315	1.369	12	14.191	1.1444605e-06	3	0	3	0	0	0
ENSG00000183682	1.348	10	12.563	1.174309e-06	1	0	1	0	0	0
ENSG00000163909	1.397	11	13.006	1.53418275e-06	1	0	1	0	0	0
ENSG00000198754	1.955	8	4.4435	4.5853125e-07	1	0	1	0	0	0
ENSG00000043514	1.144	19	24.363	2.279675e-06	1	0	1	0	0	0
ENSG00000168389	0.538	9	29.212	2.391565e-06	1	0	1	0	0	0
ENSG00000188800	1.566	7	8.2329	8.9138475e-07	2	0	2	0	0	0
ENSG00000084073	1.327	24	25.439	2.1619225e-06	2	0	2	0	0	0
ENSG00000187801	1.673	16	14.326	1.339933e-06	2	0	2	0	0	0
ENSG00000164002	1.433	8	10.023	8.5641075e-07	1	0	1	0	0	0
ENSG00000204060	0.671	2	9.3813	7.8585975e-07	3	0	3	0	0	0
ENSG00000186409	0.928	34	48.776	4.46823e-06	1	0	1	0	0	0
ENSG00000171960	1.189	8	12.134	8.599115e-07	1	1	0	0	0	0
ENSG00000117385	1.226	32	35.072	3.186185e-06	3	0	3	0	0	0
ENSG00000164010	1.169	14	18.717	1.8433375e-06	1	1	0	0	0	0
ENSG00000186973	1.154	3	6.6984	4.9032275e-07	3	0	3	0	0	0
ENSG00000243710	0.87	42	62.408	2.2624225e-06	2	0	2	0	0	0
ENSG00000253313	1.907	5	3.8378	4.1772825e-07	1	0	1	0	0	0
ENSG00000066056	0.885	39	57.569	5.0640275e-06	1	0	1	1	0	1
ENSG00000117400	0.763	20	38.089	3.7437925e-06	1	1	0	0	0	0
ENSG00000171872	1.357	14	16.115	1.566259e-06	1	0	1	0	0	0
ENSG00000188396	1.705	3	4.0328	4.936225e-07	1	0	1	0	0	0
ENSG00000117425	0.85	33	51.928	3.9829825e-06	1	0	1	0	0	0
ENSG00000126107	0.655	11	27.798	4.1612025e-06	1	0	1	0	0	0
ENSG00000186603	1.433	8	10.021	1.09941975e-06	1	0	1	0	0	0
ENSG00000117450	1.905	12	8.5871	6.085945e-07	2	0	2	0	0	0
ENSG00000117448	1.121	12	17.349	1.49234125e-06	1	0	1	0	0	0
ENSG00000173660	1.347	5	7.7554	8.302305e-07	1	0	1	0	0	0
ENSG00000117480	1.054	20	27.569	2.183195e-06	3	0	3	0	0	0
ENSG00000142973	1.144	19	24.372	1.74401e-06	3	0	3	0	0	0
ENSG00000186377	1.107	21	27.321	2.23445e-06	4	0	4	0	0	0
ENSG00000162365	1.886	35	23.457	2.058575e-06	4	0	4	0	0	0
ENSG00000186564	1.31	3	5.86	4.2312175e-07	3	0	3	0	0	0
ENSG00000117834	1.359	39	37.49	3.418005e-06	2	0	2	0	0	0
ENSG00000132122	1.457	29	27.125	2.4918975e-06	1	0	1	0	0	0
ENSG00000162373	0.658	5	15.97	1.139201e-06	1	0	1	0	0	0
ENSG00000186094	0.794	5	13.247	2.76241e-06	2	0	2	1	0	1
ENSG00000204006	1.815	9	7.8619	7.6083525e-07	3	0	3	0	0	0
ENSG00000154222	0.908	36	52.35	5.088985e-06	1	0	1	0	0	0
ENSG00000085840	0.881	29	44.886	5.058165e-06	1	0	1	0	0	0
ENSG00000203995	0.976	22	32.174	3.078985e-06	1	0	1	0	0	0
ENSG00000121310	1.178	14	18.583	2.489385e-06	3	0	3	0	0	0
ENSG00000174348	1.019	18	26.204	2.81467e-06	1	0	1	1	0	1
ENSG00000162384	1.426	10	11.86	8.3945975e-07	1	0	1	0	0	0
ENSG00000058799	0.77	7	17.071	1.49599275e-06	1	0	1	0	0	0
ENSG00000116205	1.666	10	9.921	9.503615e-07	1	0	1	0	0	0
ENSG00000116221	1.144	9	13.733	1.927925e-06	1	0	1	0	0	0
ENSG00000162391	1.495	24	22.562	1.7615975e-06	1	0	1	0	0	0
ENSG00000162390	1.082	29	36.545	3.3876875e-06	1	0	1	0	0	0
ENSG00000184313	0.92	28	41.709	5.416615e-06	2	0	2	0	0	0
ENSG00000243725	0.897	12	21.67	1.67056125e-06	1	0	1	0	0	0
ENSG00000162398	1.283	22	24.479	2.36711e-06	2	0	2	0	0	0
ENSG00000162409	0.921	16	26.396	2.735945e-06	1	0	1	0	0	0
ENSG00000187889	1.699	54	39.79	3.101095e-06	1	0	1	0	0	0
ENSG00000131697	0.983	53	67.814	6.3078825e-06	1	0	1	0	0	0
ENSG00000172456	1.273	29	31.07	2.6516925e-06	3	0	3	0	0	0
ENSG00000134716	1.39	23	23.438	1.9485275e-06	4	1	3	0	0	0
ENSG00000162598	1.679	33	26.174	2.1297625e-06	1	0	1	0	0	0
ENSG00000158286	0.953	23	34.184	3.0188525e-06	1	0	1	0	0	0
ENSG00000132854	1.322	2	4.6732	3.2061175e-06	1	1	0	0	0	0
ENSG00000158292	1.292	11	14.082	1.011901e-06	1	0	1	0	0	0
ENSG00000125703	1.405	25	24.85	2.2463425e-06	6	0	6	0	0	0
ENSG00000088035	0.595	10	28.522	2.16611e-06	1	0	1	0	0	0
ENSG00000171680	0.58	17	43.983	4.1729275e-06	8	0	8	1	0	1
ENSG00000116675	0.203	4	45.113	3.9109575e-06	1	1	0	0	0	0
ENSG00000116678	0.284	9	55.258	4.0476375e-06	1	0	1	0	0	0
ENSG00000162413	1.127	12	17.247	1.24960025e-06	2	0	2	2	0	2
ENSG00000041988	1.358	4	6.675	4.740585e-07	1	0	1	0	0	0
ENSG00000172410	1.779	1	1.8295	1.2627155e-07	2	0	2	0	0	0
ENSG00000081985	0.707	22	44.439	3.7849975e-06	1	0	1	0	0	0
ENSG00000116745	1.111	24	30.386	2.58285e-06	1	0	1	1	0	1
ENSG00000066557	1.352	31	30.942	2.963745e-06	1	0	1	0	0	0
ENSG00000116754	0.247	2	25.48	3.0711125e-06	2	0	2	0	0	0
ENSG00000118454	0.216	2	29.178	3.2567025e-06	1	1	0	0	0	0
ENSG00000162620	1.22	22	25.749	2.49307e-06	2	0	2	0	0	0
ENSG00000116783	1.453	60	51.213	5.005905e-06	9	0	9	1	0	1
ENSG00000162621	1.387	16	17.506	1.686725e-06	6	0	6	1	0	1
ENSG00000178965	1.357	61	55.646	4.8238325e-06	2	0	2	0	0	0
ENSG00000117054	1.175	23	27.741	2.2135125e-06	4	0	4	0	0	0
ENSG00000057468	0.989	34	45.76	3.790525e-06	1	0	1	0	0	0
ENSG00000171735	0.172	7	76.634	6.9115525e-06	1	0	1	1	0	1
ENSG00000077254	0.331	11	54.963	4.7668825e-06	1	1	0	0	0	0
ENSG00000162614	0.817	23	39.873	4.3081e-06	1	0	1	0	0	0
ENSG00000049246	0.841	36	56.54	4.6831325e-06	1	0	1	0	0	0
ENSG00000122420	1.14	5	9.2141	1.2775225e-06	1	0	1	0	0	0
ENSG00000137965	1.496	22	20.978	2.02943e-06	3	0	3	0	0	0
ENSG00000203943	1.387	3	5.4899	5.92414e-07	2	0	2	0	0	0
ENSG00000153898	1.181	22	26.596	2.147015e-06	1	0	1	0	0	0
ENSG00000055732	0.969	19	28.775	3.1270575e-06	2	0	2	1	0	1
ENSG00000162643	0.757	29	52.237	4.6724125e-06	1	0	1	0	0	0
ENSG00000097096	0.997	32	43.113	4.40994e-06	1	0	1	0	0	0
ENSG00000171502	0.912	82	108.05	8.5919125e-06	1	0	1	0	0	0
ENSG00000122417	1.228	31	34.063	2.5176925e-06	2	0	2	0	0	0
ENSG00000016490	0.721	21	41.914	3.9086125e-06	1	0	1	0	0	0
ENSG00000097033	0.271	1	17.511	1.38601225e-06	1	0	1	1	0	1
ENSG00000117228	1.225	25	28.504	2.4962525e-06	1	0	1	0	0	0
ENSG00000162654	1.24	25	28.151	2.30547e-06	8	0	8	0	0	0
ENSG00000197241	1.669	28	22.887	2.061925e-06	1	0	1	1	0	1
ENSG00000142583	1.865	9	7.2741	1.660193e-06	5	0	5	0	0	0
ENSG00000137948	0.657	22	47.829	4.00392e-06	1	0	1	0	0	0
ENSG00000174842	0.906	25	38.549	2.91383e-06	1	0	1	0	0	0
ENSG00000067208	0.761	25	45.873	3.82771e-06	3	0	3	3	0	3
ENSG00000137936	0.383	8	37.712	3.69505e-06	1	0	1	0	0	0
ENSG00000198691	0.91	89	116.59	1.04481475e-05	1	0	1	0	0	0
ENSG00000117525	0.804	5	13.082	1.0660705e-06	1	0	1	1	0	1
ENSG00000188976	1.327	43	41.785	3.6074475e-06	2	0	2	0	0	0
ENSG00000172339	1.196	6	9.8962	9.56492e-07	1	0	1	0	0	0
ENSG00000122481	1.62	6	7.0524	7.67485e-07	5	0	5	0	0	0
ENSG00000156869	0.848	19	32.885	2.591895e-06	3	0	3	0	0	0
ENSG00000107593	1.248	42	43.517	3.9849925e-06	5	0	5	0	0	0
ENSG00000095539	0.756	19	36.888	3.4865125e-06	1	0	1	1	0	1
ENSG00000186862	1.134	17	22.496	2.2774975e-06	1	0	1	0	0	0
ENSG00000107821	1.464	10	11.534	8.31738e-07	4	0	4	0	0	0
ENSG00000107829	0.723	9	21.731	2.1739825e-06	1	0	1	0	0	0
ENSG00000198408	0.367	9	42.751	3.84111e-06	1	0	1	1	0	1
ENSG00000148377	1.936	11	7.1391	7.6230925e-07	1	0	1	0	0	0
ENSG00000156374	0.817	5	12.865	1.764445e-06	1	0	1	1	0	1
ENSG00000148843	0.594	42	91.423	8.8270825e-06	1	0	1	0	0	0
ENSG00000183128	1.195	5	8.7858	6.2971625e-07	1	0	1	0	0	0
ENSG00000107960	1.224	17	20.833	1.92558e-06	1	1	0	0	0	0
ENSG00000197748	0.702	51	91.775	7.4820575e-06	1	1	0	0	0	0
ENSG00000120051	1.003	41	53.045	4.79251e-06	1	0	1	1	0	1
ENSG00000138166	0.92	6	12.872	9.14483e-07	1	0	1	0	0	0
ENSG00000150594	1.231	6	9.6109	6.9546e-07	1	0	1	0	0	0
ENSG00000148702	1.204	25	29.009	2.0520425e-06	1	0	1	0	0	0
ENSG00000197893	0.999	86	103.02	9.4903825e-06	1	0	1	0	0	0
ENSG00000198924	0.747	21	40.507	3.455525e-06	1	0	1	1	0	1
ENSG00000196865	0.684	14	32.008	2.4808425e-06	1	0	1	0	0	0
ENSG00000043591	1.542	9	10.07	7.34186e-07	1	0	1	1	0	1
ENSG00000203837	1.185	19	23.531	1.9564e-06	2	0	2	1	0	1
ENSG00000188316	1.023	17	24.917	9.450685e-07	1	0	1	0	0	0
ENSG00000186795	1.105	6	10.71	7.8880775e-07	5	0	5	0	0	0
ENSG00000134463	1.737	8	7.83	5.5290075e-07	1	0	1	0	0	0
ENSG00000119973	1.484	7	8.7661	6.3583e-07	1	0	1	1	0	1
ENSG00000181192	1.247	46	47.183	4.325855e-06	3	0	3	0	0	0
ENSG00000138162	0.685	55	100.51	8.56796e-06	3	0	3	0	0	0
ENSG00000187908	1.062	76	86.594	1.10856525e-05	6	0	6	0	0	0
ENSG00000183559	1.898	6	4.6898	3.3196825e-07	1	0	1	1	0	1
ENSG00000203795	1.932	2	1.1841	8.235975e-08	1	0	1	0	0	0
ENSG00000196177	1.172	19	23.791	1.82039e-06	3	0	3	0	0	0
ENSG00000188620	0.37	0	8.0934	5.760325e-07	1	0	1	0	0	0
ENSG00000154473	0.337	2	18.699	1.786555e-06	1	1	0	0	0	0
ENSG00000121898	0.946	25	36.896	3.1441425e-06	1	0	1	0	0	0
ENSG00000065154	0.962	13	21.483	2.02407e-06	1	0	1	0	0	0
ENSG00000203791	1.253	12	15.512	1.47411725e-06	1	0	1	0	0	0
ENSG00000154493	1.208	24	27.951	2.257565e-06	1	0	1	0	0	0
ENSG00000180745	1.179	3	6.5552	4.694355e-07	1	0	1	0	0	0
ENSG00000148773	0.745	51	86.487	8.9051375e-06	1	1	0	0	0	0
ENSG00000183049	0.252	1	18.819	1.47736675e-06	1	0	1	1	0	1
ENSG00000176769	1.064	16	22.847	2.3383e-06	1	0	1	1	0	1
ENSG00000189275	1.691	4	4.9649	6.333845e-07	1	0	1	0	0	0
ENSG00000188385	0.399	13	51.83	4.3866575e-06	1	0	1	0	0	0
ENSG00000165623	1.621	8	8.6825	6.18678e-07	2	0	2	0	0	0
ENSG00000107537	1.122	11	16.223	1.16658725e-06	1	0	1	0	0	0
ENSG00000171794	1.343	0	2.0126	1.46078425e-07	2	0	2	0	0	0
ENSG00000151650	1.916	6	4.3678	3.11416e-07	1	0	1	0	0	0
ENSG00000151651	0.942	27	39.523	3.42504e-06	4	0	4	0	0	0
ENSG00000130640	0.701	20	41.467	3.4613875e-06	1	0	1	0	0	0
ENSG00000148824	0.717	6	16.509	1.31325025e-06	7	0	7	0	0	0
ENSG00000171772	1.011	16	24.045	1.95908e-06	1	0	1	0	0	0
ENSG00000225899	1.609	1	2.5283	1.7877275e-07	1	0	1	0	0	0
ENSG00000197889	1.837	5	4.7245	3.333585e-07	1	0	1	0	0	0
ENSG00000165983	1.819	17	13.327	1.33576225e-06	3	0	3	0	0	0
ENSG00000107611	0.647	98	179.18	1.57153525e-05	6	1	5	0	0	0
ENSG00000148488	1.567	14	13.88	9.8183475e-07	1	0	1	0	0	0
ENSG00000204740	0.854	42	63.621	5.216285e-06	8	0	8	0	0	0
ENSG00000078114	1.139	58	63.383	5.9507725e-06	5	0	5	0	0	0
ENSG00000077327	1.223	18	21.818	2.2617525e-06	1	0	1	0	0	0
ENSG00000168267	1.009	2	6.2327	4.6486275e-07	1	0	1	0	0	0
ENSG00000099256	1.685	18	15.629	1.35338325e-06	2	0	2	0	0	0
ENSG00000185875	1.38	26	26.134	2.66325e-06	4	0	4	0	0	0
ENSG00000120563	1.727	9	8.6665	6.126815e-07	3	0	3	0	0	0
ENSG00000165757	0.477	13	43.345	4.1518225e-06	1	1	0	0	0	0
ENSG00000067057	1.245	47	48.14	4.0831475e-06	2	0	2	0	0	0
ENSG00000107959	0.949	41	56.061	4.557005e-06	2	0	2	0	0	0
ENSG00000216937	0.982	23	33.166	2.9582175e-06	3	0	3	2	0	2
ENSG00000177283	0.423	3	18.319	1.32420475e-06	1	0	1	0	0	0
ENSG00000229644	1.509	11	11.993	8.664775e-07	1	0	1	0	0	0
ENSG00000175395	0.906	10	18.728	1.452426e-06	1	0	1	0	0	0
ENSG00000189180	1.018	19	27.391	2.060585e-06	1	0	1	0	0	0
ENSG00000075407	1.201	16	20.227	1.41009875e-06	1	0	1	0	0	0
ENSG00000150201	1.492	6	7.8265	5.7413975e-07	1	0	1	0	0	0
ENSG00000196793	1.265	12	15.371	1.515004e-06	1	1	0	0	0	0
ENSG00000198298	1.027	9	15.299	1.35053575e-06	2	0	2	0	0	0
ENSG00000165507	1.834	0	0.50302	3.66222e-08	2	0	2	0	0	0
ENSG00000204175	1.489	9	10.476	8.9600775e-07	1	0	1	1	0	1
ENSG00000165568	1.419	17	17.963	1.529342e-06	1	0	1	0	0	0
ENSG00000128805	0.927	18	28.779	2.394245e-06	1	0	1	1	0	1
ENSG00000128815	0.304	33	145.29	1.1369565e-05	1	0	1	0	0	0
ENSG00000225830	0.802	46	73.345	7.681215e-06	3	0	3	0	0	0
ENSG00000204149	1.778	9	8.2282	7.068165e-07	1	0	1	0	0	0
ENSG00000099290	0.758	9	20.726	1.49307825e-06	9	0	9	0	0	0
ENSG00000196139	1.861	30	20.959	2.3327725e-06	8	0	8	0	0	0
ENSG00000150275	0.801	52	81.777	7.8448625e-06	2	0	2	0	0	0
ENSG00000108064	0.72	4	12.719	1.14806175e-06	1	0	1	0	0	0
ENSG00000134452	0.459	16	52.956	4.8345525e-06	1	1	0	0	0	0
ENSG00000165443	0.451	2	13.952	1.12042425e-06	2	0	2	0	0	0
ENSG00000138311	0.476	3	16.276	1.7585825e-06	1	0	1	1	0	1
ENSG00000181915	0.81	1	5.856	4.287665e-07	3	0	3	0	0	0
ENSG00000108176	1.341	10	12.633	1.1474085e-06	2	0	2	0	0	0
ENSG00000096717	0.503	7	26.142	2.22105e-06	1	0	1	0	0	0
ENSG00000138346	0.817	29	48.4	4.261535e-06	1	1	0	0	0	0
ENSG00000165730	1.124	28	34.14	3.6097925e-06	3	0	3	0	0	0
ENSG00000198954	0.511	7	25.725	1.94367e-06	1	0	1	1	0	1
ENSG00000156515	0.379	9	41.475	4.28733e-06	1	1	0	0	0	0
ENSG00000075073	1.157	8	12.477	8.9225575e-07	2	1	1	0	0	0
ENSG00000099282	0.782	6	15.139	1.33117275e-06	1	0	1	0	0	0
ENSG00000042286	1.083	10	15.655	1.353735e-06	1	0	1	0	0	0
ENSG00000148734	1.918	18	12.096	9.3942375e-07	1	0	1	0	0	0
ENSG00000172731	1.133	3	6.8258	6.29197e-07	1	0	1	0	0	0
ENSG00000107731	0.621	19	44.881	3.68031e-06	4	0	4	1	0	1
ENSG00000107736	0.468	53	142.46	3.8724325e-06	2	0	2	0	0	0
ENSG00000166321	1.297	10	13.066	1.663074e-06	1	0	1	0	0	0
ENSG00000138286	1.049	24	32.181	3.3367675e-06	3	0	3	0	0	0
ENSG00000156042	0.537	24	62.853	4.9863075e-06	1	0	1	1	0	1
ENSG00000166343	1.38	17	18.476	1.7304425e-06	8	0	8	0	0	0
ENSG00000166348	0.55	32	78.189	7.0884325e-06	1	0	1	1	0	1
ENSG00000166317	0.587	6	20.188	3.6955525e-06	7	0	7	0	0	0
ENSG00000172650	1.438	4	6.2548	4.465885e-07	1	0	1	0	0	0
ENSG00000172586	1.895	7	5.4445	5.312765e-07	1	0	1	0	0	0
ENSG00000156650	0.128	5	82.188	7.5978e-06	1	1	0	0	0	0
ENSG00000188716	1.881	9	7.0374	5.00289e-07	1	0	1	0	0	0
ENSG00000151655	1.092	39	46.645	3.74128e-06	1	0	1	0	0	0
ENSG00000148606	0.876	47	68.447	6.7279725e-06	2	0	2	0	0	0
ENSG00000108179	1.352	5	7.7282	5.47189e-07	1	0	1	0	0	0
ENSG00000165424	1.249	9	12.566	6.40721e-07	2	0	2	0	0	0
ENSG00000185303	1.268	4	7.183	5.1829525e-07	2	0	2	0	0	0
ENSG00000228570	1.944	6	3.632	2.9200275e-07	3	0	3	0	0	0
ENSG00000122378	1.718	14	12.414	1.27951575e-06	1	0	1	0	0	0
ENSG00000178217	0.898	12	21.662	2.32825e-06	1	0	1	0	0	0
ENSG00000185737	0.462	8	31.221	3.15771e-06	2	0	2	0	0	0
ENSG00000148602	1.566	21	19.265	1.89543e-06	1	0	1	0	0	0
ENSG00000148604	1.775	13	11.111	1.08940325e-06	2	0	2	1	0	1
ENSG00000173269	0.968	21	31.24	2.6188625e-06	1	0	1	0	0	0
ENSG00000122376	0.801	12	24.278	1.7063225e-06	1	0	1	0	0	0
ENSG00000184719	1.06	11	17.181	1.3287775e-06	3	0	3	0	0	0
ENSG00000204020	0.94	10	18.042	1.412226e-06	1	0	1	0	0	0
ENSG00000138135	0.873	2	7.2081	5.298025e-07	1	0	1	0	0	0
ENSG00000204010	1.908	6	4.5273	3.1856825e-07	3	0	3	0	0	0
ENSG00000148680	0.665	4	13.76	1.35294775e-06	2	0	2	0	0	0
ENSG00000119938	0.963	6	12.296	1.39304725e-06	2	0	2	1	0	1
ENSG00000198060	0.392	2	16.054	1.535171e-06	1	0	1	0	0	0
ENSG00000119912	0.414	16	58.706	5.0362225e-06	6	0	6	0	0	0
ENSG00000138119	0.906	100	130.38	1.24447475e-05	5	0	5	0	0	0
ENSG00000108231	0.209	0	14.316	2.06293e-06	4	0	4	0	0	0
ENSG00000176273	0.748	3	10.36	1.009623e-06	2	0	2	0	0	0
ENSG00000108242	1.315	16	18.476	1.41009875e-06	1	0	1	0	0	0
ENSG00000138109	1.402	16	17.324	1.24420675e-06	6	0	6	0	0	0
ENSG00000138115	1.883	28	19.227	1.6969425e-06	3	0	3	0	0	0
ENSG00000107438	0.873	7	15.061	1.36973125e-06	2	0	2	0	0	0
ENSG00000119977	1.042	23	31.261	2.2687875e-06	3	0	3	0	0	0
ENSG00000188649	0.993	11	18.342	2.175155e-06	12	0	12	0	0	0
ENSG00000095587	1.151	50	54.986	4.76035e-06	1	0	1	0	0	0
ENSG00000155229	0.427	14	51.303	4.5189825e-06	1	0	1	0	0	0
ENSG00000165887	1.2	12	16.199	1.686725e-06	1	1	0	0	0	0
ENSG00000155256	1.1	13	18.784	2.05221e-06	1	0	1	1	0	1
ENSG00000120057	1.434	9	10.905	7.80416e-07	1	0	1	0	0	0
ENSG00000166024	0.997	18	26.76	2.44751e-06	1	0	1	0	0	0
ENSG00000138131	1.123	33	39.28	2.9753025e-06	1	0	1	0	0	0
ENSG00000119943	1.166	26	30.945	2.4764875e-06	2	0	2	0	0	0
ENSG00000198018	0.872	23	37.367	4.1186575e-06	4	0	4	0	0	0
ENSG00000014919	1.327	21	22.795	2.14065e-06	1	0	1	1	0	1
ENSG00000023839	1.447	17	17.608	7.206855e-06	1	1	0	0	0	0
ENSG00000184956	0.971	70	87.915	7.597465e-06	1	0	1	0	0	0
ENSG00000137675	1.696	29	23.163	2.06159e-06	3	0	3	0	0	0
ENSG00000118113	1.761	32	24.117	2.12926e-06	1	0	1	0	0	0
ENSG00000166670	1.414	22	22.206	1.7012975e-06	2	0	2	0	0	0
ENSG00000196611	1.525	25	22.869	1.7907425e-06	5	0	5	0	0	0
ENSG00000149968	1.416	22	22.173	1.8714775e-06	1	0	1	0	0	0
ENSG00000187240	0.656	25	53.221	2.119545e-05	1	0	1	1	0	1
ENSG00000170962	0.731	8	19.745	1.819385e-06	2	0	2	0	0	0
ENSG00000204403	1.041	6	11.374	1.17958525e-06	2	0	2	0	0	0
ENSG00000133805	0.903	24	37.375	3.6459725e-06	3	0	3	0	0	0
ENSG00000137757	1.502	22	20.894	1.955395e-06	1	0	1	1	0	1
ENSG00000182359	0.876	12	22.194	2.035125e-06	1	0	1	1	0	1
ENSG00000152404	0.839	25	41.614	3.2010925e-06	1	0	1	1	0	1
ENSG00000149308	0.367	13	56.378	4.6127825e-06	1	0	1	1	0	1
ENSG00000149311	0.71	103	170.95	1.526126e-05	2	0	2	0	0	0
ENSG00000166323	1.75	19	15.575	1.2358485e-06	3	0	3	0	0	0
ENSG00000178202	1.17	18	22.813	1.85858e-06	6	0	6	0	0	0
ENSG00000110723	0.943	49	65.918	5.83838e-06	2	0	2	0	0	0
ENSG00000178105	0.949	32	45.269	3.783155e-06	1	0	1	0	0	0
ENSG00000149289	0.252	4	36.367	3.923185e-06	1	0	1	0	0	0
ENSG00000150750	1.363	5	7.6586	5.450115e-07	1	0	1	0	0	0
ENSG00000110777	0.568	2	11.089	9.133775e-07	1	0	1	1	0	1
ENSG00000183644	1.158	7	11.355	8.1346375e-07	2	0	2	0	0	0
ENSG00000204381	1.525	20	19.017	1.7009625e-06	1	0	1	0	0	0
ENSG00000170145	0.277	7	47.538	4.55131e-06	1	0	1	0	0	0
ENSG00000137713	1.063	27	35.024	2.9970775e-06	2	0	2	0	0	0
ENSG00000149300	1.69	7	7.4104	5.2948425e-07	1	0	1	0	0	0
ENSG00000150782	1.284	3	5.9867	4.182475e-07	1	0	1	0	0	0
ENSG00000197580	1.277	28	30.061	2.723885e-06	1	0	1	0	0	0
ENSG00000170209	1.162	20	25.012	2.08102e-06	2	0	2	0	0	0
ENSG00000166682	1.05	17	24.288	1.886385e-06	2	0	2	1	0	1
ENSG00000048028	0.645	32	66.652	6.623285e-06	1	0	1	0	0	0
ENSG00000149305	0.957	14	22.864	1.889065e-06	1	0	1	0	0	0
ENSG00000166736	1.15	18	23.207	2.167115e-06	1	0	1	0	0	0
ENSG00000137634	1.58	22	19.831	1.6677975e-06	1	0	1	0	0	0
ENSG00000109917	0.937	17	27.204	2.59826e-06	1	0	1	0	0	0
ENSG00000110245	1.757	3	3.743	4.102745e-07	5	0	5	0	0	0
ENSG00000168092	0.746	1	6.3598	1.31499225e-06	3	0	3	0	0	0
ENSG00000160613	0.514	11	35.423	3.0218675e-06	1	1	0	0	0	0
ENSG00000110274	0.837	55	82.231	7.2628e-06	6	0	6	0	0	0
ENSG00000137747	0.898	17	28.406	2.325235e-06	3	0	3	0	0	0
ENSG00000137648	1.014	16	23.954	1.853555e-06	1	0	1	0	0	0
ENSG00000160593	0.826	8	17.475	1.35311525e-06	1	0	1	0	0	0
ENSG00000149573	1.864	16	11.976	1.16193075e-06	1	0	1	0	0	0
ENSG00000198851	0.923	8	15.631	1.46433525e-06	1	0	1	1	0	1
ENSG00000118094	1.02	27	36.502	3.064245e-06	4	0	4	0	0	0
ENSG00000186174	0.242	5	43.386	3.6948825e-06	2	1	1	0	0	0
ENSG00000176302	1.18	11	15.424	1.5967775e-06	2	0	2	0	0	0
ENSG00000186166	1.272	22	24.694	2.1237325e-06	2	0	2	0	0	0
ENSG00000137700	0.878	11	20.73	1.64731225e-06	1	0	1	0	0	0
ENSG00000172269	1.082	10	15.676	1.16233275e-06	2	0	2	0	0	0
ENSG00000160703	1.545	42	35.154	3.67361e-06	2	0	2	1	0	1
ENSG00000170242	0.13	4	70.539	6.103365e-06	1	1	0	0	0	0
ENSG00000181264	1.079	5	9.7371	8.4079975e-07	1	0	1	0	0	0
ENSG00000149403	0.409	11	44.497	3.4781375e-06	1	0	1	1	0	1
ENSG00000109944	0.92	24	36.691	3.082e-06	1	0	1	0	0	0
ENSG00000188909	1.327	4	6.8471	5.00758e-07	6	0	6	6	0	6
ENSG00000221931	1.544	5	6.6307	6.3698575e-07	2	0	2	0	0	0
ENSG00000171014	1.87	7	5.8022	5.57775e-07	1	0	1	0	0	0
ENSG00000197125	1.631	3	4.3954	3.0630725e-07	5	0	5	0	0	0
ENSG00000154133	0.909	30	44.786	3.7558525e-06	1	0	1	0	0	0
ENSG00000149548	1.057	35	43.901	3.7015825e-06	3	0	3	1	0	1
ENSG00000110074	1.32	25	26.448	2.7202e-06	2	0	2	1	0	1
ENSG00000120457	1.142	7	11.514	1.16119375e-06	1	0	1	0	0	0
ENSG00000134909	0.254	13	81.333	7.4914375e-06	1	0	1	1	0	1
ENSG00000166106	0.719	15	32.122	2.5307575e-06	1	0	1	1	0	1
ENSG00000120451	0.857	24	39.4	3.4533475e-06	1	0	1	0	0	0
ENSG00000110680	1.596	3	4.5566	3.25553e-07	1	0	1	0	0	0
ENSG00000188487	1.315	28	29.183	2.5150125e-06	1	0	1	0	0	0
ENSG00000205869	1.342	2	4.5913	3.3243725e-07	1	0	1	0	0	0
ENSG00000205867	1.814	3	3.3652	2.464595e-07	1	0	1	0	0	0
ENSG00000241598	1.913	2	1.5347	1.07637175e-07	1	0	1	0	0	0
ENSG00000185940	1.376	2	4.4563	3.22806e-07	1	0	1	0	0	0
ENSG00000166689	0.531	27	70.08	7.576695e-06	1	0	1	1	0	1
ENSG00000188211	1.156	8	12.482	1.16970275e-06	1	0	1	0	0	0
ENSG00000006611	0.888	36	53.543	4.9782675e-06	1	0	1	0	0	0
ENSG00000129158	1.274	22	24.656	2.1708e-06	1	0	1	0	0	0
ENSG00000177951	1.616	4	5.3624	5.47457e-07	1	0	1	0	0	0
ENSG00000166788	0.999	17	25.535	1.929935e-06	1	0	1	1	0	1
ENSG00000134339	1.942	7	4.3594	4.5286975e-07	1	0	1	0	0	0
ENSG00000166800	1.642	14	13.151	1.06468025e-06	1	0	1	0	0	0
ENSG00000109854	1.903	16	11.213	9.3205375e-07	1	0	1	0	0	0
ENSG00000171714	0.949	42	57.217	5.4945025e-06	1	0	1	1	0	1
ENSG00000064201	0.988	10	17.175	1.5835115e-06	1	0	1	0	0	0
ENSG00000134343	0.766	38	65.041	5.9313425e-06	1	0	1	1	0	1
ENSG00000053918	0.814	17	31.333	2.5528675e-06	1	0	1	0	0	0
ENSG00000121621	0.477	14	45.87	4.2221725e-06	1	0	1	0	0	0
ENSG00000206013	1.949	7	4.1078	5.2295175e-07	1	0	1	0	0	0
ENSG00000186714	0.994	35	46.695	3.418675e-06	2	0	2	0	0	0
ENSG00000135372	0.911	43	60.866	5.51678e-06	3	0	3	0	0	0
ENSG00000179241	0.829	5	12.68	1.06695825e-06	2	0	2	0	0	0
ENSG00000185101	0.911	31	45.925	3.89002e-06	1	0	1	0	0	0
ENSG00000166199	1.324	19	21.05	2.206645e-06	1	0	1	0	0	0
ENSG00000151348	0.752	19	37.055	3.610965e-06	1	0	1	0	0	0
ENSG00000181963	1.933	8	5.2797	5.1866375e-07	1	0	1	0	0	0
ENSG00000197790	1.96	10	5.4435	5.25414e-07	2	0	2	0	0	0
ENSG00000175264	0.463	2	13.583	1.4149395e-06	1	0	1	0	0	0
ENSG00000165905	1.022	23	31.899	2.6969175e-06	4	0	4	0	0	0
ENSG00000167333	1.448	27	25.701	2.5582275e-06	1	0	1	0	0	0
ENSG00000149091	0.291	11	62.494	6.7695125e-06	1	1	0	0	0	0
ENSG00000175213	0.816	14	26.814	2.6376225e-06	1	0	1	0	0	0
ENSG00000175216	0.153	9	102.6	9.5530275e-06	1	1	0	0	0	0
ENSG00000167332	1.681	6	6.6729	7.9389975e-07	2	0	2	0	0	0
ENSG00000149179	1.286	18	20.75	2.1833625e-06	1	0	1	1	0	1
ENSG00000134574	0.848	12	22.927	2.318535e-06	1	0	1	0	0	0
ENSG00000109920	0.142	3	54.492	5.1236575e-06	1	0	1	1	0	1
ENSG00000030066	0.419	27	88.779	7.9574225e-06	1	0	1	0	0	0
ENSG00000176925	1.836	9	7.6333	9.3781575e-07	2	0	2	0	0	0
ENSG00000175619	1.692	4	4.9612	4.2617025e-07	8	0	8	0	0	0
ENSG00000176547	1.976	11	4.6301	3.26491e-07	3	0	3	1	0	1
ENSG00000176540	1.663	4	5.1175	3.5846675e-07	3	0	3	2	0	2
ENSG00000237388	1.938	9	5.789	4.05953e-07	2	0	2	0	0	0
ENSG00000182053	1.502	13	13.705	1.085735e-06	1	0	1	0	0	0
ENSG00000176787	1.298	2	4.7719	4.76973e-07	1	0	1	0	0	0
ENSG00000244734	1.978	10	3.7729	2.7364475e-07	6	0	6	0	0	0
ENSG00000213931	1.484	3	5.0548	3.58651e-07	1	0	1	1	0	1
ENSG00000184698	1.541	4	5.7424	4.15802e-07	1	0	1	0	0	0
ENSG00000185926	1.98	8	2.1534	1.5211345e-07	1	0	1	0	0	0
ENSG00000175520	1.014	10	16.734	1.3590615e-06	1	0	1	0	0	0
ENSG00000150244	1.985	31	13.912	1.30879475e-06	2	0	2	0	0	0
ENSG00000181961	1.881	5	4.2264	4.134905e-07	2	0	2	0	0	0
ENSG00000181939	1.957	10	5.6243	4.0144725e-07	1	0	1	0	0	0
ENSG00000181903	1.889	3	2.6407	1.891075e-07	2	0	2	0	0	0
ENSG00000187612	1.734	5	5.525	3.732905e-07	1	0	1	0	0	0
ENSG00000121236	1.152	21	26.246	3.05654e-06	4	0	4	0	0	0
ENSG00000181693	1.946	5	2.8979	2.0470175e-07	1	0	1	0	0	0
ENSG00000172487	1.905	8	5.9424	5.963e-07	5	0	5	0	0	0
ENSG00000181371	1.371	3	5.5674	3.8707575e-07	3	0	3	0	0	0
ENSG00000255223	1.833	5	4.7596	3.28032e-07	1	0	1	0	0	0
ENSG00000181273	1.722	5	5.6075	5.4067325e-07	1	0	1	0	0	0
ENSG00000109991	0.932	13	22.186	1.724915e-06	1	0	1	0	0	0
ENSG00000181023	1.956	11	6.2722	4.539585e-07	1	0	1	1	0	1
ENSG00000186652	1.268	7	10.356	8.5232375e-07	1	0	1	0	0	0
ENSG00000180988	1.902	5	3.9296	2.7202e-07	1	0	1	0	0	0
ENSG00000172772	1.592	3	4.5762	3.1759675e-07	2	0	2	0	0	0
ENSG00000197786	1.586	0	1.4138	9.6233775e-08	1	0	1	0	0	0
ENSG00000149124	1.827	6	5.5651	7.2673225e-07	1	0	1	0	0	0
ENSG00000166840	0.917	6	12.909	1.0563555e-06	1	0	1	0	0	0
ENSG00000166801	1.949	3	1.4333	1.0070435e-07	1	0	1	0	0	0
ENSG00000176495	1.849	6	5.3475	3.72252e-07	1	0	1	1	0	1
ENSG00000176200	1.919	7	4.9752	3.5448025e-07	3	0	3	0	0	0
ENSG00000166889	0.316	8	45.616	4.8827925e-06	1	0	1	1	0	1
ENSG00000149534	1.733	12	10.821	7.6837275e-07	1	0	1	0	0	0
ENSG00000166928	1.738	7	7.0667	5.89131e-07	3	0	3	0	0	0
ENSG00000166930	1.441	6	8.1394	7.1460525e-07	1	0	1	0	0	0
ENSG00000156738	1.266	8	11.394	8.0160475e-07	1	0	1	0	0	0
ENSG00000071203	1.787	12	10.283	7.3035025e-07	1	0	1	0	0	0
ENSG00000172689	1.823	15	11.916	8.496605e-07	1	0	1	0	0	0
ENSG00000070047	0.384	15	60.164	6.5577925e-06	8	0	8	0	0	0
ENSG00000006118	0.802	20	36.255	3.0000925e-06	2	0	2	2	0	2
ENSG00000110446	1.366	18	19.535	1.55646025e-06	1	0	1	0	0	0
ENSG00000013725	0.656	12	29.635	2.2661075e-06	1	0	1	0	0	0
ENSG00000180919	1.881	7	5.6615	4.1062625e-07	1	0	1	0	0	0
ENSG00000167987	0.86	4	10.648	7.57904e-07	1	1	0	0	0	0
ENSG00000180913	1.848	7	6.0783	5.7089025e-07	2	0	2	0	0	0
ENSG00000149476	1.129	21	26.788	1.91218e-06	3	0	3	1	0	1
ENSG00000162148	1.27	24	26.568	2.421715e-06	4	0	4	0	0	0
ENSG00000204950	1.717	2	3.0782	2.2517025e-07	1	0	1	0	0	0
ENSG00000180909	0.909	1	5.2115	3.6627225e-07	3	0	3	0	0	0
ENSG00000099834	1.239	23	26.292	2.460575e-06	1	0	1	1	0	1
ENSG00000168515	1.968	8	3.6026	2.54466e-07	1	0	1	0	0	0
ENSG00000124939	1.406	1	3.1878	2.2312675e-07	1	0	1	0	0	0
ENSG00000162174	1.391	8	10.34	7.239685e-07	1	0	1	0	0	0
ENSG00000132259	0.96	14	22.807	2.10581e-06	4	0	4	0	0	0
ENSG00000149480	0.364	8	39.689	3.500415e-06	4	0	4	4	0	4
ENSG00000149541	1.331	13	15.517	1.573026e-06	2	1	1	0	0	0
ENSG00000133316	1.122	16	21.661	1.718885e-06	3	0	3	1	0	1
ENSG00000197658	1.455	21	20.766	1.9997825e-06	3	0	3	0	0	0
ENSG00000170955	1.807	6	5.7493	4.2416025e-07	1	0	1	0	0	0
ENSG00000196600	1.579	23	20.585	1.6909125e-06	10	0	10	0	0	0
ENSG00000184999	1.543	27	24.105	2.21033e-06	8	0	8	0	0	0
ENSG00000149742	1.61	26	22.345	1.8068225e-06	5	0	5	1	0	1
ENSG00000133317	1.618	17	15.648	1.3384255e-06	1	0	1	0	0	0
ENSG00000133321	1.922	9	6.2277	4.42267e-07	3	0	3	0	0	0
ENSG00000167771	0.456	7	28.827	2.9950675e-06	1	0	1	0	0	0
ENSG00000069696	1.86	11	8.7018	6.337865e-07	1	0	1	0	0	0
ENSG00000133315	0.499	3	15.525	1.17389025e-06	1	0	1	0	0	0
ENSG00000168065	1.022	14	21.406	1.5403635e-06	2	0	2	1	0	1
ENSG00000197891	1.31	20	22.182	2.010335e-06	1	1	0	0	0	0
ENSG00000068976	0.874	27	42.605	3.983485e-06	1	0	1	0	0	0
ENSG00000171219	0.839	53	79.412	6.672865e-06	3	0	3	0	0	0
ENSG00000110046	0.346	22	90.875	7.91471e-06	1	0	1	0	0	0
ENSG00000179532	0.807	147	208.99	2.0249075e-05	11	0	11	0	0	0
ENSG00000168062	1.068	0	2.7307	1.94233e-07	1	0	1	1	0	1
ENSG00000149809	1.017	14	21.513	1.9904025e-06	1	0	1	0	0	0
ENSG00000149792	1.497	6	7.7958	7.227625e-07	1	0	1	0	0	0
ENSG00000173442	0.659	31	63.451	5.9326825e-06	3	0	3	0	0	0
ENSG00000172543	1.376	18	19.391	1.39157325e-06	5	0	5	0	0	0
ENSG00000132275	1.272	17	20.049	1.8309425e-06	3	0	3	0	0	0
ENSG00000175294	0.99	22	31.744	2.48637e-06	1	0	1	0	0	0
ENSG00000174791	0.923	14	23.701	2.1367975e-06	2	0	2	0	0	0
ENSG00000166341	0.242	15	95.631	1.06685775e-05	1	1	0	0	0	0
ENSG00000174516	0.658	7	19.995	1.8460175e-06	1	1	0	1	1	0
ENSG00000173237	1.897	7	5.4131	7.681885e-07	1	0	1	0	0	0
ENSG00000172830	1.018	26	35.425	3.01098e-06	2	1	1	0	0	0
ENSG00000175463	0.505	6	23.445	2.2269125e-06	1	0	1	0	0	0
ENSG00000172508	0.85	10	19.944	2.1421575e-06	4	0	4	0	0	0
ENSG00000167792	1.211	18	22.048	2.024405e-06	1	0	1	0	0	0
ENSG00000167800	1.362	13	15.162	1.26802525e-06	7	0	7	0	0	0
ENSG00000110719	0.866	27	43.019	4.0473025e-06	1	0	1	0	0	0
ENSG00000110090	0.661	22	47.51	4.6543225e-06	1	0	1	0	0	0
ENSG00000178358	1.304	4	6.977	4.9099275e-07	2	0	2	0	0	0
ENSG00000149050	1.499	25	23.272	1.8909075e-06	4	0	4	0	0	0
ENSG00000131620	0.33	11	55.239	4.920145e-06	2	0	2	0	0	0
ENSG00000158077	1.525	49	40.777	3.194225e-06	5	1	4	0	0	0
ENSG00000172893	1.349	20	21.544	1.57743125e-06	7	0	7	0	0	0
ENSG00000254469	1.963	4	1.4818	9.4578875e-07	5	0	5	0	0	0
ENSG00000177106	0.627	17	40.643	3.3401175e-06	1	0	1	0	0	0
ENSG00000186642	0.348	12	55.897	4.4556675e-06	2	1	1	0	0	0
ENSG00000054967	0.928	13	22.282	1.824745e-06	3	0	3	0	0	0
ENSG00000175575	1.214	18	21.983	1.8363025e-06	1	0	1	0	0	0
ENSG00000175564	1.737	13	11.509	9.5965775e-07	2	0	2	0	0	0
ENSG00000168014	0.644	46	91.392	8.016885e-06	1	0	1	0	0	0
ENSG00000175536	0.944	0	3.1348	2.2378e-07	1	0	1	0	0	0
ENSG00000054938	0.888	13	23.276	1.687395e-06	2	0	2	0	0	0
ENSG00000162139	1.343	13	15.379	1.3549745e-06	1	0	1	0	0	0
ENSG00000062282	1.247	19	22.355	2.2781675e-06	5	0	5	0	0	0
ENSG00000085741	0.812	6	14.58	1.34705175e-06	1	1	0	0	0	0
ENSG00000137474	0.841	74	106.81	8.82122e-06	2	0	2	2	0	2
ENSG00000177225	0.631	2	9.9713	7.0958025e-07	4	0	4	0	0	0
ENSG00000087884	1.793	8	7.3581	6.3517675e-07	2	0	2	0	0	0
ENSG00000183303	1.616	4	5.3616	4.8345525e-07	3	0	3	0	0	0
ENSG00000159063	0.83	18	32.148	3.295395e-06	1	0	1	0	0	0
ENSG00000182261	1.447	13	14.259	1.152735e-06	2	0	2	0	0	0
ENSG00000177595	1.1	29	35.93	3.1789825e-06	1	0	1	0	0	0
ENSG00000166402	0.561	10	30.248	2.9294075e-06	5	0	5	0	0	0
ENSG00000177666	0.741	7	17.753	1.4269995e-06	2	0	2	1	0	1
ENSG00000137494	1.223	24	27.609	1.7729875e-06	2	0	2	0	0	0
ENSG00000150672	0.338	13	61.24	6.23636e-06	3	1	2	3	1	2
ENSG00000171204	1.635	6	6.9638	4.80792e-07	2	0	2	1	0	1
ENSG00000179071	1.179	8	12.236	8.8260775e-07	3	0	3	0	0	0
ENSG00000168959	0.265	5	39.663	3.7404425e-06	1	1	0	0	0	0
ENSG00000077498	1.964	38	21.523	2.0071525e-06	2	0	2	0	0	0
ENSG00000176029	1.521	20	19.076	1.3767495e-06	4	0	4	0	0	0
ENSG00000168930	1.817	9	7.8395	5.551285e-07	1	0	1	0	0	0
ENSG00000189253	1.302	9	12.046	8.5001225e-07	5	0	5	0	0	0
ENSG00000077616	1.088	33	40.572	3.4848375e-06	2	0	2	0	0	0
ENSG00000180773	1.592	24	21.151	1.63776475e-06	1	0	1	0	0	0
ENSG00000165325	0.99	24	34.087	3.194895e-06	3	0	3	0	0	0
ENSG00000166004	0.489	43	113.41	9.38e-06	1	0	1	0	0	0
ENSG00000182919	1.306	12	14.883	1.02025925e-06	2	0	2	0	0	0
ENSG00000183560	1.948	16	9.7535	9.68753e-07	1	0	1	0	0	0
ENSG00000168876	1.344	6	8.777	8.4421675e-07	1	0	1	0	0	0
ENSG00000196371	1.137	10	14.918	1.15774325e-06	5	0	5	1	0	1
ENSG00000134627	0.585	18	45.598	3.637765e-06	2	0	2	1	0	1
ENSG00000149218	1.645	15	13.87	1.2953445e-06	1	0	1	1	0	1
ENSG00000166037	0.51	8	28.326	3.0185175e-06	2	0	2	0	0	0
ENSG00000184384	0.228	6	51.914	4.58079e-06	1	0	1	0	0	0
ENSG00000149231	0.856	15	26.978	2.5622475e-06	1	0	1	0	0	0
ENSG00000139354	1.122	23	29.044	2.542985e-06	1	0	1	0	0	0
ENSG00000173391	0.796	6	14.874	1.0712965e-06	1	0	1	1	0	1
ENSG00000136048	0.672	3	11.537	8.180365e-07	1	0	1	0	0	0
ENSG00000165685	1.555	5	6.5715	4.7012225e-07	1	0	1	0	0	0
ENSG00000136011	0.882	116	153.5	1.405392e-05	1	0	1	0	0	0
ENSG00000111696	0.808	16	30.06	2.5213775e-06	5	0	5	0	0	0
ENSG00000213809	1.797	18	14.284	1.12843075e-06	2	0	2	1	0	1
ENSG00000120820	1.458	21	20.729	2.0084925e-06	4	0	4	0	0	0
ENSG00000205809	1.71	11	10.305	7.6039975e-07	1	0	1	0	0	0
ENSG00000134545	1.418	8	10.136	9.4103175e-07	1	0	1	0	0	0
ENSG00000136010	0.922	34	49.105	4.02e-06	2	0	2	0	0	0
ENSG00000136051	0.45	25	77.585	7.5654725e-06	1	1	0	0	0	0
ENSG00000136044	1.096	32	39.234	2.9686025e-06	1	0	1	0	0	0
ENSG00000166046	1.261	20	23.053	2.0453425e-06	1	0	1	0	0	0
ENSG00000008405	0.814	20	35.713	3.5890225e-06	1	0	1	0	0	0
ENSG00000151136	0.204	4	44.878	3.5813175e-06	1	0	1	1	0	1
ENSG00000136045	1.01	23	32.256	2.8386225e-06	1	0	1	0	0	0
ENSG00000110851	0.607	10	27.929	2.241485e-06	4	0	4	0	0	0
ENSG00000076248	0.85	7	15.471	1.24537925e-06	1	0	1	0	0	0
ENSG00000076555	0.857	92	127.71	1.14179725e-05	1	0	1	0	0	0
ENSG00000134551	1.649	1	2.3857	2.940295e-07	2	0	2	0	0	0
ENSG00000174527	0.962	47	62.297	5.426665e-06	2	0	2	1	0	1
ENSG00000110921	0.545	5	19.298	1.571552e-06	1	0	1	0	0	0
ENSG00000139437	1.017	30	40.013	4.0653925e-06	3	0	3	0	0	0
ENSG00000076513	0.571	13	36.185	3.33928e-06	1	0	1	0	0	0
ENSG00000111231	1.058	11	17.214	1.767795e-06	1	0	1	0	0	0
ENSG00000173093	1.294	29	30.548	3.3505025e-06	2	0	2	0	0	0
ENSG00000111271	1.103	50	57.385	5.8697025e-06	1	0	1	0	0	0
ENSG00000111300	0.108	2	58.509	5.4321925e-06	1	1	0	0	0	0
ENSG00000173064	0.128	17	199.7	1.912515e-05	3	2	1	0	0	0
ENSG00000089127	0.941	10	18.033	1.680695e-06	2	0	2	0	0	0
ENSG00000111331	1.27	50	49.839	4.1444525e-06	1	0	1	0	0	0
ENSG00000111335	1.249	33	35.34	2.9196925e-06	3	0	3	0	0	0
ENSG00000123064	0.66	22	47.587	4.59352e-06	1	1	0	1	1	0
ENSG00000151176	1.033	21	29.277	2.593235e-06	3	0	3	0	0	0
ENSG00000121335	1.974	9	3.7133	2.6325975e-07	3	0	3	0	0	0
ENSG00000089250	0.176	7	74.806	6.83199e-06	1	1	0	0	0	0
ENSG00000171435	0.131	2	47.958	3.99722e-06	1	1	0	0	0	0
ENSG00000183273	0.944	19	29.544	2.6413075e-06	5	0	5	1	0	1
ENSG00000122966	0.267	23	122.22	1.17157875e-05	1	1	0	0	0	0
ENSG00000089159	0.525	8	27.501	2.10581e-06	5	0	5	0	0	0
ENSG00000089163	1.773	13	11.136	7.94754e-07	1	0	1	0	0	0
ENSG00000122971	0.95	12	20.474	1.66111425e-06	2	0	2	0	0	0
ENSG00000110931	0.47	8	30.692	2.71886e-06	1	0	1	0	0	0
ENSG00000089053	0.754	21	40.081	3.146655e-06	1	0	1	0	0	0
ENSG00000170633	0.487	3	15.928	1.27398825e-06	1	0	1	0	0	0
ENSG00000158113	1.236	24	27.307	2.2389725e-06	1	0	1	0	0	0
ENSG00000130783	1.083	28	35.453	2.9052875e-06	1	0	1	0	0	0
ENSG00000150967	0.653	11	27.897	2.1217225e-06	5	0	5	0	0	0
ENSG00000111325	1.46	16	16.619	1.0951485e-06	2	0	2	0	0	0
ENSG00000090975	0.178	5	58.915	4.783465e-06	7	1	6	7	1	6
ENSG00000111364	0.869	17	29.332	2.4724675e-06	2	0	2	0	0	0
ENSG00000185344	0.748	25	46.652	4.0181575e-06	2	0	2	0	0	0
ENSG00000197653	0.687	128	215.89	1.9394825e-05	3	0	3	0	0	0
ENSG00000150991	0.636	4	14.381	1.07560125e-06	2	0	2	0	0	0
ENSG00000139364	0.253	5	41.492	3.8787975e-06	2	0	2	0	0	0
ENSG00000213782	0.963	17	26.468	3.3816575e-06	1	0	1	0	0	0
ENSG00000151948	1.417	12	13.696	1.4155425e-06	1	0	1	0	0	0
ENSG00000013588	1.627	11	11.002	1.09164775e-06	1	0	1	1	0	1
ENSG00000084444	0.499	9	31.469	2.990545e-06	1	0	1	0	0	0
ENSG00000198598	1.074	15	21.513	1.69778e-06	1	0	1	0	0	0
ENSG00000177169	0.288	8	50.143	4.154335e-06	1	0	1	1	0	1
ENSG00000177084	0.64	64	123.1	1.05928675e-05	1	0	1	1	0	1
ENSG00000090612	0.992	26	36.376	2.881335e-06	5	0	5	0	0	0
ENSG00000070019	1.079	51	59.7	5.395175e-06	1	0	1	0	0	0
ENSG00000023697	0.912	8	15.832	1.37787175e-06	1	0	1	1	0	1
ENSG00000188991	1.181	16	20.582	1.6755025e-06	3	0	3	0	0	0
ENSG00000111186	0.494	3	15.703	1.373634e-06	1	0	1	1	0	1
ENSG00000172572	0.515	15	44.822	3.471605e-06	1	1	0	0	0	0
ENSG00000151067	0.103	5	101.83	8.9640975e-06	1	0	1	0	0	0
ENSG00000111700	1.545	33	28.537	2.00464e-06	5	0	5	0	0	0
ENSG00000257046	1.67	35	27.708	2.38252e-06	1	0	1	0	0	0
ENSG00000134538	1.354	32	31.744	2.5089825e-06	3	0	3	0	0	0
ENSG00000084453	1.27	26	28.417	2.0038025e-06	1	0	1	1	0	1
ENSG00000121350	0.966	17	26.391	2.3501925e-06	1	0	1	0	0	0
ENSG00000111713	1.125	36	42.243	4.1464625e-06	1	0	1	1	0	1
ENSG00000139163	0.36	3	21.519	1.7582475e-06	1	0	1	0	0	0
ENSG00000118307	0.983	27	37.89	3.7856675e-06	3	0	3	0	0	0
ENSG00000123095	0.206	0	14.48	1.1426515e-06	2	0	2	0	0	0
ENSG00000123104	0.615	71	140.73	1.27730475e-05	1	1	0	0	0	0
ENSG00000064115	0.84	16	28.93	2.616685e-06	1	0	1	0	0	0
ENSG00000214700	1.724	4	4.7752	3.36206e-07	1	0	1	0	0	0
ENSG00000029153	0.859	17	29.673	2.66124e-06	1	0	1	0	0	0
ENSG00000110841	0.793	38	62.788	5.72515e-06	1	1	0	0	0	0
ENSG00000205693	1.881	6	4.9548	3.495725e-07	5	0	5	0	0	0
ENSG00000087448	0.724	6	16.347	1.31237925e-06	1	0	1	0	0	0
ENSG00000053702	1.544	15	14.892	1.22893075e-06	3	0	3	0	0	0
ENSG00000187950	1.223	55	56.298	4.2921875e-06	2	0	2	0	0	0
ENSG00000110900	1.291	11	14.097	1.146906e-06	3	0	3	0	0	0
ENSG00000174718	0.408	16	59.616	4.8161275e-06	2	1	1	0	0	0
ENSG00000139133	1.203	11	15.134	1.085869e-06	2	0	2	0	0	0
ENSG00000139116	0.456	31	91.801	8.331115e-06	1	0	1	0	0	0
ENSG00000180116	1.223	22	25.677	1.9622625e-06	1	0	1	0	0	0
ENSG00000120647	1.307	30	31.137	2.995235e-06	3	0	3	0	0	0
ENSG00000173157	0.834	77	111.65	1.03791375e-05	3	1	2	1	0	1
ENSG00000111241	1.428	6	8.2237	7.2907725e-07	1	0	1	1	0	1
ENSG00000139211	0.55	2	11.437	9.4897125e-07	1	1	0	1	1	0
ENSG00000130035	1.388	29	28.484	2.415015e-06	2	0	2	0	0	0
ENSG00000167535	0.644	11	28.268	2.4496875e-06	1	1	0	0	0	0
ENSG00000174243	0.361	11	50.504	6.3313325e-06	1	1	0	0	0	0
ENSG00000135436	1.242	37	39.198	3.3602175e-06	1	0	1	0	0	0
ENSG00000167566	0.368	9	42.681	4.1608675e-06	1	1	0	0	0	0
ENSG00000167580	1.569	9	9.8714	9.27347e-07	1	0	1	0	0	0
ENSG00000185958	0.796	56	87.922	7.4401825e-06	5	0	5	0	0	0
ENSG00000186452	1.42	9	11.021	8.850365e-07	2	0	2	0	0	0
ENSG00000214511	1.806	5	5.0007	4.9708975e-07	1	0	1	0	0	0
ENSG00000139610	0.98	8	14.73	1.05061025e-06	1	0	1	1	0	1
ENSG00000139629	0.899	19	31.001	3.0915475e-06	2	0	2	1	0	1
ENSG00000167612	1.875	22	15.627	1.4324265e-06	2	0	2	0	0	0
ENSG00000167767	0.954	12	20.385	1.604851e-06	1	0	1	0	0	0
ENSG00000170442	1.195	12	16.264	1.2012095e-06	2	0	2	0	0	0
ENSG00000170523	1.408	21	21.468	1.7177125e-06	3	0	3	0	0	0
ENSG00000161849	1.145	17	22.269	1.7321175e-06	1	0	1	0	0	0
ENSG00000161850	1.562	25	22.311	1.727595e-06	4	0	4	1	0	1
ENSG00000170454	1.016	15	22.722	2.0932475e-06	2	0	2	0	0	0
ENSG00000170465	1.85	28	19.947	1.469042e-06	1	0	1	0	0	0
ENSG00000186049	1.257	19	22.176	1.7240775e-06	2	0	2	0	0	0
ENSG00000189182	1.263	20	23.011	1.89878e-06	3	0	3	0	0	0
ENSG00000185069	1.423	21	21.241	1.5218045e-06	1	0	1	0	0	0
ENSG00000185640	1.466	24	23.015	1.93362e-06	1	0	1	0	0	0
ENSG00000167780	1.48	39	34.412	3.2248775e-06	3	0	3	0	0	0
ENSG00000139626	0.649	16	37.464	3.10076e-06	1	0	1	0	0	0
ENSG00000139625	0.116	1	40.948	4.2550025e-06	1	1	0	0	0	0
ENSG00000012822	0.639	17	39.912	3.759705e-06	1	0	1	0	0	0
ENSG00000123364	0.66	2	9.5441	6.8723575e-07	1	0	1	1	0	1
ENSG00000139572	1.585	13	12.927	1.6437445e-06	3	0	3	0	0	0
ENSG00000123307	0.87	3	8.9119	8.73881e-07	1	0	1	0	0	0
ENSG00000205328	1.938	6	3.8312	2.6557125e-07	6	0	6	0	0	0
ENSG00000179626	1.959	10	5.458	3.8285475e-07	2	0	2	0	0	0
ENSG00000139540	1.2	18	22.239	2.1820225e-06	3	0	3	0	0	0
ENSG00000111602	0.949	60	78.371	8.39175e-06	1	0	1	0	0	0
ENSG00000135423	0.831	22	37.781	3.84513e-06	3	0	3	1	0	1
ENSG00000025423	0.591	3	13.111	1.4013385e-06	1	0	1	0	0	0
ENSG00000166856	1.346	7	9.7421	8.5004575e-07	2	0	2	0	0	0
ENSG00000166866	1.325	66	61.125	6.2877825e-06	4	0	4	0	0	0
ENSG00000166881	0.358	4	25.582	2.63243e-06	2	0	2	0	0	0
ENSG00000185482	0.754	10	22.49	2.051205e-06	1	0	1	0	0	0
ENSG00000111087	0.924	27	40.312	3.691365e-06	1	0	1	0	0	0
ENSG00000155980	0.252	8	57.245	6.20755e-06	1	1	0	0	0	0
ENSG00000111012	0.983	14	22.268	1.66640725e-06	2	0	2	0	0	0
ENSG00000135407	0.778	29	50.808	4.7591775e-06	1	0	1	0	0	0
ENSG00000257230	1.957	5	2.4393	1.708835e-07	1	0	1	0	0	0
ENSG00000008323	1.001	35	46.375	5.522475e-06	3	0	3	1	0	1
ENSG00000111319	0.939	23	34.72	3.7146475e-06	1	0	1	0	0	0
ENSG00000118600	0.928	13	22.28	1.846855e-06	1	0	1	0	0	0
ENSG00000185306	1.579	22	19.836	1.56547175e-06	4	0	4	0	0	0
ENSG00000139192	1.224	17	20.839	2.20698e-06	3	0	3	0	0	0
ENSG00000010292	0.582	34	77.788	7.480885e-06	2	0	2	0	0	0
ENSG00000139233	1.045	1	4.5124	3.1575425e-07	1	0	1	0	0	0
ENSG00000155957	1.38	10	12.269	7.39479e-07	3	0	3	0	0	0
ENSG00000184574	1.073	3	7.2187	7.0807275e-07	1	1	0	0	0	0
ENSG00000127311	1.172	41	45.374	3.8741075e-06	1	0	1	0	0	0
ENSG00000111644	0.934	20	31.121	2.7903825e-06	3	0	3	0	0	0
ENSG00000111581	0.57	26	63.292	5.82766e-06	1	0	1	0	0	0
ENSG00000135678	0.879	11	20.708	1.7120175e-06	1	0	1	0	0	0
ENSG00000090382	1.787	8	7.4095	6.9169125e-07	3	0	3	0	0	0
ENSG00000127337	1.189	8	12.134	8.4822e-07	1	0	1	0	0	0
ENSG00000127325	1.431	28	26.831	2.307815e-06	5	0	5	0	0	0
ENSG00000166268	1.012	38	49.234	1.3569845e-06	1	0	1	0	0	0
ENSG00000139178	1.156	14	18.936	1.35599625e-06	1	0	1	0	0	0
ENSG00000133858	0.157	10	107.75	9.6893725e-06	1	0	1	1	0	1
ENSG00000139291	0.845	6	14.023	1.15744175e-06	2	0	2	0	0	0
ENSG00000177675	0.862	52	75.963	6.8117225e-06	10	0	10	0	0	0
ENSG00000180481	1.636	9	9.3748	1.00397825e-06	2	0	2	0	0	0
ENSG00000111615	0.721	9	21.797	1.9770025e-06	6	0	6	0	0	0
ENSG00000139289	0.448	2	14.051	1.02421225e-06	4	0	4	0	0	0
ENSG00000091039	0.416	15	55.541	4.9447675e-06	2	0	2	0	0	0
ENSG00000187569	0.892	2	7.0544	6.1835975e-07	1	0	1	0	0	0
ENSG00000205857	1.124	5	9.3442	8.2471975e-07	1	0	1	0	0	0
ENSG00000111704	0.557	1	8.5145	6.0733825e-07	3	0	3	0	0	0
ENSG00000165899	1.134	35	40.918	1.1267055e-05	3	0	3	0	0	0
ENSG00000111046	1.132	5	9.2791	8.39845e-07	1	0	1	0	0	0
ENSG00000111058	0.91	23	35.795	2.96944e-06	1	0	1	0	0	0
ENSG00000196946	1.701	5	5.7369	4.0529975e-07	3	0	3	0	0	0
ENSG00000171847	1.874	8	6.4535	4.6017275e-07	1	0	1	0	0	0
ENSG00000127720	1.05	23	31.029	2.65923e-06	1	0	1	0	0	0
ENSG00000133640	0.938	68	88.681	7.7386675e-06	3	0	3	0	0	0
ENSG00000166523	1.292	9	12.15	8.5925825e-07	1	0	1	1	0	1
ENSG00000198774	1.245	14	17.572	1.9867175e-06	2	0	2	0	0	0
ENSG00000198707	0.983	104	124.51	1.0698895e-05	8	0	8	2	0	2
ENSG00000166535	0.952	63	81.637	6.6556125e-06	4	0	4	0	0	0
ENSG00000197651	1.068	9	14.7	1.46145425e-06	1	0	1	0	0	0
ENSG00000126838	0.975	64	80.804	6.9278e-06	1	0	1	0	0	0
ENSG00000257127	1.826	4	4.0584	4.467225e-07	2	0	2	0	0	0
ENSG00000187510	1.543	27	24.108	2.2259075e-06	5	0	5	0	0	0
ENSG00000120798	0.381	7	34.467	3.31583e-06	1	1	0	0	0	0
ENSG00000258292	1.905	1	0.85441	6.087955e-08	2	0	2	0	0	0
ENSG00000165972	1.063	24	31.749	2.50982e-06	2	0	2	0	0	0
ENSG00000084110	1.305	35	35.546	3.0329225e-06	3	0	3	0	0	0
ENSG00000111796	1.441	11	12.597	1.147375e-06	1	0	1	0	0	0
ENSG00000110852	1.188	4	7.6886	8.1332975e-07	1	0	1	1	0	1
ENSG00000166130	1.389	12	13.977	1.1388325e-06	1	0	1	0	0	0
ENSG00000256797	1.926	13	8.7052	6.7835825e-07	3	0	3	0	0	0
ENSG00000188393	1.751	7	6.962	4.88162e-07	3	0	3	0	0	0
ENSG00000180219	1.006	2	6.2513	7.5413525e-07	4	0	4	0	0	0
ENSG00000165682	1.446	12	13.417	9.5721225e-07	1	0	1	0	0	0
ENSG00000102452	0.522	41	101.87	9.0153525e-06	1	0	1	1	0	1
ENSG00000139780	1.449	10	11.664	8.25842e-07	2	0	2	0	0	0
ENSG00000175820	0.678	16	35.824	2.9223725e-06	2	0	2	0	0	0
ENSG00000134897	0.672	11	27.103	2.2215525e-06	1	1	0	0	0	0
ENSG00000125255	1.944	20	12.355	1.03014175e-06	2	0	2	0	0	0
ENSG00000182346	1.883	1	1.1067	4.5920125e-07	1	0	1	0	0	0
ENSG00000185950	0.286	3	27.153	2.28068e-06	1	0	1	0	0	0
ENSG00000134871	0.585	40	88.988	7.5302975e-06	1	0	1	0	0	0
ENSG00000153498	1.412	10	11.978	1.01443025e-06	1	0	1	0	0	0
ENSG00000057593	0.991	11	18.378	1.760425e-06	4	0	4	0	0	0
ENSG00000126231	1.73	22	17.892	1.616308e-06	2	0	2	0	0	0
ENSG00000126226	1.078	23	30.235	2.7129975e-06	2	0	2	0	0	0
ENSG00000150401	1.692	5	5.7912	9.0632575e-07	1	0	1	0	0	0
ENSG00000185974	0.816	11	22.302	1.8617625e-06	3	0	3	0	0	0
ENSG00000165474	1.984	17	6.5002	4.715125e-07	7	0	7	0	0	0
ENSG00000121742	1.739	10	9.3055	1.1177275e-06	3	0	3	0	0	0
ENSG00000150456	1.573	9	9.8444	6.9664925e-07	1	0	1	1	0	1
ENSG00000150459	0.915	3	8.4769	7.1855825e-07	2	0	2	0	0	0
ENSG00000180776	0.773	9	20.319	1.648334e-06	1	0	1	0	0	0
ENSG00000151835	0.536	66	151.18	1.443448e-05	1	0	1	0	0	0
ENSG00000240654	1.292	9	12.149	1.4174185e-06	4	0	4	0	0	0
ENSG00000102699	0.837	55	82.227	6.9108825e-06	1	0	1	0	0	0
ENSG00000075673	0.815	29	48.507	3.841445e-06	4	1	3	0	0	0
ENSG00000132972	0.089	3	87.49	7.0361725e-06	1	1	0	0	0	0
ENSG00000151849	0.972	50	65.127	6.041725e-06	8	0	8	0	0	0
ENSG00000151846	1.667	20	17.276	2.2681175e-06	3	0	3	0	0	0
ENSG00000139505	0.756	18	35.286	3.102435e-06	1	0	1	0	0	0
ENSG00000139517	0.691	14	31.664	3.42303e-06	1	1	0	0	0	0
ENSG00000139515	1.053	4	8.6907	6.21827e-07	2	0	2	0	0	0
ENSG00000183463	1.889	3	2.6439	1.889735e-07	4	0	4	0	0	0
ENSG00000152520	0.15	2	41.955	4.0741025e-06	1	0	1	0	0	0
ENSG00000175664	1.399	14	15.626	1.248612e-06	1	0	1	0	0	0
ENSG00000133105	1.004	29	39.403	3.44313e-06	1	0	1	0	0	0
ENSG00000139618	0.634	61	119.02	9.0277475e-06	1	0	1	1	0	1
ENSG00000083642	0.18	8	80.166	7.46447e-06	1	0	1	0	0	0
ENSG00000133116	0.568	13	36.408	3.039455e-06	1	1	0	0	0	0
ENSG00000133101	0.68	10	24.93	2.4731375e-06	1	0	1	1	0	1
ENSG00000120693	0.858	9	18.303	1.7294375e-06	1	0	1	0	0	0
ENSG00000150893	0.475	38	104.8	1.00940525e-05	1	0	1	1	0	1
ENSG00000102738	0.873	10	19.435	1.89074e-06	2	0	2	0	0	0
ENSG00000102760	1.518	4	5.8553	4.1357425e-07	1	0	1	0	0	0
ENSG00000133106	1.846	30	21.291	1.9012925e-06	4	0	4	0	0	0
ENSG00000120658	0.649	16	37.425	3.3876875e-06	2	0	2	0	0	0
ENSG00000151773	1.247	10	13.6	1.39086975e-06	2	0	2	0	0	0
ENSG00000165837	1.07	26	33.711	2.71417e-06	2	0	2	0	0	0
ENSG00000174015	1.093	9	14.372	1.176051e-06	5	0	5	0	0	0
ENSG00000136159	1.408	5	7.3909	5.253135e-07	1	0	1	0	0	0
ENSG00000136146	0.788	6	15.021	1.21914875e-06	3	0	3	0	0	0
ENSG00000102539	1.159	4	7.8862	5.8362025e-07	1	0	1	0	0	0
ENSG00000102547	1.003	9	15.665	1.21181225e-06	1	0	1	0	0	0
ENSG00000136169	0.59	15	39.155	3.7739425e-06	1	1	0	0	0	0
ENSG00000152213	1.886	3	2.682	1.8912425e-07	1	0	1	1	0	1
ENSG00000150510	1.434	15	16.09	1.46604375e-06	1	0	1	0	0	0
ENSG00000123191	1.188	47	50.435	3.8657325e-06	3	0	3	1	0	1
ENSG00000197168	1.171	38	42.52	3.74195e-06	1	0	1	0	0	0
ENSG00000136114	0.883	16	27.529	2.631425e-06	1	0	1	0	0	0
ENSG00000136108	1.125	22	27.931	2.4818475e-06	2	0	2	1	0	1
ENSG00000136110	1.235	11	14.738	1.04870075e-06	1	0	1	0	0	0
ENSG00000102837	1.102	11	16.529	1.4285405e-06	1	0	1	0	0	0
ENSG00000118946	0.401	6	29.552	2.2838625e-06	6	0	6	6	0	6
ENSG00000139734	0.716	32	60.007	4.95867e-06	1	0	1	0	0	0
ENSG00000083544	0.655	15	35.24	3.8928675e-06	1	0	1	0	0	0
ENSG00000204899	1.707	2	3.126	2.181855e-07	1	0	1	1	0	1
ENSG00000083535	0.719	26	50.194	5.244425e-06	2	1	1	1	0	1
ENSG00000177596	1.897	1	0.94965	6.7737e-08	2	0	2	0	0	0
ENSG00000136111	0.856	39	59.491	5.70974e-06	2	0	2	0	0	0
ENSG00000188243	0.99	2	6.3495	4.5052475e-07	1	0	1	0	0	0
ENSG00000102794	1.217	10	13.931	1.126203e-06	1	1	0	0	0	0
ENSG00000102805	1.226	14	17.856	1.52208925e-06	2	0	2	0	0	0
ENSG00000005810	0.115	18	232.84	2.183865e-05	1	1	0	0	0	0
ENSG00000136155	1.009	38	49.383	3.9112925e-06	1	0	1	0	0	0
ENSG00000152193	0.866	16	28.07	2.41937e-06	1	0	1	1	0	1
ENSG00000152749	1.107	16	21.95	1.561033e-06	1	0	1	0	0	0
ENSG00000102595	1.059	69	79.636	6.2938125e-06	1	0	1	0	0	0
ENSG00000185352	0.216	0	13.842	9.9627325e-07	1	0	1	0	0	0
ENSG00000165621	1.588	7	8.0862	8.43396e-07	1	0	1	0	0	0
ENSG00000043355	0.267	0	11.202	8.15725e-07	2	0	2	0	0	0
ENSG00000183092	0.32	2	19.666	1.7103425e-06	1	1	0	1	1	0
ENSG00000080824	0.353	7	37.275	3.255195e-06	1	0	1	0	0	0
ENSG00000196663	0.346	13	59.736	4.28197e-06	1	0	1	0	0	0
ENSG00000198752	0.12	6	98.437	9.3302525e-06	1	1	0	1	1	0
ENSG00000205436	0.981	17	25.982	2.189895e-06	1	0	1	0	0	0
ENSG00000126214	0.471	11	38.655	2.974465e-06	1	0	1	0	0	0
ENSG00000099814	0.277	8	52.102	4.79385e-06	1	1	0	0	0	0
ENSG00000166428	1.303	20	22.308	1.8858825e-06	1	0	1	0	0	0
ENSG00000185567	1.01	7	13.015	1.17402425e-06	5	0	5	1	0	1
ENSG00000179364	0.285	7	46.174	3.67026e-06	1	0	1	1	0	1
ENSG00000176219	1.562	5	6.5301	5.32985e-07	6	0	6	0	0	0
ENSG00000129566	0.838	98	138.32	1.2132025e-05	2	0	2	0	0	0
ENSG00000185271	0.935	11	19.471	2.1863775e-06	2	0	2	0	0	0
ENSG00000092094	1.084	14	20.188	1.98119e-06	1	0	1	0	0	0
ENSG00000181803	1.313	3	5.8424	4.8687225e-07	1	0	1	0	0	0
ENSG00000169413	1.909	1	0.79796	5.8278275e-08	2	0	2	0	0	0
ENSG00000165794	1.196	8	12.063	1.120173e-06	3	0	3	0	0	0
ENSG00000165799	1.837	1	1.4833	1.057796e-07	1	0	1	0	0	0
ENSG00000169327	1.891	8	6.1902	4.3397575e-07	2	0	2	0	0	0
ENSG00000100439	1.028	10	16.499	2.4751475e-06	5	0	5	0	0	0
ENSG00000255804	1.647	2	3.394	2.3277475e-07	1	0	1	0	0	0
ENSG00000155465	0.959	13	21.555	1.956735e-06	1	0	1	0	0	0
ENSG00000197324	0.892	16	27.253	2.64047e-06	1	0	1	0	0	0
ENSG00000100802	0.646	7	20.355	1.974825e-06	1	1	0	0	0	0
ENSG00000092068	0.994	15	23.227	1.7914125e-06	3	0	3	0	0	0
ENSG00000166090	1.6	5	6.3228	5.9336875e-07	3	0	3	0	0	0
ENSG00000100867	1.438	10	11.752	9.563245e-07	2	0	2	0	0	0
ENSG00000100889	1.393	34	32.498	3.5702625e-06	4	0	4	0	0	0
ENSG00000092295	0.93	26	38.801	3.9009075e-06	2	0	2	1	0	1
ENSG00000129467	0.892	37	54.558	4.6178075e-06	1	0	1	0	0	0
ENSG00000100441	0.89	17	28.642	2.5944075e-06	2	0	2	0	0	0
ENSG00000184304	0.622	18	42.888	3.6382675e-06	2	0	2	0	0	0
ENSG00000100478	1.633	9	9.3924	1.033877e-06	1	0	1	1	0	1
ENSG00000129493	1.626	2	3.4821	2.431095e-07	1	0	1	0	0	0
ENSG00000129480	1.657	5	5.9992	4.2060925e-07	4	0	4	4	0	4
ENSG00000151327	1.139	6	10.395	7.4626275e-07	1	0	1	0	0	0
ENSG00000151332	0.782	9	20.08	1.876335e-06	1	0	1	0	0	0
ENSG00000151338	1.1	20	26.411	2.272975e-06	2	1	1	0	0	0
ENSG00000165355	0.241	1	19.701	2.0295975e-06	1	0	1	0	0	0
ENSG00000165379	0.462	4	19.819	1.7160375e-06	1	0	1	0	0	0
ENSG00000198718	0.508	27	73.236	6.7135675e-06	1	0	1	0	0	0
ENSG00000129534	0.79	28	48.58	3.85451e-06	1	0	1	0	0	0
ENSG00000165501	1.435	13	14.372	1.412829e-06	1	0	1	0	0	0
ENSG00000197776	0.901	16	26.985	2.2567275e-06	1	0	1	1	0	1
ENSG00000165525	0.415	21	72.93	6.680235e-06	1	0	1	0	0	0
ENSG00000214900	1.817	6	5.6656	5.6425725e-07	2	0	2	0	0	0
ENSG00000168229	1.502	9	10.372	1.0384665e-06	3	0	3	0	0	0
ENSG00000100519	0.246	2	25.573	2.245505e-06	1	0	1	0	0	0
ENSG00000198554	0.8	38	62.247	5.6834425e-06	1	1	0	0	0	0
ENSG00000126787	0.899	29	43.979	4.1943675e-06	1	0	1	0	0	0
ENSG00000126777	0.349	22	89.963	7.48122e-06	1	0	1	0	0	0
ENSG00000100557	0.866	8	16.665	1.65139925e-06	1	0	1	0	0	0
ENSG00000139971	0.883	15	26.162	2.13663e-06	1	0	1	0	0	0
ENSG00000100578	0.739	33	59.727	4.968385e-06	5	0	5	1	0	1
ENSG00000126790	1.471	10	11.476	9.6069625e-07	1	0	1	0	0	0
ENSG00000151838	0.75	20	38.771	3.47663e-06	2	0	2	0	0	0
ENSG00000139970	0.297	3	26.141	1.8560675e-06	1	1	0	0	0	0
ENSG00000126773	1.237	35	37.528	3.0552e-06	2	0	2	0	0	0
ENSG00000126814	0.588	6	20.124	2.0942525e-06	5	0	5	0	0	0
ENSG00000139974	1.456	29	27.144	2.0728125e-06	2	0	2	0	0	0
ENSG00000140015	0.442	12	44.015	4.2536625e-06	2	0	2	0	0	0
ENSG00000126785	1.019	5	10.317	7.29027e-07	1	0	1	0	0	0
ENSG00000140006	1.189	8	12.139	1.12819625e-06	1	0	1	1	0	1
ENSG00000054654	0.364	115	368.36	3.067595e-05	1	0	1	0	0	0
ENSG00000165807	1.142	18	23.371	2.1267475e-06	1	0	1	0	0	0
ENSG00000070182	0.142	8	101.55	9.61115e-06	1	0	1	0	0	0
ENSG00000054690	0.537	27	69.318	5.87724e-06	2	0	2	0	0	0
ENSG00000081181	0.859	9	18.276	1.8275925e-06	1	0	1	0	0	0
ENSG00000029364	0.589	2	10.697	1.19301875e-06	1	1	0	0	0	0
ENSG00000100652	1.975	18	8.8099	6.161655e-07	1	0	1	0	0	0
ENSG00000119707	0.077	1	61.742	8.3426725e-06	1	0	1	0	0	0
ENSG00000187105	1.202	46	48.932	4.2077675e-06	2	0	2	0	0	0
ENSG00000184227	1.528	7	8.476	5.9122475e-07	4	0	4	0	0	0
ENSG00000119673	1.327	9	11.818	8.4096725e-07	2	0	2	0	0	0
ENSG00000177465	1.655	12	11.535	9.288545e-07	3	0	3	0	0	0
ENSG00000205669	1.631	4	5.2881	3.679305e-07	1	0	1	0	0	0
ENSG00000140043	1.077	13	19.198	1.60935675e-06	1	0	1	0	0	0
ENSG00000156050	1.088	24	31.032	2.786195e-06	2	0	2	0	0	0
ENSG00000119636	1.269	26	28.427	2.27331e-06	1	0	1	0	0	0
ENSG00000198208	1.051	18	25.405	2.36443e-06	3	0	3	0	0	0
ENSG00000140044	0.71	2	8.8683	1.060342e-06	1	0	1	1	0	1
ENSG00000119685	0.757	48	80.622	8.29326e-06	1	0	1	0	0	0
ENSG00000119669	0.405	3	19.139	1.4570825e-06	8	0	8	0	0	0
ENSG00000100577	1.483	16	16.36	1.56198775e-06	1	0	1	0	0	0
ENSG00000100601	1.026	11	17.741	1.68974e-06	4	0	4	0	0	0
ENSG00000119705	1.905	8	5.9354	4.1896775e-07	1	0	1	0	0	0
ENSG00000054983	0.937	29	42.215	3.6144825e-06	1	0	1	0	0	0
ENSG00000100433	0.747	9	21.018	1.92156e-06	1	0	1	0	0	0
ENSG00000042317	1.191	21	25.4	2.3816825e-06	4	0	4	0	0	0
ENSG00000100722	0.342	8	42.227	4.1049225e-06	2	0	2	1	0	1
ENSG00000042088	1.107	30	36.771	3.110475e-06	1	0	1	0	0	0
ENSG00000119720	0.768	33	57.463	5.251795e-06	7	0	7	0	0	0
ENSG00000133943	1.548	31	27	2.057905e-06	1	0	1	0	0	0
ENSG00000133962	0.867	36	54.828	4.40994e-06	1	0	1	0	0	0
ENSG00000100815	0.504	39	101.08	9.2863675e-06	3	0	3	1	0	1
ENSG00000100599	0.902	20	32.23	2.419035e-06	1	0	1	0	0	0
ENSG00000165948	1.521	2	3.8959	2.75638e-07	4	0	4	0	0	0
ENSG00000119698	0.624	24	54.133	5.3306875e-06	1	0	1	0	0	0
ENSG00000170099	1.488	10	11.334	8.36294e-07	1	0	1	0	0	0
ENSG00000170054	1.808	14	11.437	8.6966e-07	2	0	2	0	0	0
ENSG00000100665	1.664	12	11.456	9.2793325e-07	2	0	2	0	0	0
ENSG00000196136	1.902	17	11.884	1.0086515e-06	8	0	8	0	0	0
ENSG00000165959	0.698	20	41.63	3.889685e-06	1	0	1	0	0	0
ENSG00000176438	1.08	43	51.358	4.262205e-06	1	0	1	0	0	0
ENSG00000182512	0.661	0	4.5272	3.2731175e-07	1	0	1	0	0	0
ENSG00000066739	0.435	35	106.68	9.707295e-06	1	0	1	1	0	1
ENSG00000182218	0.851	13	24.293	1.7414975e-06	2	0	2	0	0	0
ENSG00000140479	0.863	16	28.16	5.0037275e-06	5	0	5	0	0	0
ENSG00000185418	0.898	30	45.329	3.943955e-06	1	0	1	0	0	0
ENSG00000183706	1.865	6	5.1597	5.119805e-07	1	0	1	0	0	0
ENSG00000170113	1.04	5	10.108	7.1949625e-07	1	0	1	1	0	1
ENSG00000206190	0.427	17	59.656	5.290655e-06	1	0	1	0	0	0
ENSG00000104059	0.698	5	15.07	1.0743115e-06	2	1	1	0	0	0
ENSG00000166664	1.223	7	10.745	7.65207e-07	1	0	1	0	0	0
ENSG00000186399	1.981	13	4.948	3.85585e-07	2	0	2	0	0	0
ENSG00000261794	1.977	42	22.135	1.722905e-06	1	1	0	0	0	0
ENSG00000134160	1.076	70	79.381	7.6488875e-06	2	0	2	0	0	0
ENSG00000166922	1.223	8	11.797	1.24608275e-06	1	0	1	0	0	0
ENSG00000248905	0.934	35	49.687	4.2375825e-06	1	0	1	0	0	0
ENSG00000184507	0.537	11	33.891	2.5602375e-06	1	1	0	0	0	0
ENSG00000175265	1.807	5	4.9951	4.5977075e-07	6	0	6	0	0	0
ENSG00000198146	0.275	2	22.871	2.0094975e-06	1	0	1	0	0	0
ENSG00000166068	0.319	3	24.309	2.7592275e-06	1	1	0	0	0	0
ENSG00000128965	1.404	7	9.3192	9.0987675e-07	1	0	1	0	0	0
ENSG00000178997	1.263	22	24.873	2.1106675e-06	1	0	1	0	0	0
ENSG00000104147	1.756	10	9.1585	6.5105575e-07	1	0	1	0	0	0
ENSG00000137804	0.609	6	19.451	1.558688e-06	1	0	1	1	0	1
ENSG00000062524	1.22	40	42.682	3.6282175e-06	3	0	3	0	0	0
ENSG00000103932	0.763	38	65.304	6.0985075e-06	2	0	2	0	0	0
ENSG00000137877	1.062	186	197.71	1.750375e-05	12	0	12	2	0	2
ENSG00000188089	0.769	28	49.91	4.814285e-06	1	0	1	0	0	0
ENSG00000214013	1.191	54	56.882	4.9554875e-06	6	0	6	0	0	0
ENSG00000159433	0.631	92	173.35	1.5552375e-05	6	1	5	0	0	0
ENSG00000140326	0.675	30	60.239	5.564015e-06	1	0	1	0	0	0
ENSG00000137842	1.038	21	29.137	2.2453375e-06	3	0	3	0	0	0
ENSG00000166946	0.801	9	19.598	1.5384205e-06	1	1	0	0	0	0
ENSG00000159495	1.18	32	36.433	3.1557e-06	2	0	2	1	0	1
ENSG00000168806	1.473	22	21.31	1.89074e-06	1	0	1	0	0	0
ENSG00000168803	1.361	10	12.445	1.0910615e-06	1	0	1	1	0	1
ENSG00000237289	1.358	8	10.6	1.10029075e-06	3	0	3	0	0	0
ENSG00000104133	0.812	81	120	9.7764725e-06	1	0	1	0	0	0
ENSG00000229474	0.979	22	32.098	2.751355e-06	1	0	1	0	0	0
ENSG00000167014	1.345	10	12.598	1.03593725e-06	1	0	1	0	0	0
ENSG00000140279	1.284	83	77.586	7.22528e-06	7	0	7	0	0	0
ENSG00000137857	0.939	61	80.368	7.078215e-06	8	0	8	0	0	0
ENSG00000137860	1.531	38	32.529	2.3140125e-06	2	0	2	0	0	0
ENSG00000171763	1.068	20	27.209	2.6419775e-06	1	0	1	0	0	0
ENSG00000166920	1.856	6	5.2615	4.803565e-07	1	0	1	0	0	0
ENSG00000104177	0.402	7	32.672	3.09406e-06	1	1	0	0	0	0
ENSG00000074803	0.823	35	56.359	4.686315e-06	1	0	1	0	0	0
ENSG00000128951	1.12	6	10.569	8.5972725e-07	1	0	1	0	0	0
ENSG00000185634	0.943	21	32.054	2.9796575e-06	1	0	1	0	0	0
ENSG00000156958	1.26	22	24.938	2.5079775e-06	1	0	1	0	0	0
ENSG00000166262	1.431	33	30.843	2.7103175e-06	5	0	5	0	0	0
ENSG00000104047	1.677	14	12.819	1.196084e-06	2	1	1	0	0	0
ENSG00000104043	1.094	56	63.93	5.54492e-06	1	0	1	0	0	0
ENSG00000140284	0.965	17	26.415	2.032445e-06	2	0	2	0	0	0
ENSG00000138592	0.113	2	55.558	4.7863125e-06	1	0	1	0	0	0
ENSG00000081014	0.431	16	56.345	4.6365675e-06	1	0	1	0	0	0
ENSG00000183578	1.78	7	6.7287	4.759345e-07	3	0	3	0	0	0
ENSG00000137875	1.735	3	3.8688	2.7662625e-07	1	0	1	0	0	0
ENSG00000069966	0.974	15	23.721	2.0302675e-06	2	0	2	0	0	0
ENSG00000166415	1.074	46	54.75	4.593185e-06	1	0	1	0	0	0
ENSG00000256061	1.115	17	22.863	2.0533825e-06	3	0	3	3	0	3
ENSG00000171016	0.228	0	13.094	1.34360125e-06	1	0	1	1	0	1
ENSG00000166450	0.562	22	55.938	4.992505e-06	2	0	2	0	0	0
ENSG00000069869	0.628	32	68.404	6.42731e-06	1	0	1	0	0	0
ENSG00000128849	1.242	63	62.565	5.8499375e-06	3	0	3	0	0	0
ENSG00000128918	0.447	6	26.507	2.17281e-06	1	0	1	1	0	1
ENSG00000166035	0.93	14	23.535	2.2748175e-06	1	0	1	0	0	0
ENSG00000157483	0.442	21	68.477	6.4673425e-06	1	0	1	0	0	0
ENSG00000140297	1.434	13	14.388	1.49800275e-06	5	0	5	0	0	0
ENSG00000069667	0.404	8	35.752	3.43308e-06	1	0	1	0	0	0
ENSG00000129003	0.676	108	187.58	1.61498475e-05	6	0	6	1	0	1
ENSG00000205502	1.943	5	3.0083	2.1659425e-07	2	0	2	0	0	0
ENSG00000074410	1.327	18	20.115	1.616375e-06	1	0	1	0	0	0
ENSG00000140455	0.161	1	29.539	2.3026225e-06	1	0	1	0	0	0
ENSG00000035664	1.28	16	18.976	1.34631475e-06	1	1	0	0	0	0
ENSG00000140451	1.325	25	26.358	2.3565575e-06	2	0	2	0	0	0
ENSG00000103707	1.008	14	21.715	1.7967725e-06	1	0	1	0	0	0
ENSG00000234438	1.87	13	9.8947	8.5758325e-07	3	0	3	1	0	1
ENSG00000090470	1.122	10	15.121	1.3574535e-06	2	0	2	1	0	1
ENSG00000138615	1.292	39	39.424	3.6044325e-06	5	0	5	0	0	0
ENSG00000103742	0.55	19	50.685	4.1779525e-06	1	0	1	0	0	0
ENSG00000074621	0.569	14	38.437	3.31918e-06	2	0	2	0	0	0
ENSG00000157890	1.158	44	48.865	4.8020575e-06	1	0	1	0	0	0
ENSG00000103599	0.979	40	53.204	4.447125e-06	3	0	3	0	0	0
ENSG00000189227	1.322	2	4.6748	3.3488275e-07	3	0	3	0	0	0
ENSG00000137809	0.548	23	59.485	4.8395775e-06	1	0	1	1	0	1
ENSG00000137831	0.973	53	68.51	6.117435e-06	1	0	1	0	0	0
ENSG00000129028	1.117	3	6.9308	5.0121025e-07	1	0	1	0	0	0
ENSG00000187720	0.572	20	50.84	4.3997225e-06	2	0	2	0	0	0
ENSG00000175318	1.357	20	21.405	1.6617675e-06	1	0	1	0	0	0
ENSG00000213614	0.973	22	32.303	3.003945e-06	6	0	6	0	0	0
ENSG00000215186	1.695	17	14.812	1.23308475e-06	8	0	8	0	0	0
ENSG00000140463	1.184	27	31.45	2.439135e-06	3	0	3	0	0	0
ENSG00000183324	1.109	9	14.162	1.11750975e-06	1	0	1	0	0	0
ENSG00000103855	1.407	12	13.792	1.5333955e-06	2	0	2	0	0	0
ENSG00000167139	1.06	13	19.504	1.39226e-06	1	0	1	0	0	0
ENSG00000140465	1.778	23	17.908	1.56205475e-06	2	0	2	0	0	0
ENSG00000140505	1.341	16	18.114	1.61237175e-06	1	0	1	0	0	0
ENSG00000140506	1.185	22	26.502	2.0091625e-06	1	0	1	0	0	0
ENSG00000167195	1.179	6	10.037	8.076515e-07	2	0	2	0	0	0
ENSG00000140398	1.01	13	20.467	1.90414e-06	3	0	3	0	0	0
ENSG00000177971	1.966	8	3.8025	2.7267325e-07	1	0	1	0	0	0
ENSG00000173546	0.459	21	65.94	6.090635e-06	1	0	1	1	0	1
ENSG00000140367	0.944	15	24.465	1.7361375e-06	1	0	1	1	0	1
ENSG00000167202	0.701	20	41.457	3.48333e-06	1	1	0	0	0	0
ENSG00000183476	1.193	14	18.34	1.7120175e-06	1	0	1	0	0	0
ENSG00000188266	1.145	10	14.812	1.405325e-06	1	0	1	0	0	0
ENSG00000103811	1.011	16	24.032	1.9899e-06	1	0	1	0	0	0
ENSG00000166557	0.985	4	9.2876	9.5319225e-07	4	0	4	0	0	0
ENSG00000136371	1.548	6	7.4891	8.3858875e-07	1	0	1	1	0	1
ENSG00000103876	1.414	25	24.688	2.1367975e-06	1	0	1	0	0	0
ENSG00000188869	1.034	39	49.249	4.331885e-06	2	0	2	0	0	0
ENSG00000140598	0.561	23	58.082	5.5199625e-06	1	0	1	0	0	0
ENSG00000188659	1.806	14	11.457	8.0562475e-07	2	0	2	0	0	0
ENSG00000186628	1.27	33	34.753	3.0573775e-06	1	0	1	1	0	1
ENSG00000156232	1.153	22	27.243	2.456555e-06	3	0	3	0	0	0
ENSG00000169594	0.326	4	28.04	2.261585e-06	1	0	1	1	0	1
ENSG00000136383	0.911	48	67.03	5.9970025e-06	1	0	1	0	0	0
ENSG00000156222	1.252	31	33.425	2.91852e-06	1	0	1	0	0	0
ENSG00000183655	1.915	19	12.786	9.259735e-07	1	0	1	0	0	0
ENSG00000181026	1.878	13	9.7653	9.82555e-07	1	0	1	0	0	0
ENSG00000140545	0.897	10	18.918	1.540062e-06	1	0	1	0	0	0
ENSG00000140534	0.599	36	79.377	7.4609525e-06	2	0	2	0	0	0
ENSG00000166813	0.926	43	59.911	5.6254875e-06	2	1	1	0	0	0
ENSG00000188095	1.277	10	13.278	9.8565375e-07	1	0	1	1	0	1
ENSG00000183208	1.84	11	8.9782	7.92811e-07	2	0	2	0	0	0
ENSG00000213471	1.178	20	24.671	2.4835225e-06	1	0	1	0	0	0
ENSG00000197299	0.751	34	60.271	4.884635e-06	1	0	1	0	0	0
ENSG00000184508	1.501	3	4.9816	3.5625575e-07	3	0	3	0	0	0
ENSG00000140553	0.738	25	47.283	4.342605e-06	1	0	1	0	0	0
ENSG00000184056	0.961	31	43.531	4.723835e-06	1	1	0	0	0	0
ENSG00000182253	1.149	37	42.354	4.003585e-06	4	0	4	0	0	0
ENSG00000168904	1.293	18	20.639	2.0791775e-06	4	0	4	0	0	0
ENSG00000166669	0.65	8	22.223	2.26795e-06	7	0	7	0	0	0
ENSG00000162009	1.589	5	6.3804	4.5943575e-07	3	0	3	0	0	0
ENSG00000184471	1.972	14	6.8653	6.17874e-07	5	0	5	0	0	0
ENSG00000038532	0.353	8	40.934	3.9481425e-06	1	0	1	1	0	1
ENSG00000188897	1.455	28	26.371	2.33696e-06	2	0	2	0	0	0
ENSG00000153066	0.818	22	38.408	3.2845075e-06	2	0	2	0	0	0
ENSG00000116176	1.966	17	9.1878	6.560305e-07	2	0	2	0	0	0
ENSG00000172236	1.95	16	9.6293	9.307975e-07	2	0	2	0	0	0
ENSG00000095917	1.85	15	11.534	9.9922125e-07	3	0	3	0	0	0
ENSG00000103381	1.821	5	4.8736	1.04447975e-06	1	0	1	0	0	0
ENSG00000090581	1.215	15	19.013	1.7066575e-06	1	0	1	0	0	0
ENSG00000059145	0.578	2	10.895	1.9756625e-06	2	0	2	0	0	0
ENSG00000197599	1.151	28	33.355	2.524895e-06	1	0	1	0	0	0
ENSG00000103512	1.022	35	45.412	3.6221875e-06	1	0	1	0	0	0
ENSG00000251692	1.64	18	16.14	1.7110125e-06	2	0	2	1	0	1
ENSG00000183793	1.857	1	1.3338	9.3902175e-08	1	0	1	0	0	0
ENSG00000007545	0.417	12	46.603	3.8111275e-06	1	1	0	0	0	0
ENSG00000091262	1.026	60	72.492	6.0479225e-06	5	0	5	0	0	0
ENSG00000103226	0.81	10	20.938	1.640562e-06	3	0	3	0	0	0
ENSG00000103489	0.336	7	39.102	3.516495e-06	1	1	0	0	0	0
ENSG00000188536	1.934	3	1.8782	1.31720325e-07	1	0	1	0	0	0
ENSG00000074071	1.686	4	4.9908	3.44849e-07	5	0	5	0	0	0
ENSG00000095906	1.2	6	9.8597	6.9963075e-07	1	0	1	0	0	0
ENSG00000099769	1.881	14	10.38	9.50328e-07	1	0	1	1	0	1
ENSG00000162039	1.417	21	21.335	1.9177075e-06	2	0	2	2	0	2
ENSG00000185164	1.072	12	18.144	1.427435e-06	1	0	1	0	0	0
ENSG00000140986	1.607	22	19.471	1.7133575e-06	2	0	2	0	0	0
ENSG00000179580	1.523	4	5.8311	4.8747525e-07	1	0	1	0	0	0
ENSG00000169347	1.344	27	27.696	2.7937325e-06	1	0	1	0	0	0
ENSG00000183549	1.258	29	31.433	2.6516925e-06	2	0	2	0	0	0
ENSG00000183747	1.364	34	33.188	3.087025e-06	2	0	2	0	0	0
ENSG00000066813	1.42	37	34.284	3.306115e-06	4	0	4	0	0	0
ENSG00000005189	0.856	23	38.068	2.8044525e-06	3	0	3	0	0	0
ENSG00000158486	0.798	132	191.11	1.64925525e-05	7	0	7	0	0	0
ENSG00000008710	0.179	18	149.37	1.22517875e-05	1	0	1	0	0	0
ENSG00000011638	1.643	4	5.2237	3.693375e-07	1	0	1	0	0	0
ENSG00000103316	0.756	5	13.908	9.9925475e-07	6	1	5	1	1	0
ENSG00000197006	0.445	2	14.138	1.002186e-06	1	0	1	1	0	1
ENSG00000155719	0.732	26	49.273	4.020335e-06	1	0	1	0	0	0
ENSG00000103319	1.081	34	41.859	3.997555e-06	2	0	2	0	0	0
ENSG00000167969	1.837	16	12.404	1.1715955e-06	1	0	1	0	0	0
ENSG00000168434	0.661	18	40.37	3.5702625e-06	1	0	1	0	0	0
ENSG00000083093	1.006	35	46.121	3.84245e-06	6	0	6	0	0	0
ENSG00000134398	1.029	42	52.81	5.1146125e-06	3	0	3	0	0	0
ENSG00000158865	1.067	24	31.623	2.3739775e-06	2	0	2	0	0	0
ENSG00000103375	1.123	7	11.708	9.8277275e-07	3	0	3	0	0	0
ENSG00000169189	1.178	9	13.331	1.092569e-06	1	0	1	0	0	0
ENSG00000103355	1.439	11	12.62	1.03144825e-06	1	0	1	0	0	0
ENSG00000007038	1.319	12	14.732	1.5226085e-06	1	0	1	0	0	0
ENSG00000162078	1.849	5	4.6043	3.26223e-07	3	0	3	0	0	0
ENSG00000185615	1.963	39	22.23	1.7150325e-06	6	0	6	0	0	0
ENSG00000198156	1.932	4	2.6286	1.8888975e-07	1	0	1	0	0	0
ENSG00000176046	1.878	4	3.5329	1.62024425e-07	4	0	4	0	0	0
ENSG00000196296	0.833	30	48.835	5.00222e-06	1	0	1	0	0	0
ENSG00000177548	0.611	10	27.758	2.7183575e-06	1	0	1	0	0	0
ENSG00000059122	1.358	28	28.264	2.836445e-06	4	0	4	0	0	0
ENSG00000174992	0.647	1	7.333	8.0284425e-07	1	0	1	0	0	0
ENSG00000149929	0.867	13	23.83	2.2667775e-06	1	0	1	0	0	0
ENSG00000132207	1.16	2	5.3955	4.4955325e-07	2	0	2	0	0	0
ENSG00000103145	1.722	5	5.6067	4.06288e-07	1	0	1	0	0	0
ENSG00000008517	1.958	10	5.5426	6.88894e-07	1	0	1	1	0	1
ENSG00000102870	0.166	1	28.533	2.3605775e-06	1	0	1	1	0	1
ENSG00000130182	0.733	11	24.852	2.0527125e-06	1	0	1	1	0	1
ENSG00000151006	1.363	25	25.615	1.9535525e-06	1	0	1	1	0	1
ENSG00000178226	1.074	33	41.077	3.6091225e-06	3	0	3	0	0	0
ENSG00000103490	1.895	5	4.0357	2.88033e-07	1	0	1	0	0	0
ENSG00000140678	0.721	35	64.363	5.5209675e-06	2	0	2	0	0	0
ENSG00000156886	0.866	43	64.03	5.5192925e-06	1	0	1	0	0	0
ENSG00000156885	1.582	1	2.6204	1.8671225e-07	4	0	4	0	0	0
ENSG00000140688	1.39	26	25.953	2.00665e-06	3	0	3	0	0	0
ENSG00000185947	1.555	3	4.7427	3.3702675e-07	3	0	3	0	0	0
ENSG00000168124	1.931	7	4.6827	3.389865e-07	2	0	2	0	0	0
ENSG00000010539	1.12	10	15.144	1.629976e-06	2	0	2	0	0	0
ENSG00000103313	1.129	25	30.917	2.50044e-06	1	0	1	1	0	1
ENSG00000168158	1.647	7	7.6995	6.87755e-07	2	0	2	0	0	0
ENSG00000140987	1.567	16	15.435	1.415844e-06	1	0	1	0	0	0
ENSG00000103351	0.643	10	26.385	2.2651025e-06	1	0	1	0	0	0
ENSG00000213918	1.948	25	15.174	1.34396975e-06	3	0	3	0	0	0
ENSG00000242612	1.684	14	12.75	1.29747175e-06	1	0	1	0	0	0
ENSG00000153406	1.329	9	11.805	1.09941975e-06	3	0	3	0	0	0
ENSG00000103415	0.966	8	14.95	1.342814e-06	4	0	4	1	0	1
ENSG00000205832	1.076	36	44.183	3.78282e-06	5	0	5	1	0	1
ENSG00000171241	0.767	17	33.252	2.73896e-06	1	0	1	0	0	0
ENSG00000140795	0.72	16	33.746	2.7833475e-06	1	0	1	0	0	0
ENSG00000166123	0.698	10	24.3	2.0161975e-06	1	0	1	0	0	0
ENSG00000166246	1.517	28	25.283	2.29408e-06	1	0	1	0	0	0
ENSG00000102893	0.834	44	67.815	5.705385e-06	1	0	1	0	0	0
ENSG00000140623	1.881	24	16.768	1.34319925e-06	1	0	1	0	0	0
ENSG00000140798	1.274	72	68.743	6.0241375e-06	13	0	13	0	0	0
ENSG00000121270	1.232	67	66.656	5.777745e-06	5	0	5	0	0	0
ENSG00000102910	1.349	41	39.421	3.8868375e-06	2	0	2	0	0	0
ENSG00000118898	1.028	72	85.225	7.4177375e-06	1	1	0	0	0	0
ENSG00000166152	1.177	10	14.412	1.58376275e-06	6	0	6	0	0	0
ENSG00000121281	0.552	20	52.655	4.195205e-06	2	0	2	0	0	0
ENSG00000153446	1.702	22	18.25	1.4535985e-06	1	0	1	0	0	0
ENSG00000083799	0.204	4	44.8	3.45988e-06	1	1	0	0	0	0
ENSG00000198848	1.456	22	21.57	1.877675e-06	5	0	5	0	0	0
ENSG00000159461	0.63	13	32.807	3.0603925e-06	1	0	1	1	0	1
ENSG00000102891	1.924	5	3.4943	2.4503575e-07	1	0	1	1	0	1
ENSG00000205358	1.86	3	2.9748	2.1270825e-07	5	0	5	0	0	0
ENSG00000135736	0.846	10	20.049	1.56744825e-06	1	0	1	0	0	0
ENSG00000159618	0.514	6	23.028	1.64902075e-06	1	0	1	0	0	0
ENSG00000159625	0.891	30	45.68	4.1809675e-06	2	0	2	1	0	1
ENSG00000140859	0.459	13	45.046	4.51312e-06	1	0	1	0	0	0
ENSG00000070729	1.153	59	63.553	4.839075e-06	1	0	1	0	0	0
ENSG00000103021	1.427	23	22.829	2.31619e-06	3	0	3	0	0	0
ENSG00000103023	0.86	3	9.0124	7.8046625e-07	1	1	0	0	0	0
ENSG00000007541	0.904	13	22.868	1.931945e-06	1	0	1	0	0	0
ENSG00000181938	1.468	7	8.8754	8.193095e-07	3	0	3	0	0	0
ENSG00000130731	1.615	8	8.7273	5.2368875e-07	2	0	2	0	0	0
ENSG00000007384	0.935	29	42.288	3.6814825e-06	2	0	2	0	0	0
ENSG00000161996	1.297	93	85.185	7.282565e-06	3	0	3	2	0	2
ENSG00000179776	0.404	7	32.557	3.076975e-06	1	0	1	0	0	0
ENSG00000183723	0.867	2	7.2572	6.58409e-07	2	0	2	1	0	1
ENSG00000166589	1.281	38	38.874	3.39556e-06	2	0	2	1	0	1
ENSG00000172831	1.288	25	27.101	2.1582375e-06	1	0	1	0	0	0
ENSG00000179044	1.152	32	37.317	3.1551975e-06	1	0	1	1	0	1
ENSG00000135723	0.876	33	50.362	4.3508125e-06	2	0	2	1	0	1
ENSG00000196155	0.766	36	62.035	6.2779e-06	2	0	2	0	0	0
ENSG00000168676	0.884	30	46.042	3.87461e-06	1	0	1	0	0	0
ENSG00000102977	1.233	22	25.473	2.01536e-06	1	0	1	0	0	0
ENSG00000188038	1.778	6	5.9899	5.6124225e-07	2	0	2	0	0	0
ENSG00000258429	1.904	7	5.2773	3.8543425e-07	1	0	1	0	0	0
ENSG00000141101	1.213	16	20.041	1.71185e-06	1	0	1	0	0	0
ENSG00000157322	1.337	4	6.7911	4.8941825e-07	2	0	2	0	0	0
ENSG00000157353	1.132	48	53.942	4.7497975e-06	3	0	3	1	0	1
ENSG00000180917	1.16	17	21.975	1.805985e-06	1	0	1	0	0	0
ENSG00000167377	1.041	14	21.024	1.6178155e-06	1	0	1	0	0	0
ENSG00000157429	1.226	10	13.83	1.110458e-06	1	0	1	0	0	0
ENSG00000140832	1.394	13	14.806	1.42232625e-06	1	0	1	0	0	0
ENSG00000140836	0.136	10	124.8	1.12729175e-05	1	0	1	0	0	0
ENSG00000196436	1.91	7	5.1681	4.2801275e-07	1	0	1	0	0	0
ENSG00000140839	1.045	12	18.608	1.34182575e-06	2	0	2	0	0	0
ENSG00000166816	1.221	22	25.729	2.3361225e-06	4	0	4	0	0	0
ENSG00000168928	1.45	6	8.0823	5.8425675e-07	2	0	2	0	0	0
ENSG00000168925	1.83	8	6.9876	5.034715e-07	1	0	1	1	0	1
ENSG00000205078	1.733	19	15.78	1.2873715e-06	1	0	1	0	0	0
ENSG00000140876	1.915	8	5.7339	4.118825e-07	7	0	7	0	0	0
ENSG00000166509	1.905	14	9.8758	1.09623725e-06	1	0	1	0	0	0
ENSG00000186153	1.61	9	9.5694	1.758415e-06	2	0	2	0	0	0
ENSG00000103152	1.65	17	15.294	2.08772e-06	2	0	2	0	0	0
ENSG00000166454	0.771	11	23.608	1.82776e-06	1	0	1	0	0	0
ENSG00000135697	1.18	20	24.637	1.954055e-06	1	0	1	0	0	0
ENSG00000184860	1.861	12	9.3763	8.9423225e-07	1	0	1	0	0	0
ENSG00000135698	1.419	6	8.2814	5.797845e-07	1	0	1	1	0	1
ENSG00000140961	1.788	30	22.346	1.71252e-06	1	0	1	0	0	0
ENSG00000103154	1.39	20	20.905	1.6369775e-06	1	0	1	1	0	1
ENSG00000166558	1.898	30	20.053	1.59728e-06	1	0	1	1	0	1
ENSG00000103168	1.291	33	34.184	3.55904e-06	1	1	0	0	0	0
ENSG00000140955	1.144	21	26.423	2.01e-06	1	0	1	0	0	0
ENSG00000103175	1.716	15	13.155	1.3603345e-06	1	0	1	0	0	0
ENSG00000064270	1.838	75	49.012	4.072595e-06	1	0	1	0	0	0
ENSG00000140950	1.784	23	17.815	1.415107e-06	4	0	4	0	0	0
ENSG00000103264	0.457	5	23.001	2.096095e-06	1	0	1	0	0	0
ENSG00000104731	1.859	39	26.607	1.8902375e-06	3	0	3	0	0	0
ENSG00000140650	1.879	22	15.56	1.38872575e-06	1	0	1	0	0	0
ENSG00000158717	0.614	2	10.249	9.372965e-07	1	0	1	1	0	1
ENSG00000103335	0.581	55	118.44	9.28553e-06	1	0	1	0	0	0
ENSG00000167513	1.215	17	20.986	1.8239075e-06	2	0	2	0	0	0
ENSG00000176715	1.772	34	25.228	2.241485e-06	1	0	1	1	0	1
ENSG00000129910	1.105	25	31.586	2.5059675e-06	2	0	2	0	0	0
ENSG00000170100	1.944	10	6.1914	7.338175e-07	1	0	1	0	0	0
ENSG00000197912	1.651	48	36.947	3.76875e-06	2	0	2	0	0	0
ENSG00000015413	1.312	16	18.523	1.3323285e-06	1	0	1	0	0	0
ENSG00000167523	1.927	5	3.4462	2.4081475e-07	1	0	1	0	0	0
ENSG00000075399	1.312	30	31.018	2.670955e-06	1	0	1	0	0	0
ENSG00000187741	1.366	96	83.296	7.105685e-06	3	1	2	0	0	0
ENSG00000204991	0.861	19	32.374	2.8376175e-06	1	0	1	0	0	0
ENSG00000141002	0.402	8	35.915	2.8191925e-06	1	1	0	0	0	0
ENSG00000126856	1.462	2	4.1219	2.3853675e-06	5	0	5	0	0	0
ENSG00000006788	0.875	73	101.39	8.6079925e-06	3	0	3	0	0	0
ENSG00000264424	1.041	92	105.06	9.7737925e-06	1	0	1	1	0	1
ENSG00000109061	1.081	91	100.18	8.8367975e-06	2	0	2	0	0	0
ENSG00000125414	0.686	53	97.119	8.8324425e-06	1	1	0	0	0	0
ENSG00000007174	0.722	130	208.35	1.77684e-05	1	1	0	0	0	0
ENSG00000153976	1.136	4	8.0462	5.7544625e-07	1	0	1	0	0	0
ENSG00000223510	1.889	8	6.2239	7.536495e-07	1	0	1	0	0	0
ENSG00000125409	1.46	25	23.907	2.574475e-06	7	0	7	0	0	0
ENSG00000241322	1.149	9	13.67	8.2168e-07	4	0	4	0	0	0
ENSG00000170425	1.485	8	9.6405	9.789705e-07	1	0	1	0	0	0
ENSG00000011295	1.116	15	20.687	1.6360395e-06	2	1	1	0	0	0
ENSG00000185561	1.696	8	8.1501	5.8797525e-07	9	0	9	0	0	0
ENSG00000133030	0.268	12	72.631	4.68799e-06	1	0	1	1	0	1
ENSG00000205309	1.855	11	8.7853	6.361985e-07	1	0	1	0	0	0
ENSG00000072310	0.406	10	41.74	3.60929e-06	1	0	1	1	0	1
ENSG00000186532	1.076	26	33.538	2.6801675e-06	1	0	1	0	0	0
ENSG00000177302	0.683	26	52.826	5.0033925e-06	2	0	2	0	0	0
ENSG00000171916	1.506	13	13.67	9.7490025e-07	2	0	2	0	0	0
ENSG00000189375	1.811	11	9.3232	6.5899525e-07	1	0	1	0	0	0
ENSG00000171931	1.152	44	49.088	5.091665e-06	1	0	1	0	0	0
ENSG00000154025	1.039	24	32.48	2.85755e-06	6	0	6	2	0	2
ENSG00000142494	1.166	24	28.942	2.2208825e-06	1	0	1	0	0	0
ENSG00000072210	0.808	11	22.529	1.850875e-06	1	0	1	0	0	0
ENSG00000128487	0.493	14	44.435	3.8134725e-06	1	0	1	0	0	0
ENSG00000214819	1.816	4	4.1479	5.68093e-07	2	0	2	0	0	0
ENSG00000124422	0.415	6	28.566	2.5860325e-06	1	1	0	0	0	0
ENSG00000167721	1.12	35	41.418	3.840775e-06	1	0	1	0	0	0
ENSG00000007171	0.755	33	58.437	4.729195e-06	1	0	1	1	0	1
ENSG00000109072	1.06	19	26.308	2.6198675e-06	2	0	2	0	0	0
ENSG00000076382	0.72	35	64.419	5.4137675e-06	1	0	1	0	0	0
ENSG00000167524	1.039	18	25.687	2.4084825e-06	1	0	1	0	0	0
ENSG00000160602	0.798	19	34.924	3.577465e-06	1	0	1	0	0	0
ENSG00000173065	0.544	4	16.821	1.9451775e-06	1	0	1	0	0	0
ENSG00000167536	0.954	4	9.5988	8.252725e-07	1	0	1	0	0	0
ENSG00000109118	0.135	2	46.779	4.4204925e-06	1	1	0	0	0	0
ENSG00000160551	0.274	11	66.5	7.21456e-06	1	1	0	0	0	0
ENSG00000108576	0.427	8	33.831	2.90512e-06	1	1	0	0	0	0
ENSG00000108578	0.482	7	27.304	2.4764875e-06	1	0	1	0	0	0
ENSG00000182271	1.459	11	12.433	1.027177e-06	1	0	1	0	0	0
ENSG00000176390	0.673	10	25.215	2.60764e-06	1	1	0	0	0	0
ENSG00000108651	0.668	20	43.521	3.85585e-06	1	0	1	1	0	1
ENSG00000172150	1.34	3	5.7132	5.07994e-07	1	0	1	0	0	0
ENSG00000178691	0.134	1	35.445	3.17178e-06	1	0	1	0	0	0
ENSG00000181291	0.644	13	32.105	2.7625775e-06	1	0	1	0	0	0
ENSG00000108381	1.099	7	11.96	8.443005e-07	1	0	1	0	0	0
ENSG00000132141	1.123	19	24.816	1.9043075e-06	1	0	1	0	0	0
ENSG00000005156	0.702	25	49.759	5.08731e-06	2	0	2	1	0	1
ENSG00000073598	1.294	7	10.146	7.17235e-07	1	0	1	0	0	0
ENSG00000167723	1.146	33	38.509	3.3826625e-06	1	0	1	0	0	0
ENSG00000172716	1.562	26	23.066	1.8815275e-06	6	0	6	0	0	0
ENSG00000172123	1.346	11	13.515	1.26782425e-06	2	0	2	0	0	0
ENSG00000154760	1.54	23	21.131	1.6375805e-06	2	0	2	1	0	1
ENSG00000205045	1.628	15	14.041	1.264625e-06	2	0	2	0	0	0
ENSG00000236320	0.918	18	29.065	2.543655e-06	9	0	9	0	0	0
ENSG00000197417	1.307	20	22.23	2.3411475e-06	1	0	1	0	0	0
ENSG00000040531	0.867	9	18.119	1.47086775e-06	1	0	1	0	0	0
ENSG00000083454	1.267	21	23.875	1.970135e-06	1	0	1	0	0	0
ENSG00000141744	1.08	5	9.7293	8.3952675e-07	1	0	1	1	0	1
ENSG00000073605	1.046	12	18.591	1.63910475e-06	1	0	1	0	0	0
ENSG00000167914	1.432	24	23.559	2.4309275e-06	2	0	2	0	0	0
ENSG00000094804	1.005	18	26.568	2.3488525e-06	1	0	1	0	0	0
ENSG00000131747	0.288	15	80.219	7.322095e-06	1	0	1	1	0	1
ENSG00000131746	0.751	16	32.38	3.2627325e-06	1	0	1	1	0	1
ENSG00000167916	1.445	24	23.349	2.116865e-06	1	0	1	0	0	0
ENSG00000186393	1.402	22	22.409	1.9592475e-06	1	0	1	0	0	0
ENSG00000171446	1.092	15	21.146	1.8249125e-06	1	0	1	0	0	0
ENSG00000186395	0.622	9	25.25	2.212005e-06	1	0	1	0	0	0
ENSG00000204889	1.251	16	19.42	1.6785175e-06	2	0	2	0	0	0
ENSG00000212899	1.938	4	2.4785	2.54198e-07	1	0	1	0	0	0
ENSG00000187624	1.969	6	2.3139	1.684045e-07	8	0	8	0	0	0
ENSG00000212725	1.915	3	2.2642	1.6383175e-07	1	0	1	0	0	0
ENSG00000212724	1.844	3	3.1194	2.24182e-07	4	0	4	0	0	0
ENSG00000212721	1.749	7	6.98	6.79447e-07	1	0	1	0	0	0
ENSG00000212659	1.896	0	0.036333	2.2713e-09	3	0	3	2	0	2
ENSG00000180386	1.879	0	0.1956	1.373433e-08	1	0	1	0	0	0
ENSG00000212658	1.765	12	10.509	8.2477e-07	3	0	3	0	0	0
ENSG00000006059	1.689	23	19.116	1.517885e-06	1	0	1	0	0	0
ENSG00000131738	1.662	23	19.476	1.545087e-06	1	0	1	0	0	0
ENSG00000171360	1.229	15	18.787	1.48631125e-06	2	0	2	0	0	0
ENSG00000108759	1.796	24	18.303	1.407804e-06	1	0	1	0	0	0
ENSG00000171401	0.838	8	17.221	1.2647925e-06	3	0	3	0	0	0
ENSG00000167740	1.463	9	10.673	9.061415e-07	1	0	1	0	0	0
ENSG00000128422	1.339	18	19.932	1.78019e-06	2	0	2	0	0	0
ENSG00000173805	1.662	40	31.273	2.034455e-06	4	0	4	0	0	0
ENSG00000131473	0.377	15	61.287	5.919785e-06	2	0	2	0	0	0
ENSG00000168259	0.28	3	27.667	3.1374425e-06	1	0	1	0	0	0
ENSG00000108771	1.102	23	29.569	2.2838625e-06	1	0	1	0	0	0
ENSG00000108773	0.374	9	42.025	3.9521625e-06	1	1	0	1	1	0
ENSG00000173757	0.22	5	47.773	4.2114525e-06	1	1	0	0	0	0
ENSG00000108784	0.903	17	28.233	3.0124875e-06	1	0	1	0	0	0
ENSG00000126562	1.049	43	52.868	5.0817825e-06	2	0	2	0	0	0
ENSG00000131480	1.255	24	26.891	3.0027725e-06	2	0	2	0	0	0
ENSG00000108825	0.931	18	28.657	2.41937e-06	3	0	3	0	0	0
ENSG00000067596	0.495	23	65.789	6.8485725e-06	2	0	2	1	0	1
ENSG00000161647	0.632	16	38.473	4.018995e-06	1	0	1	1	0	1
ENSG00000161653	1.141	14	19.187	1.3999315e-06	1	0	1	0	0	0
ENSG00000131095	0.861	12	22.59	1.7592525e-06	1	0	1	1	0	1
ENSG00000168517	0.931	4	9.8353	1.10799575e-06	1	0	1	1	0	1
ENSG00000132382	1.202	60	61.869	5.3802675e-06	10	0	10	0	0	0
ENSG00000186868	0.596	9	26.333	2.2774975e-06	1	1	0	0	0	0
ENSG00000120071	0.238	6	49.835	5.47323e-06	1	0	1	0	0	0
ENSG00000161905	1.338	35	34.684	2.9766425e-06	1	0	1	0	0	0
ENSG00000176681	1.044	7	12.599	9.6541975e-07	1	0	1	0	0	0
ENSG00000178852	1.366	46	43.049	3.2881925e-06	3	0	3	0	0	0
ENSG00000141497	0.857	21	35.286	3.9262e-06	2	0	2	1	0	1
ENSG00000198933	0.467	6	25.352	2.265605e-06	1	0	1	0	0	0
ENSG00000120093	0.409	1	11.602	8.308e-07	1	0	1	1	0	1
ENSG00000136436	0.52	8	27.754	2.22909e-06	1	0	1	0	0	0
ENSG00000167080	1.469	25	23.764	1.9461825e-06	1	0	1	0	0	0
ENSG00000108528	0.512	3	15.156	1.418658e-06	1	0	1	1	0	1
ENSG00000005882	0.959	11	18.976	1.9321125e-06	1	0	1	1	0	1
ENSG00000108823	0.789	7	16.655	1.35304825e-06	1	0	1	0	0	0
ENSG00000015532	0.341	6	34.754	2.888035e-06	2	0	2	1	0	1
ENSG00000136449	0.639	22	49.163	4.410275e-06	1	0	1	0	0	0
ENSG00000049283	1.377	25	25.359	2.252205e-06	3	0	3	1	0	1
ENSG00000006282	0.698	22	44.984	4.094705e-06	3	1	2	0	0	0
ENSG00000011052	1.218	7	10.784	1.43475475e-06	3	0	3	3	0	3
ENSG00000154975	0.46	4	19.915	1.818045e-06	1	0	1	0	0	0
ENSG00000129204	0.974	63	79.757	7.624935e-06	4	0	4	0	0	0
ENSG00000180626	1.783	6	5.9514	4.1189925e-07	4	0	4	0	0	0
ENSG00000141200	1.38	16	17.599	1.548839e-06	1	0	1	0	0	0
ENSG00000108559	0.692	19	40.264	3.7319e-06	2	0	2	1	0	1
ENSG00000141179	1.675	16	14.296	1.32852625e-06	1	0	1	0	0	0
ENSG00000153933	0.708	14	30.899	2.814e-06	1	0	1	0	0	0
ENSG00000136451	0.566	3	13.695	1.8091675e-06	1	0	1	0	0	0
ENSG00000141194	1.654	6	6.8465	6.3449e-07	1	0	1	0	0	0
ENSG00000121053	1.226	32	35.062	4.174435e-06	3	0	3	0	0	0
ENSG00000011143	1.114	28	34.452	3.81431e-06	1	0	1	1	0	1
ENSG00000005381	1.145	25	30.491	2.7135e-06	4	0	4	0	0	0
ENSG00000108389	0.25	8	57.701	5.2616775e-06	1	1	0	0	0	0
ENSG00000121101	0.954	65	83.791	7.275865e-06	2	0	2	0	0	0
ENSG00000108384	1.491	20	19.475	1.7810275e-06	1	0	1	0	0	0
ENSG00000068097	0.909	41	58.535	5.24275e-06	1	0	1	0	0	0
ENSG00000179314	0.679	12	28.628	3.0124875e-06	2	0	2	1	0	1
ENSG00000136492	0.786	36	60.515	5.23806e-06	2	0	2	1	0	1
ENSG00000172421	1.1	15	20.991	2.3501925e-06	1	0	1	0	0	0
ENSG00000011028	0.319	19	87.279	7.15225e-06	1	0	1	1	0	1
ENSG00000173838	1.393	35	33.322	2.71886e-06	6	0	6	0	0	0
ENSG00000170921	0.154	8	93.633	9.1791675e-06	1	1	0	0	0	0
ENSG00000173826	1.397	42	38.899	3.4593775e-06	2	0	2	0	0	0
ENSG00000266173	0.703	4	13.027	2.5280775e-06	1	0	1	0	0	0
ENSG00000136487	1.387	3	5.4911	3.9803025e-07	1	0	1	0	0	0
ENSG00000136488	1.76	7	6.898	5.68562e-07	2	0	2	0	0	0
ENSG00000007314	0.378	19	73.739	5.9762325e-06	4	0	4	4	0	4
ENSG00000129221	1.146	8	12.594	1.42028275e-06	2	0	2	0	0	0
ENSG00000108590	1.276	6	9.2595	9.09458e-07	2	0	2	0	0	0
ENSG00000108878	1.819	11	9.233	8.0080075e-07	1	0	1	0	0	0
ENSG00000141337	1.147	17	22.226	1.57880475e-06	4	1	3	0	0	0
ENSG00000141338	1.186	80	81.259	6.587105e-06	5	0	5	0	0	0
ENSG00000154258	1.07	78	88.007	7.65676e-06	4	0	4	1	0	1
ENSG00000154262	0.864	54	78.406	5.9825975e-06	9	0	9	2	0	2
ENSG00000154263	0.968	61	78.03	6.1306675e-06	11	1	10	0	0	0
ENSG00000154265	0.838	55	82.206	6.8036825e-06	1	0	1	0	0	0
ENSG00000153822	1.674	16	14.31	1.7270925e-06	4	0	4	0	0	0
ENSG00000123700	0.615	3	12.609	1.485055e-06	1	0	1	0	0	0
ENSG00000132514	1.136	10	14.926	1.21248225e-06	1	0	1	0	0	0
ENSG00000170291	1.698	18	15.486	1.22782525e-06	1	0	1	1	0	1
ENSG00000166685	0.649	20	44.754	4.186495e-06	1	0	1	0	0	0
ENSG00000141219	1.034	12	18.803	1.934625e-06	2	0	2	0	0	0
ENSG00000072818	0.423	11	43.038	3.8014125e-06	2	0	2	1	0	1
ENSG00000169992	0.126	0	23.633	1.7106775e-06	2	0	2	0	0	0
ENSG00000109062	1.157	8	12.479	9.08855e-07	1	0	1	0	0	0
ENSG00000161509	0.715	17	35.649	2.70546e-06	1	0	1	0	0	0
ENSG00000177728	0.641	35	72.394	6.380075e-06	1	1	0	0	0	0
ENSG00000092929	0.773	40	67.343	5.9715425e-06	1	0	1	0	0	0
ENSG00000141569	1.843	27	19.445	1.51314475e-06	2	0	2	0	0	0
ENSG00000204316	1.099	16	22.113	2.0275875e-06	1	1	0	0	0	0
ENSG00000188878	0.872	41	61.015	4.971065e-06	1	0	1	1	0	1
ENSG00000141504	1.548	9	10.024	7.14622e-07	1	0	1	0	0	0
ENSG00000129673	1.227	5	8.5525	6.110735e-07	1	0	1	0	0	0
ENSG00000184640	0.252	2	24.984	2.11184e-06	1	0	1	1	0	1
ENSG00000183914	0.563	115	238.43	2.2138475e-05	4	0	4	1	0	1
ENSG00000167699	1.606	18	16.526	1.2874385e-06	2	0	2	0	0	0
ENSG00000167895	1.124	25	31.053	2.455885e-06	6	0	6	0	0	0
ENSG00000187775	0.75	134	206.33	1.74602e-05	6	0	6	1	0	1
ENSG00000055483	0.505	17	50.537	4.648125e-06	1	0	1	0	0	0
ENSG00000108679	1.426	11	12.737	1.05268725e-06	2	0	2	0	0	0
ENSG00000171302	1.309	10	12.952	1.05995675e-06	2	0	2	0	0	0
ENSG00000170043	0.902	3	8.5913	8.9831925e-07	2	0	2	0	0	0
ENSG00000173894	0.661	0	4.5266	1.43716675e-06	4	0	4	0	0	0
ENSG00000171298	0.981	34	46.15	3.9591975e-06	2	0	2	0	0	0
ENSG00000132518	0.748	22	41.981	3.7494875e-06	1	0	1	0	0	0
ENSG00000141527	0.995	36	47.791	4.05953e-06	1	0	1	0	0	0
ENSG00000173821	0.746	26	48.334	1.96176e-05	1	0	1	0	0	0
ENSG00000173818	1.594	13	12.84	1.65019325e-06	5	0	5	1	0	1
ENSG00000179593	1.127	26	32.007	2.926225e-06	3	0	3	1	0	1
ENSG00000141577	0.778	34	58.154	4.9407475e-06	1	0	1	0	0	0
ENSG00000157637	0.863	21	35.032	2.9354375e-06	1	0	1	0	0	0
ENSG00000179094	0.466	17	54.759	5.1389e-06	2	1	1	1	0	1
ENSG00000183048	1.159	12	16.775	1.344757e-06	3	0	3	0	0	0
ENSG00000185269	0.58	10	29.235	2.825725e-06	1	0	1	0	0	0
ENSG00000169683	0.877	23	37.159	3.1026025e-06	1	0	1	0	0	0
ENSG00000181408	1.925	6	4.159	3.0188525e-07	4	0	4	0	0	0
ENSG00000141568	0.58	7	22.672	1.9331175e-06	4	0	4	0	0	0
ENSG00000141560	1.544	13	13.305	9.5778175e-07	1	0	1	1	0	1
ENSG00000141556	0.493	26	73.106	6.5504225e-06	1	0	1	0	0	0
ENSG00000189051	1.858	5	4.5124	4.457175e-07	1	0	1	1	0	1
ENSG00000170310	1.252	14	17.485	1.8041425e-06	1	0	1	0	0	0
ENSG00000184544	1.5	12	12.903	1.0588345e-06	1	0	1	0	0	0
ENSG00000109047	1.854	12	9.4756	9.59842e-07	1	0	1	0	0	0
ENSG00000154889	1.252	13	16.505	1.87265e-06	2	0	2	0	0	0
ENSG00000141385	0.7	21	43.172	4.6754275e-06	4	0	4	1	0	1
ENSG00000141391	1.855	12	9.4503	8.1537325e-07	1	0	1	0	0	0
ENSG00000128789	1.443	11	12.58	8.867785e-07	1	0	1	1	0	1
ENSG00000101639	0.67	50	94.476	1.061414e-05	4	0	4	4	0	4
ENSG00000101752	1.973	105	57.462	5.859485e-06	2	0	2	0	0	0
ENSG00000101773	0.749	27	49.731	4.53657e-06	1	0	1	0	0	0
ENSG00000101782	0.802	15	28.796	2.58285e-06	1	0	1	0	0	0
ENSG00000141458	0.486	21	62.229	5.5564775e-06	2	2	0	0	0	0
ENSG00000141447	0.522	23	62.399	5.4687075e-06	2	0	2	0	0	0
ENSG00000134489	1.438	12	13.488	1.1876755e-06	1	1	0	0	0	0
ENSG00000154611	1.026	9	15.312	1.7207275e-06	1	0	1	0	0	0
ENSG00000171885	0.991	6	11.949	1.01097975e-06	1	1	0	0	0	0
ENSG00000132205	1.051	26	34.34	2.9029425e-06	5	0	5	0	0	0
ENSG00000134762	1.196	34	37.854	2.9444825e-06	3	0	3	0	0	0
ENSG00000134765	0.963	30	42.275	4.0024125e-06	3	0	3	0	0	0
ENSG00000175065	0.814	27	45.722	3.8697525e-06	1	1	0	0	0	0
ENSG00000134757	1.09	35	42.578	3.898395e-06	2	0	2	0	0	0
ENSG00000046604	0.79	22	39.749	3.1237075e-06	1	0	1	0	0	0
ENSG00000141437	1.76	5	5.3508	6.254115e-07	4	0	4	0	0	0
ENSG00000101605	0.972	72	90.114	8.23497e-06	1	0	1	0	0	0
ENSG00000141434	1.279	37	38.05	3.3826625e-06	2	0	2	0	0	0
ENSG00000177426	0.911	5	11.541	8.605815e-07	2	0	2	0	0	0
ENSG00000186812	1.056	10	16.067	1.99861e-06	2	0	2	0	0	0
ENSG00000075643	1.154	32	37.237	3.03912e-06	4	0	4	0	0	0
ENSG00000141469	1.562	18	17.028	1.43063425e-06	1	1	0	0	0	0
ENSG00000197046	1.87	11	8.5573	6.11509e-07	1	0	1	0	0	0
ENSG00000167210	1.012	46	58.094	5.2673725e-06	3	0	3	0	0	0
ENSG00000078043	0.268	3	28.972	2.751355e-06	3	0	3	0	0	0
ENSG00000173213	1.868	5	4.4004	3.151345e-07	7	0	7	0	0	0
ENSG00000141627	0.905	26	39.857	3.793205e-06	1	0	1	0	0	0
ENSG00000172361	1.344	28	28.561	2.97145e-06	1	0	1	0	0	0
ENSG00000154839	1.22	9	12.865	1.22383875e-06	1	0	1	0	0	0
ENSG00000141646	0.222	2	28.37	2.3115e-06	1	1	0	0	0	0
ENSG00000174448	1.193	7	11.016	8.85673e-07	1	0	1	0	0	0
ENSG00000228075	1.919	1	0.64157	4.5024e-08	1	0	1	1	0	1
ENSG00000134440	0.781	20	37.231	4.0811375e-06	1	0	1	1	0	1
ENSG00000198796	0.815	45	70.82	5.4633475e-06	1	1	0	0	0	0
ENSG00000197563	1.025	38	48.571	3.9236875e-06	2	0	2	0	0	0
ENSG00000141664	0.285	6	41.565	3.6667425e-06	1	1	0	0	0	0
ENSG00000119537	0.678	5	15.505	1.56048025e-06	1	0	1	0	0	0
ENSG00000166634	1.96	30	17.327	1.38805575e-06	2	0	2	0	0	0
ENSG00000206073	1.879	21	14.912	1.16387375e-06	3	0	3	0	0	0
ENSG00000166396	1.31	14	16.702	1.45535725e-06	2	0	2	0	0	0
ENSG00000221887	1.673	3	4.1944	4.0797975e-07	8	0	8	0	0	0
ENSG00000265944	0.915	3	8.4701	7.277875e-07	1	0	1	0	0	0
ENSG00000081138	0.393	7	33.473	3.1830025e-06	1	0	1	1	0	1
ENSG00000071991	1.119	25	31.205	2.4902225e-06	1	0	1	0	0	0
ENSG00000171451	0.568	17	44.883	4.23038e-06	2	0	2	1	0	1
ENSG00000176225	0.739	73	119.97	1.06702525e-05	1	1	0	0	0	0
ENSG00000101680	0.621	78	151.6	1.307237e-05	1	0	1	0	0	0
ENSG00000206043	0.763	13	27.079	2.0754925e-06	3	0	3	0	0	0
ENSG00000150656	1.002	18	26.626	2.514175e-06	3	0	3	0	0	0
ENSG00000256463	0.415	4	22.054	2.0909025e-06	1	0	1	0	0	0
ENSG00000173482	0.24	12	81.161	7.75324e-06	1	1	0	0	0	0
ENSG00000101745	0.197	9	79.748	7.6388375e-06	2	0	2	1	0	1
ENSG00000168454	0.92	0	3.2214	2.24383e-07	3	0	3	0	0	0
ENSG00000116032	0.978	14	22.387	1.8319475e-06	3	0	3	0	0	0
ENSG00000130812	1.193	14	18.339	1.759755e-06	2	0	2	0	0	0
ENSG00000130810	1.102	15	20.951	2.1408175e-06	2	0	2	0	0	0
ENSG00000105364	1.441	15	16.006	1.261543e-06	1	0	1	0	0	0
ENSG00000090339	0.618	6	19.166	1.63237125e-06	1	0	1	0	0	0
ENSG00000076662	1.92	31	19.966	1.6726885e-06	2	0	2	0	0	0
ENSG00000064687	1.067	90	100.53	8.59476e-06	4	0	4	0	0	0
ENSG00000129354	1.076	15	21.468	1.643309e-06	2	0	2	2	0	2
ENSG00000130733	1.279	13	16.154	1.1570565e-06	1	0	1	0	0	0
ENSG00000176695	1.761	0	0.85306	5.986115e-08	1	0	1	0	0	0
ENSG00000130164	1.073	38	46.438	3.821345e-06	1	0	1	1	0	1
ENSG00000064932	0.413	16	58.877	4.6137875e-06	1	0	1	0	0	0
ENSG00000130173	1.944	14	8.7009	7.4083575e-07	2	0	2	1	0	1
ENSG00000205517	1.379	47	43.453	4.54662e-06	2	0	2	0	0	0
ENSG00000198551	1.089	1	4.3198	3.06994e-07	1	0	1	0	0	0
ENSG00000171295	1.627	3	4.4156	3.13761e-07	4	0	4	0	0	0
ENSG00000171291	1.693	3	4.0933	2.9146675e-07	15	0	15	0	0	0
ENSG00000196757	1.708	4	4.8669	3.4577025e-07	3	0	3	0	0	0
ENSG00000197054	1.525	3	4.8746	3.468925e-07	7	0	7	0	0	0
ENSG00000197647	1.691	3	4.1005	2.94532e-07	9	0	9	0	0	0
ENSG00000223547	1.785	4	4.3797	3.1183475e-07	2	0	2	0	0	0
ENSG00000196646	1.375	6	8.5632	6.0341875e-07	2	0	2	0	0	0
ENSG00000198342	1.288	3	5.9692	4.23507e-07	4	0	4	0	0	0
ENSG00000196466	1.171	0	2.4439	4.376105e-07	4	0	4	0	0	0
ENSG00000180855	1.766	5	5.3099	5.1149475e-07	1	0	1	0	0	0
ENSG00000104774	0.97	41	54.867	4.48632e-06	1	1	0	0	0	0
ENSG00000095066	0.921	34	49.145	4.4318825e-06	1	1	0	0	0	0
ENSG00000104889	0.88	6	13.458	9.9191825e-07	1	0	1	0	0	0
ENSG00000104915	1.558	15	14.753	1.125131e-06	1	0	1	1	0	1
ENSG00000037757	1.102	7	11.932	1.13318775e-06	1	0	1	0	0	0
ENSG00000104998	0.903	24	37.365	3.3263825e-06	1	1	0	0	0	0
ENSG00000141854	1.281	6	9.2266	7.317405e-07	4	0	4	0	0	0
ENSG00000188032	1.003	6	11.801	1.37840775e-06	8	0	8	0	0	0
ENSG00000072062	0.318	2	19.797	1.573562e-06	2	1	1	0	0	0
ENSG00000072071	0.187	7	70.251	6.88693e-06	2	0	2	0	0	0
ENSG00000123159	0.959	5	10.961	9.49993e-07	1	0	1	0	0	0
ENSG00000131355	1.482	39	34.374	2.66928e-06	4	0	4	0	0	0
ENSG00000127507	1.253	43	44.262	3.3273875e-06	10	0	10	1	0	1
ENSG00000127529	1.945	1	0.11975	8.6934175e-09	4	0	4	0	0	0
ENSG00000160994	1.124	13	18.389	1.596208e-06	2	0	2	0	0	0
ENSG00000105135	0.912	17	27.95	2.142995e-06	1	0	1	0	0	0
ENSG00000074181	0.322	22	97.556	8.6170375e-06	1	0	1	1	0	1
ENSG00000161031	1.342	15	17.211	2.1039675e-06	2	1	1	0	0	0
ENSG00000186529	1.382	24	24.423	1.7502075e-06	1	0	1	0	0	0
ENSG00000186204	1.375	26	26.239	2.303795e-06	1	0	1	0	0	0
ENSG00000171903	1.521	30	26.74	2.1769975e-06	1	0	1	0	0	0
ENSG00000176231	1.895	3	2.5678	1.871645e-07	3	0	3	0	0	0
ENSG00000105072	1.111	16	21.864	1.70113e-06	4	0	4	0	0	0
ENSG00000127533	1.63	7	7.817	6.25646e-07	1	0	1	0	0	0
ENSG00000127220	0.31	1	15.28	1.7652825e-06	1	0	1	0	0	0
ENSG00000074855	0.317	9	49.488	4.2148025e-06	1	0	1	0	0	0
ENSG00000130300	0.972	12	20.002	1.7381475e-06	1	0	1	0	0	0
ENSG00000130270	1.011	47	59.275	4.5347275e-06	3	0	3	0	0	0
ENSG00000130518	0.893	17	28.547	2.3511975e-06	1	0	1	0	0	0
ENSG00000130511	0.445	6	26.586	2.4510275e-06	2	0	2	0	0	0
ENSG00000130283	0.917	1	5.1668	4.3695725e-07	5	0	5	0	0	0
ENSG00000105676	1.338	16	18.153	1.763775e-06	10	0	10	1	0	1
ENSG00000064545	0.821	14	26.642	2.63846e-06	1	0	1	1	0	1
ENSG00000089639	0.711	24	47.494	4.2539975e-06	3	0	3	2	0	2
ENSG00000105708	1.255	2	4.9556	3.511805e-07	1	0	1	0	0	0
ENSG00000184635	1.809	5	4.98	3.537265e-07	3	0	3	1	0	1
ENSG00000213988	1.694	4	4.9477	3.49405e-07	1	0	1	0	0	0
ENSG00000256229	1.894	7	5.4541	3.8660675e-07	3	0	3	0	0	0
ENSG00000099875	0.791	12	24.595	2.0470175e-06	2	0	2	0	0	0
ENSG00000237440	1.798	5	5.0656	3.58785e-07	1	0	1	0	0	0
ENSG00000160229	1.517	2	3.9098	2.76241e-07	6	0	6	0	0	0
ENSG00000105750	1.873	6	5.0538	3.5886875e-07	1	0	1	0	0	0
ENSG00000118620	1.295	4	7.0292	4.94929e-07	1	0	1	0	0	0
ENSG00000197013	1.888	6	4.8564	3.4469825e-07	6	0	6	3	0	3
ENSG00000160321	1.855	6	5.2794	3.7458025e-07	2	0	2	0	0	0
ENSG00000196109	1.606	1	2.5412	1.79426e-07	6	0	6	0	0	0
ENSG00000197360	1.639	4	5.2439	3.7153175e-07	3	0	3	0	0	0
ENSG00000104897	0.399	2	15.779	1.26092325e-06	11	0	11	0	0	0
ENSG00000188305	1.775	4	4.4517	3.1833375e-07	1	0	1	0	0	0
ENSG00000269067	1.773	5	5.255	3.75401e-07	6	0	6	0	0	0
ENSG00000183850	1.84	6	5.4412	3.864225e-07	1	0	1	0	0	0
ENSG00000167232	0.871	1	5.4397	3.854175e-07	3	0	3	0	0	0
ENSG00000197372	1.16	2	5.395	3.8272075e-07	6	0	6	1	0	1
ENSG00000213096	1.905	7	5.2661	3.8014125e-07	1	0	1	0	0	0
ENSG00000099860	0.904	2	6.9634	5.04577e-07	1	0	1	0	0	0
ENSG00000172006	1.188	17	21.472	1.83446e-06	3	0	3	0	0	0
ENSG00000186300	1.052	14	20.809	2.134285e-06	1	0	1	0	0	0
ENSG00000175691	1.539	4	5.7521	4.0781225e-07	9	0	9	0	0	0
ENSG00000104953	0.685	15	33.709	2.6677725e-06	1	0	1	0	0	0
ENSG00000065717	0.682	18	39.151	3.0975775e-06	1	0	1	0	0	0
ENSG00000125912	0.395	5	26.608	2.2778325e-06	1	0	1	1	0	1
ENSG00000178904	0.657	18	40.626	3.44715e-06	1	0	1	0	0	0
ENSG00000213965	1.975	17	8.1578	5.9129175e-07	1	0	1	1	0	1
ENSG00000121289	1.223	40	42.566	3.572105e-06	1	0	1	0	0	0
ENSG00000131941	0.759	17	33.597	2.8443175e-06	1	0	1	0	0	0
ENSG00000076650	0.689	27	54.049	5.37139e-06	1	0	1	0	0	0
ENSG00000153879	0.875	1	5.4163	6.3785675e-07	1	0	1	1	0	1
ENSG00000126249	1.091	12	17.817	1.4185575e-06	1	0	1	0	0	0
ENSG00000153896	0.973	14	22.505	2.4101575e-06	8	0	8	0	0	0
ENSG00000168661	1.755	4	4.584	3.24213e-07	6	0	6	0	0	0
ENSG00000180884	1.327	16	18.309	1.7244125e-06	1	0	1	1	0	1
ENSG00000105699	0.855	14	25.591	2.3404775e-06	8	0	8	0	0	0
ENSG00000105698	0.249	1	19.034	1.93429e-06	1	0	1	0	0	0
ENSG00000126251	1.661	2	3.3334	2.3980975e-07	1	0	1	0	0	0
ENSG00000161249	1.055	23	30.887	2.61501e-06	3	0	3	0	0	0
ENSG00000249115	0.731	23	44.579	4.3410975e-06	1	1	0	0	0	0
ENSG00000105668	1.635	15	13.974	1.016055e-06	2	0	2	0	0	0
ENSG00000004777	0.426	16	56.988	5.19585e-06	1	0	1	0	0	0
ENSG00000250799	1.189	22	26.429	2.4818475e-06	2	0	2	0	0	0
ENSG00000161270	0.715	33	61.704	5.6124225e-06	2	0	2	0	0	0
ENSG00000161277	1.669	9	9.1243	7.53147e-07	3	0	3	0	0	0
ENSG00000105298	0.262	4	34.93	2.81065e-06	1	0	1	0	0	0
ENSG00000197863	1.325	24	25.464	2.5247275e-06	3	0	3	0	0	0
ENSG00000251247	1.783	4	4.3948	1.50530575e-06	2	0	2	0	0	0
ENSG00000198453	0.952	18	28.05	2.8426425e-06	2	0	2	0	0	0
ENSG00000197050	1.055	15	21.894	2.83343e-06	1	0	1	1	0	1
ENSG00000105549	1.35	14	16.208	1.25281625e-06	1	0	1	1	0	1
ENSG00000188283	1.25	18	21.36	1.9153625e-06	2	1	1	0	0	0
ENSG00000181666	1.441	28	26.639	2.50848e-06	5	0	5	0	0	0
ENSG00000171827	0.75	11	24.272	2.1170325e-06	1	0	1	0	0	0
ENSG00000188227	1.293	15	17.863	1.657781e-06	1	0	1	0	0	0
ENSG00000011132	1.239	20	23.452	2.378165e-06	1	0	1	0	0	0
ENSG00000171817	0.958	1	4.9387	3.4711025e-07	1	0	1	1	0	1
ENSG00000120784	0.915	14	23.932	2.2965925e-06	1	0	1	0	0	0
ENSG00000189144	1.363	13	15.156	1.55133475e-06	1	0	1	0	0	0
ENSG00000171804	0.943	38	52.801	5.0693875e-06	10	0	10	1	0	1
ENSG00000105738	0.2	7	65.884	5.888295e-06	2	0	2	0	0	0
ENSG00000099341	0.632	5	16.639	1.50141975e-06	1	0	1	0	0	0
ENSG00000130244	1.347	12	14.425	1.28725425e-06	2	0	2	0	0	0
ENSG00000196218	0.458	97	250.6	2.328585e-05	7	0	7	1	0	1
ENSG00000178982	0.822	7	15.986	1.4280715e-06	1	0	1	0	0	0
ENSG00000205076	1.748	1	1.9855	1.69175e-07	4	0	4	0	0	0
ENSG00000171747	1.075	13	19.227	1.649808e-06	1	0	1	0	0	0
ENSG00000104824	0.244	2	25.762	1.97583e-06	2	0	2	0	0	0
ENSG00000269190	1.771	17	13.934	1.11488e-06	1	0	1	1	0	1
ENSG00000090932	0.873	10	19.425	1.7234075e-06	2	0	2	0	0	0
ENSG00000006659	1.531	6	7.5894	6.83266e-07	1	0	1	0	0	0
ENSG00000187187	0.958	23	34.005	3.39489e-06	4	0	4	0	0	0
ENSG00000197782	1.924	10	6.8456	4.5531525e-07	2	0	2	0	0	0
ENSG00000105221	0.329	3	23.583	1.9930825e-06	1	1	0	0	0	0
ENSG00000105223	0.772	12	25.198	2.0316075e-06	1	0	1	1	0	1
ENSG00000090013	1.758	8	7.6671	7.11406e-07	1	0	1	0	0	0
ENSG00000160410	0.718	18	37.164	3.3360975e-06	1	0	1	0	0	0
ENSG00000105245	0.218	2	28.892	3.117845e-06	1	0	1	0	0	0
ENSG00000123815	1.09	20	26.672	2.4707925e-06	2	0	2	0	0	0
ENSG00000198077	1.712	18	15.331	1.5644165e-06	1	0	1	0	0	0
ENSG00000197408	1.237	17	20.611	2.25723e-06	11	0	11	0	0	0
ENSG00000197446	1.242	15	18.589	1.573026e-06	1	0	1	0	0	0
ENSG00000167600	0.886	10	19.149	1.620931e-06	1	0	1	0	0	0
ENSG00000248098	1.032	16	23.539	2.1860425e-06	1	0	1	0	0	0
ENSG00000007129	1.697	17	14.785	1.3102855e-06	7	0	7	1	0	1
ENSG00000105352	1.417	12	13.692	1.568068e-06	1	0	1	0	0	0
ENSG00000086548	1.217	11	14.961	1.36118875e-06	2	0	2	0	0	0
ENSG00000129946	1.329	22	23.635	2.148355e-06	1	0	1	1	0	1
ENSG00000079432	0.209	5	50.185	4.33825e-06	1	1	0	0	0	0
ENSG00000105429	0.369	36	128.87	1.15995425e-05	1	0	1	0	0	0
ENSG00000079435	0.851	24	39.652	3.4580375e-06	2	0	2	0	0	0
ENSG00000221826	1.839	32	22.693	2.605965e-06	1	0	1	0	0	0
ENSG00000124467	1.955	28	16.519	1.8667875e-06	3	0	3	0	0	0
ENSG00000231924	1.986	33	14.597	1.38885975e-06	1	0	1	0	0	0
ENSG00000167664	1.585	8	8.938	6.4542775e-07	1	0	1	0	0	0
ENSG00000243130	1.888	13	9.5821	1.891745e-06	3	0	3	0	0	0
ENSG00000242221	1.981	35	17.203	1.91888e-06	2	0	2	0	0	0
ENSG00000204941	1.898	27	18.215	2.106815e-06	4	0	4	0	0	0
ENSG00000243137	1.939	26	16.199	2.303125e-06	2	0	2	0	0	0
ENSG00000183668	1.923	17	11.329	1.9957625e-06	2	0	2	0	0	0
ENSG00000124466	1.91	14	9.7822	7.0314825e-07	3	0	3	0	0	0
ENSG00000176531	1.236	33	35.702	3.30578e-06	3	0	3	2	0	2
ENSG00000008382	0.875	10	19.382	1.381406e-06	1	0	1	0	0	0
ENSG00000124444	1.831	4	4.0204	2.84281e-07	1	0	1	0	0	0
ENSG00000105767	0.169	0	17.699	1.264156e-06	1	1	0	1	1	0
ENSG00000124449	0.816	4	11.219	9.4719575e-07	1	0	1	0	0	0
ENSG00000167637	1.122	16	21.656	1.766455e-06	1	0	1	0	0	0
ENSG00000204920	1.897	7	5.3978	5.30506e-07	6	0	6	0	0	0
ENSG00000159885	1.919	5	3.6016	5.2878075e-07	1	0	1	0	0	0
ENSG00000186026	1.755	6	6.1668	6.93517e-07	4	0	4	0	0	0
ENSG00000256294	1.198	2	5.2133	5.1330375e-07	1	0	1	0	0	0
ENSG00000263002	1.252	20	23.211	1.9826975e-06	3	0	3	0	0	0
ENSG00000167380	1.657	4	5.1506	2.579835e-06	1	0	1	0	0	0
ENSG00000131115	0.926	21	32.655	3.154025e-06	1	0	1	0	0	0
ENSG00000187244	0.835	18	31.971	3.022705e-06	1	0	1	0	0	0
ENSG00000167676	1.597	22	19.603	1.4227115e-06	2	0	2	1	0	1
ENSG00000104866	0.26	2	24.259	1.7388175e-06	4	0	4	0	0	0
ENSG00000214456	1.656	16	14.495	1.13023975e-06	1	0	1	0	0	0
ENSG00000012061	1.296	12	14.996	1.21509525e-06	1	0	1	1	0	1
ENSG00000125744	0.417	7	31.514	3.450835e-06	1	0	1	0	0	0
ENSG00000010310	1.796	37	26.715	2.443825e-06	3	0	3	1	0	1
ENSG00000104941	0.944	20	30.792	2.5046275e-06	1	1	0	0	0	0
ENSG00000169515	0.83	2	7.5799	5.59048e-07	1	0	1	0	0	0
ENSG00000105287	0.189	3	41.055	3.290705e-06	1	0	1	0	0	0
ENSG00000105281	0.988	3	7.8463	1.0735075e-06	1	0	1	1	0	1
ENSG00000105327	1.864	4	3.6948	5.5447525e-07	1	0	1	0	0	0
ENSG00000197405	1.698	0	1.0815	7.699975e-08	1	0	1	0	0	0
ENSG00000134815	0.768	28	50.011	4.6750925e-06	1	0	1	0	0	0
ENSG00000105419	1.029	17	24.773	2.34366e-06	1	0	1	0	0	0
ENSG00000178928	1.795	0	0.70798	4.96939e-08	2	0	2	1	0	1
ENSG00000105398	1.828	20	15.178	1.2116615e-06	1	0	1	0	0	0
ENSG00000105499	1.046	25	33.374	3.0366075e-06	2	0	2	1	0	1
ENSG00000105447	0.773	9	20.319	1.61247225e-06	2	0	2	0	0	0
ENSG00000182324	1.568	9	9.8788	7.11406e-07	1	0	1	0	0	0
ENSG00000105559	0.822	26	43.911	4.4881625e-06	2	0	2	0	0	0
ENSG00000087074	1.235	20	23.527	2.09576e-06	2	0	2	0	0	0
ENSG00000104808	1.538	14	14.161	1.28296625e-06	2	0	2	0	0	0
ENSG00000104827	1.879	1	1.1413	8.21554e-08	3	0	3	0	0	0
ENSG00000267631	1.793	2	2.6673	1.8821975e-07	1	0	1	0	0	0
ENSG00000104863	0.444	1	10.681	1.19801025e-06	1	1	0	0	0	0
ENSG00000130528	0.929	17	27.455	2.57548e-06	2	0	2	0	0	0
ENSG00000130529	1.099	54	61.621	5.4275025e-06	2	0	2	0	0	0
ENSG00000063127	1.088	23	29.957	2.4238925e-06	1	0	1	1	0	1
ENSG00000142538	1.942	3	1.661	1.199233e-07	1	0	1	0	0	0
ENSG00000161618	1.076	35	43.123	4.1481375e-06	1	0	1	0	0	0
ENSG00000142546	1.164	11	15.637	1.529476e-06	1	0	1	0	0	0
ENSG00000104973	0.652	17	39.109	3.3639025e-06	1	0	1	0	0	0
ENSG00000105053	1.039	20	27.959	2.3652675e-06	1	0	1	0	0	0
ENSG00000099866	0.74	1	6.4108	4.64779e-07	7	0	7	0	0	0
ENSG00000131398	0.515	3	15.05	1.41314725e-06	4	0	4	0	0	0
ENSG00000131400	1.631	19	16.973	1.45792e-06	1	0	1	0	0	0
ENSG00000086967	0.964	43	57.496	4.69938e-06	3	0	3	0	0	0
ENSG00000142513	1.513	21	19.96	1.5739975e-06	1	0	1	1	0	1
ENSG00000167748	1.319	7	9.9438	7.1306425e-07	2	0	2	0	0	0
ENSG00000167751	1.362	7	9.6169	6.8742e-07	1	0	1	0	0	0
ENSG00000167755	1.034	5	10.162	8.8970975e-07	1	0	1	0	0	0
ENSG00000129451	1.594	10	10.491	9.8629025e-07	1	0	1	0	0	0
ENSG00000142544	1.513	2	3.9275	2.8312525e-07	2	0	2	0	0	0
ENSG00000105383	1.319	11	13.796	9.8327525e-07	1	0	1	0	0	0
ENSG00000179213	1.83	10	8.4053	5.9504375e-07	1	0	1	0	0	0
ENSG00000127663	0.171	4	53.537	4.28063e-06	3	0	3	3	0	3
ENSG00000105379	1.053	6	11.25	1.158363e-06	1	1	0	0	0	0
ENSG00000254521	1.227	22	25.608	2.5870375e-06	7	0	7	1	0	1
ENSG00000105497	0.91	15	25.377	2.0446725e-06	2	0	2	0	0	0
ENSG00000105509	1.379	19	20.207	1.60674375e-06	1	0	1	1	0	1
ENSG00000161551	1.066	9	14.733	1.178128e-06	2	0	2	0	0	0
ENSG00000256683	0.839	8	17.213	1.8654475e-06	1	0	1	0	0	0
ENSG00000142556	1.007	14	21.733	2.3478475e-06	2	0	2	0	0	0
ENSG00000256087	1.146	24	29.447	3.6697575e-06	3	0	3	0	0	0
ENSG00000105426	0.199	10	85.368	7.916385e-06	3	0	3	1	0	1
ENSG00000167554	1.76	6	6.1328	4.348635e-07	1	0	1	0	0	0
ENSG00000221923	1.693	4	4.952	3.493045e-07	10	0	10	0	0	0
ENSG00000167555	1.674	5	5.8991	4.1906825e-07	1	0	1	0	0	0
ENSG00000258405	1.865	4	3.686	2.6017775e-07	1	0	1	0	0	0
ENSG00000167562	1.95	9	5.322	3.7638925e-07	2	0	2	0	0	0
ENSG00000213020	1.513	2	3.9277	2.7872e-07	1	0	1	0	0	0
ENSG00000204604	1.92	5	3.5916	2.262255e-07	1	0	1	0	0	0
ENSG00000180257	1.933	2	1.1615	2.55337e-07	2	0	2	0	0	0
ENSG00000170954	1.386	1	3.2518	2.136965e-07	1	0	1	0	0	0
ENSG00000197497	1.797	3	3.4832	2.486035e-07	2	0	2	0	0	0
ENSG00000197928	1.1	15	21.006	1.46748425e-06	3	0	3	0	0	0
ENSG00000213799	1.9	4	3.2409	2.3109975e-07	3	0	3	0	0	0
ENSG00000198346	0.915	0	3.2397	2.31016e-07	1	0	1	0	0	0
ENSG00000189068	1.412	12	13.744	9.74783e-07	1	0	1	1	0	1
ENSG00000170909	1.508	5	6.8287	5.762e-07	2	0	2	0	0	0
ENSG00000125505	0.581	5	18.092	1.436413e-06	1	0	1	0	0	0
ENSG00000204577	0.827	13	25.003	1.9053125e-06	1	0	1	0	0	0
ENSG00000244482	0.972	10	17.453	1.49250875e-06	1	0	1	0	0	0
ENSG00000105609	1.411	33	31.261	2.63779e-06	1	0	1	0	0	0
ENSG00000239961	1.448	23	22.496	1.755065e-06	1	0	1	0	0	0
ENSG00000167617	1.855	0	0.37043	2.628075e-08	4	0	4	0	0	0
ENSG00000239998	1.788	25	19.085	1.4852895e-06	2	0	2	0	0	0
ENSG00000104974	1.609	27	23.076	1.675e-06	5	0	5	0	0	0
ENSG00000104972	1.055	25	33.093	2.6547075e-06	2	0	2	0	0	0
ENSG00000186818	1.336	20	21.745	1.549576e-06	1	0	1	0	0	0
ENSG00000242019	1.733	6	6.3289	4.467895e-07	1	0	1	0	0	0
ENSG00000125498	1.871	19	13.791	1.0751825e-06	1	0	1	0	0	0
ENSG00000189013	1.148	3	6.7376	5.4479375e-07	1	0	1	0	0	0
ENSG00000240403	1.871	15	11.201	8.8143525e-07	6	0	6	0	0	0
ENSG00000088053	1.609	16	14.992	1.2337045e-06	2	0	2	1	0	1
ENSG00000131037	1.027	28	37.395	2.9933925e-06	1	0	1	0	0	0
ENSG00000125503	0.431	10	39.349	3.5108e-06	1	0	1	0	0	0
ENSG00000080031	1.148	46	51.244	5.3460975e-06	6	0	6	0	0	0
ENSG00000180089	1.913	7	5.1003	3.6674125e-07	3	0	3	0	0	0
ENSG00000180061	1.719	11	10.22	7.3460475e-07	1	0	1	0	0	0
ENSG00000090971	1.796	3	3.4913	3.6268775e-07	1	0	1	0	0	0
ENSG00000187550	1.638	7	7.7597	6.780735e-07	2	0	2	0	0	0
ENSG00000179943	0.59	2	10.668	9.0354525e-07	1	0	1	0	0	0
ENSG00000185792	1.309	37	37.191	3.2074575e-06	2	0	2	0	0	0
ENSG00000160505	0.776	20	37.435	2.9592225e-06	1	0	1	0	0	0
ENSG00000179709	1.263	38	39.434	3.1588825e-06	2	0	2	0	0	0
ENSG00000171487	0.795	29	49.756	4.2305475e-06	1	0	1	0	0	0
ENSG00000018869	1.75	5	5.4207	3.85384e-07	1	0	1	0	0	0
ENSG00000196263	0.867	12	22.424	1.6838775e-06	3	0	3	0	0	0
ENSG00000197016	1.551	27	23.975	1.918545e-06	2	0	2	0	0	0
ENSG00000105146	0.726	4	12.61	9.17699e-07	3	0	3	0	0	0
ENSG00000188785	1.068	1	4.4118	3.15034e-07	1	0	1	0	0	0
ENSG00000186272	1.322	1	3.4601	2.288385e-07	1	0	1	0	0	0
ENSG00000186230	1.68	2	3.2487	2.313845e-07	8	0	8	0	0	0
ENSG00000105136	1.446	4	6.2178	4.3059225e-07	2	0	2	0	0	0
ENSG00000152439	1.447	9	10.804	7.6070125e-07	3	0	3	0	0	0
ENSG00000121406	0.896	0	3.3138	3.4784725e-07	2	0	2	0	0	0
ENSG00000183647	1.831	3	3.2342	2.321215e-07	3	0	3	0	0	0
ENSG00000121417	1.75	13	11.373	1.11513125e-06	1	0	1	0	0	0
ENSG00000204519	1.622	2	3.4962	2.4912275e-07	1	0	1	0	0	0
ENSG00000152443	1.855	3	3.0157	2.1629275e-07	1	0	1	0	0	0
ENSG00000083828	1.712	0	1.0358	1.91218e-07	1	0	1	0	0	0
ENSG00000178935	1.908	4	3.1018	2.214015e-07	3	0	3	0	0	0
ENSG00000204514	1.717	2	3.0752	2.2044675e-07	3	0	3	0	0	0
ENSG00000196724	1.527	14	14.269	1.31703575e-06	5	0	5	0	0	0
ENSG00000176293	1.165	23	27.968	2.67665e-06	10	0	10	0	0	0
ENSG00000171606	0.473	7	27.776	2.4523675e-06	1	0	1	1	0	1
ENSG00000198131	1.577	5	6.4504	6.0837675e-07	2	0	2	0	0	0
ENSG00000182318	1.208	13	17.112	1.830775e-06	3	1	2	0	0	0
ENSG00000121410	1.208	15	19.119	1.52902375e-06	2	0	2	0	0	0
ENSG00000152475	1.678	9	9.0557	9.7453175e-07	2	0	2	0	0	0
ENSG00000083807	1.207	24	27.958	2.4061375e-06	1	0	1	0	0	0
ENSG00000119574	1.13	9	13.895	1.39304725e-06	1	0	1	0	0	0
ENSG00000125650	1.749	6	6.2145	6.8388575e-07	1	0	1	0	0	0
ENSG00000205744	0.677	16	35.914	2.804285e-06	1	0	1	0	0	0
ENSG00000174837	1.137	37	42.804	3.7384325e-06	3	0	3	0	0	0
ENSG00000237247	1.934	1	0.38193	2.7468325e-08	1	0	1	0	0	0
ENSG00000104880	0.451	14	48.518	4.07695e-06	1	0	1	1	0	1
ENSG00000104883	1.66	11	10.729	1.04319e-06	2	0	2	0	0	0
ENSG00000198723	1.776	23	17.935	1.27954925e-06	1	0	1	0	0	0
ENSG00000032444	0.617	31	67.841	6.5316625e-06	1	0	1	1	0	1
ENSG00000076826	0.164	3	47.272	4.5511425e-06	1	1	0	0	0	0
ENSG00000104921	1.368	18	19.51	1.59384625e-06	1	0	1	0	0	0
ENSG00000076984	0.232	1	20.411	1.61709525e-06	1	0	1	0	0	0
ENSG00000104976	0.858	3	9.0352	6.4425525e-07	2	0	2	0	0	0
ENSG00000131142	1.072	4	8.5324	7.04505e-07	1	0	1	1	0	1
ENSG00000142449	0.743	90	144.34	1.27268175e-05	3	0	3	1	0	1
ENSG00000090661	1.679	30	24.122	2.3022875e-06	1	0	1	0	0	0
ENSG00000186994	1.053	15	21.93	1.8885625e-06	1	0	1	0	0	0
ENSG00000167772	1.283	18	20.805	1.970135e-06	1	0	1	0	0	0
ENSG00000142303	0.33	12	58.954	5.2395675e-06	1	0	1	1	0	1
ENSG00000181143	0.759	232	340.64	2.6342725e-05	9	0	9	0	0	0
ENSG00000116014	0.648	2	9.7161	6.9678325e-07	2	0	2	0	0	0
ENSG00000174667	1.931	2	1.2124	8.335135e-08	4	0	4	0	0	0
ENSG00000188321	1.827	7	6.3045	4.556335e-07	1	0	1	0	0	0
ENSG00000198028	1.103	10	15.372	1.09372475e-06	3	0	3	0	0	0
ENSG00000196605	1.891	8	6.1971	4.38917e-07	7	0	7	0	0	0
ENSG00000065268	0.248	1	19.101	1.4866295e-06	1	0	1	0	0	0
ENSG00000080573	0.605	51	106.52	8.9225575e-06	2	0	2	1	0	1
ENSG00000115539	1.35	9	11.616	8.1832125e-07	1	0	1	0	0	0
ENSG00000205795	1.854	1	1.3583	9.51333e-08	1	0	1	0	0	0
ENSG00000170485	0.133	2	47.164	3.6486525e-06	1	0	1	1	0	1
ENSG00000204634	0.697	30	58.401	5.84508e-06	2	0	2	1	0	1
ENSG00000175874	1.497	7	8.6785	7.6431925e-07	1	0	1	0	0	0
ENSG00000115598	0.989	21	30.585	2.7146725e-06	3	1	2	0	0	0
ENSG00000135953	1.535	14	14.188	1.1507585e-06	7	0	7	0	0	0
ENSG00000170417	0.736	3	10.528	9.7265575e-07	1	0	1	1	0	1
ENSG00000144057	0.707	7	18.609	1.49823725e-06	1	0	1	0	0	0
ENSG00000196228	1.926	22	14.29	1.01211875e-06	1	0	1	1	0	1
ENSG00000198203	1.273	14	17.19	1.646324e-06	2	0	2	0	0	0
ENSG00000135968	0.414	26	87.245	7.42092e-06	1	0	1	0	0	0
ENSG00000169756	0.762	6	15.548	1.59900525e-06	1	0	1	0	0	0
ENSG00000153201	0.142	11	128.53	1.15747525e-05	1	0	1	0	0	0
ENSG00000163006	0.913	22	34.399	2.6811725e-06	1	0	1	0	0	0
ENSG00000135960	0.906	13	22.806	1.92089e-06	1	1	0	0	0	0
ENSG00000172985	0.527	8	27.377	2.10581e-06	1	0	1	0	0	0
ENSG00000150873	1.739	6	6.2865	5.358995e-07	2	0	2	0	0	0
ENSG00000153208	0.748	25	46.68	4.552985e-06	1	0	1	0	0	0
ENSG00000153214	1.029	24	32.788	2.32825e-06	2	0	2	0	0	0
ENSG00000169629	1.068	13	19.353	1.66064525e-06	3	0	3	0	0	0
ENSG00000144130	0.93	17	27.417	2.083365e-06	2	0	2	0	0	0
ENSG00000144134	1.565	6	7.384	8.50699e-07	1	0	1	0	0	0
ENSG00000115084	0.832	17	30.649	2.569785e-06	1	0	1	0	0	0
ENSG00000088205	0.452	8	31.928	2.779495e-06	1	0	1	1	0	1
ENSG00000019169	1.34	31	31.226	2.6734675e-06	2	0	2	1	0	1
ENSG00000144120	1.279	4	7.1213	5.182785e-07	2	0	2	0	0	0
ENSG00000144118	1.018	4	8.9885	7.44973e-07	1	0	1	0	0	0
ENSG00000155438	0.956	8	15.092	1.349045e-06	1	0	1	0	0	0
ENSG00000155052	0.289	12	67.241	6.2810825e-06	1	1	0	0	0	0
ENSG00000172554	1.118	25	31.22	2.58754e-06	2	0	2	0	0	0
ENSG00000136732	1.205	2	5.1789	3.755015e-07	1	0	1	0	0	0
ENSG00000163161	0.786	24	42.96	4.62434e-06	3	0	3	0	0	0
ENSG00000115718	0.864	11	21.07	1.847525e-06	1	0	1	1	0	1
ENSG00000144230	1.463	7	8.9098	7.957925e-07	1	0	1	0	0	0
ENSG00000173349	1.873	1	1.2024	8.655395e-08	7	0	7	0	0	0
ENSG00000136709	0.213	10	79.597	8.9043e-06	1	1	0	0	0	0
ENSG00000152082	1.565	2	3.7258	2.68469e-07	1	0	1	0	0	0
ENSG00000136710	1.78	10	8.9293	6.5266375e-07	2	0	2	0	0	0
ENSG00000196834	1.912	11	7.7941	6.521445e-07	8	0	8	0	0	0
ENSG00000136698	1.247	2	4.9933	4.4292025e-07	1	0	1	0	0	0
ENSG00000173272	1.961	6	2.8938	2.0547225e-07	1	0	1	0	0	0
ENSG00000183840	1.81	12	10.035	7.2525825e-07	4	0	4	0	0	0
ENSG00000121988	0.947	40	55.002	4.8422575e-06	2	0	2	1	0	1
ENSG00000115850	0.358	19	77.964	6.94857e-06	1	0	1	0	0	0
ENSG00000115866	0.682	14	32.077	2.8392925e-06	1	0	1	0	0	0
ENSG00000168702	0.317	63	244.88	2.1012875e-05	1	0	1	0	0	0
ENSG00000121964	1.175	14	18.632	1.7589175e-06	2	0	2	0	0	0
ENSG00000115705	1.107	36	42.93	3.7866725e-06	2	0	2	0	0	0
ENSG00000184898	1.119	2	5.603	3.9153125e-07	5	0	5	0	0	0
ENSG00000123609	1.119	10	15.155	1.21201325e-06	1	0	1	1	0	1
ENSG00000123610	1.228	11	14.822	1.16122725e-06	1	0	1	0	0	0
ENSG00000080345	0.113	6	105.05	8.62022e-06	1	1	0	0	0	0
ENSG00000115159	0.86	22	36.517	3.0181825e-06	2	0	2	1	0	1
ENSG00000136542	0.981	26	36.761	3.28166e-06	1	0	1	0	0	0
ENSG00000007001	0.856	5	12.282	1.311793e-06	1	0	1	0	0	0
ENSG00000153237	1.512	42	35.924	2.7913875e-06	2	0	2	0	0	0
ENSG00000144283	0.613	29	64.531	6.7229475e-06	1	0	1	0	0	0
ENSG00000123636	0.613	5	17.164	1.0116665e-05	1	1	0	0	0	0
ENSG00000054219	0.92	77	101.14	8.520725e-06	1	0	1	0	0	0
ENSG00000153246	0.868	60	85.685	6.7011725e-06	3	1	2	0	0	0
ENSG00000115221	1.234	35	37.606	3.150005e-06	2	0	2	0	0	0
ENSG00000197635	0.616	23	52.863	3.9186625e-06	1	0	1	0	0	0
ENSG00000078098	1.1	47	54.476	4.2653875e-06	1	0	1	1	0	1
ENSG00000115271	1.146	7	11.47	1.113875e-06	1	0	1	0	0	0
ENSG00000115290	0.496	8	29.122	2.465265e-06	3	1	2	0	0	0
ENSG00000169507	1.698	19	16.195	1.3331325e-06	4	0	4	0	0	0
ENSG00000115339	0.863	18	30.939	2.725895e-06	2	0	2	0	0	0
ENSG00000123607	0.852	53	78.175	6.5862675e-06	2	0	2	0	0	0
ENSG00000163072	1.059	24	31.874	2.8131625e-06	1	0	1	0	0	0
ENSG00000163093	0.89	12	21.838	1.709505e-06	1	0	1	0	0	0
ENSG00000239474	0.795	10	21.326	1.648267e-06	1	0	1	0	0	0
ENSG00000138399	1.371	42	39.63	3.5886875e-06	1	0	1	0	0	0
ENSG00000138398	0.32	7	41.124	4.344615e-06	1	1	0	0	0	0
ENSG00000154479	1.178	25	29.642	2.893395e-06	2	0	2	0	0	0
ENSG00000071967	0.891	5	11.801	9.919015e-07	1	0	1	0	0	0
ENSG00000172878	1.111	11	16.382	1.258662e-06	1	0	1	0	0	0
ENSG00000091436	0.681	21	44.433	3.52822e-06	1	0	1	0	0	0
ENSG00000144306	1.143	13	18.077	1.3818415e-06	1	0	1	0	0	0
ENSG00000163328	0.974	30	41.783	3.624365e-06	2	0	2	0	0	0
ENSG00000214842	1.179	32	36.451	2.969105e-06	5	0	5	0	0	0
ENSG00000128713	1.533	5	6.6885	4.7910025e-07	1	0	1	0	0	0
ENSG00000128645	1.206	5	8.7029	6.502015e-07	1	0	1	0	0	0
ENSG00000196659	1.128	14	19.398	1.667161e-06	3	0	3	0	0	0
ENSG00000197557	0.999	13	20.68	1.7425025e-06	1	0	1	0	0	0
ENSG00000128655	1.404	52	46.671	4.224685e-06	1	1	0	0	0	0
ENSG00000079156	0.207	6	57.118	5.0871425e-06	1	1	0	0	0	0
ENSG00000155657	0.297	260	969.16	0.000127794125	2	0	2	1	0	1
ENSG00000144331	0.775	8	18.629	1.73597e-06	1	0	1	0	0	0
ENSG00000185013	1.061	18	25.157	2.12926e-06	1	0	1	0	0	0
ENSG00000163012	1.247	24	27.074	2.04015e-06	3	0	3	0	0	0
ENSG00000128694	0.995	9	15.79	1.250287e-06	1	0	1	0	0	0
ENSG00000138379	0.523	3	14.839	1.36216025e-06	1	0	1	1	0	1
ENSG00000187699	1.939	3	1.7334	1.21352075e-07	1	0	1	0	0	0
ENSG00000115419	0.323	6	36.614	3.5072825e-06	1	1	0	0	0	0
ENSG00000118997	0.837	140	192.4	1.74334e-05	13	0	13	4	0	4
ENSG00000183891	1.279	3	6.0142	4.22636e-07	1	0	1	0	0	0
ENSG00000118965	0.831	47	72.156	6.66851e-06	2	0	2	0	0	0
ENSG00000162971	1.236	17	20.627	2.008995e-06	1	0	1	0	0	0
ENSG00000162972	1.281	10	13.229	9.62589e-07	1	0	1	1	0	1
ENSG00000138356	0.936	59	78.306	7.4006525e-06	2	0	2	1	0	1
ENSG00000240344	0.398	0	7.5193	6.7450575e-07	1	0	1	0	0	0
ENSG00000003400	1.342	20	21.659	1.82776e-06	3	0	3	0	0	0
ENSG00000155749	1.462	32	29.397	2.2255725e-06	1	0	1	0	0	0
ENSG00000115993	0.824	30	49.409	5.261175e-06	1	0	1	0	0	0
ENSG00000155754	0.879	17	29.023	5.1477775e-06	1	0	1	1	0	1
ENSG00000138395	1.472	26	24.503	2.16477e-06	1	0	1	0	0	0
ENSG00000163596	0.64	10	26.511	2.101455e-06	1	0	1	0	0	0
ENSG00000183671	1.481	9	10.533	1.0056365e-06	6	0	6	0	0	0
ENSG00000204186	0.46	12	42.255	3.2389475e-06	1	0	1	1	0	1
ENSG00000232125	1.291	29	30.639	2.691725e-06	1	0	1	0	0	0
ENSG00000144410	1.78	27	20.53	1.7056525e-06	1	0	1	0	0	0
ENSG00000144401	1.181	6	10.021	8.67918e-07	1	0	1	0	0	0
ENSG00000118961	0.919	8	15.707	1.52212275e-06	1	0	1	0	0	0
ENSG00000188674	1.631	15	14.017	1.29938125e-06	2	0	2	0	0	0
ENSG00000144407	1.392	30	29.225	2.5371225e-06	2	0	2	0	0	0
ENSG00000144406	0.303	38	164.6	1.6791875e-05	1	0	1	0	0	0
ENSG00000084674	0.461	56	151.72	1.31097225e-05	1	0	1	0	0	0
ENSG00000115365	1.23	19	22.666	1.85456e-06	1	0	1	0	0	0
ENSG00000218819	0.527	18	50.622	3.9320625e-06	1	0	1	0	0	0
ENSG00000030419	0.272	2	23.17	2.112175e-06	4	0	4	0	0	0
ENSG00000144451	1.708	45	33.664	2.8577175e-06	1	0	1	0	0	0
ENSG00000138376	1.358	36	35.02	3.0108125e-06	1	0	1	1	0	1
ENSG00000144452	0.478	50	132.53	1.214241e-05	2	0	2	0	0	0
ENSG00000138363	1.248	30	32.592	2.84549e-06	1	0	1	0	0	0
ENSG00000118242	1.491	11	12.155	1.19338725e-06	2	0	2	0	0	0
ENSG00000115425	1.288	13	16.048	1.5006995e-06	1	0	1	1	0	1
ENSG00000079308	0.363	18	73.555	6.8750375e-06	1	0	1	0	0	0
ENSG00000135926	1.117	15	20.67	1.926585e-06	1	0	1	1	0	1
ENSG00000127838	1.287	16	18.881	1.53860475e-06	1	0	1	0	0	0
ENSG00000127831	0.861	29	45.938	3.8677425e-06	3	0	3	0	0	0
ENSG00000115568	0.792	34	57.174	6.0519425e-06	1	0	1	0	0	0
ENSG00000135929	1.376	28	27.895	2.790215e-06	3	0	3	0	0	0
ENSG00000181378	0.783	57	90.811	7.352915e-06	1	0	1	0	0	0
ENSG00000115657	0.977	35	47.481	4.417645e-06	7	0	7	0	0	0
ENSG00000175084	0.596	8	24.204	2.3676125e-06	1	0	1	1	0	1
ENSG00000123989	0.506	6	23.383	2.398265e-06	1	0	1	0	0	0
ENSG00000116120	0.558	10	30.372	2.79926e-06	1	0	1	0	0	0
ENSG00000124003	1.548	15	14.849	1.30028575e-06	1	0	1	0	0	0
ENSG00000135900	1.644	13	12.384	8.7215575e-07	1	0	1	0	0	0
ENSG00000124019	1.721	8	7.9551	8.6217275e-07	1	0	1	0	0	0
ENSG00000169031	0.522	38	95.406	8.18271e-06	1	0	1	0	0	0
ENSG00000153820	0.321	12	60.536	5.4486075e-06	1	0	1	0	0	0
ENSG00000204128	1.692	1	2.2237	1.59160175e-07	4	0	4	0	0	0
ENSG00000135914	1.334	16	18.213	2.001625e-06	4	0	4	0	0	0
ENSG00000135931	1.053	30	38.648	3.04984e-06	1	0	1	0	0	0
ENSG00000156973	1.018	5	10.325	1.0035595e-06	1	0	1	0	0	0
ENSG00000144535	0.411	6	28.796	3.9786275e-06	1	1	0	0	0	0
ENSG00000163283	1.295	21	23.358	2.3639275e-06	2	0	2	0	0	0
ENSG00000163286	1.315	18	20.29	1.6379155e-06	6	0	6	0	0	0
ENSG00000163295	1.486	26	24.266	2.1981025e-06	9	0	9	0	0	0
ENSG00000196811	1.314	26	27.454	3.1384475e-06	1	0	1	0	0	0
ENSG00000085982	0.91	48	67.075	5.4342025e-06	2	0	2	0	0	0
ENSG00000242515	1.742	25	19.769	1.8821975e-06	1	0	1	0	0	0
ENSG00000185038	0.747	46	78.75	6.4572925e-06	11	0	11	0	0	0
ENSG00000144481	1.039	50	60.889	5.6968425e-06	2	0	2	0	0	0
ENSG00000224361	1.895	2	1.7945	1.26125825e-07	3	0	3	0	0	0
ENSG00000071677	1.858	1	1.3271	9.4324275e-08	1	0	1	0	0	0
ENSG00000132329	1.122	2	5.5886	4.00325e-07	1	0	1	0	0	0
ENSG00000144488	0.938	20	30.979	2.622715e-06	5	1	4	1	0	1
ENSG00000144485	1.38	2	4.4401	3.18853e-07	1	0	1	0	0	0
ENSG00000204104	0.737	19	37.807	3.448155e-06	1	0	1	0	0	0
ENSG00000220256	1.745	2	2.9388	2.0932475e-07	1	0	1	0	0	0
ENSG00000205639	1.153	18	23.154	1.7183825e-06	1	0	1	0	0	0
ENSG00000163026	0.782	8	18.45	1.41113725e-06	2	0	2	0	0	0
ENSG00000144504	1.214	38	41.042	3.37077e-06	4	0	4	0	0	0
ENSG00000178623	1.595	3	4.5615	5.622975e-07	1	0	1	1	0	1
ENSG00000172478	1.315	7	9.9768	9.0679475e-07	1	0	1	1	0	1
ENSG00000115687	0.966	40	53.926	4.8395775e-06	4	0	4	0	0	0
ENSG00000146205	1.371	60	54.265	4.685645e-06	3	0	3	0	0	0
ENSG00000006607	1.183	56	59.132	5.0851325e-06	2	0	2	1	0	1
ENSG00000176720	1.017	2	6.1818	4.423005e-07	1	0	1	0	0	0
ENSG00000180902	0.581	6	20.371	1.56888875e-06	1	0	1	0	0	0
ENSG00000204099	1.606	10	10.393	8.9182025e-07	2	0	2	1	0	1
ENSG00000188011	1.927	2	1.29	9.28017e-08	2	0	2	0	0	0
ENSG00000216921	1.931	3	1.9354	2.3830225e-07	1	0	1	0	0	0
ENSG00000198399	0.491	41	108.39	9.830575e-06	2	0	2	0	0	0
ENSG00000115138	1.384	7	9.4564	8.328435e-07	4	0	4	0	0	0
ENSG00000138101	0.757	19	36.842	3.9786275e-06	1	0	1	1	0	1
ENSG00000157833	0.494	4	18.534	1.76813e-06	2	0	2	0	0	0
ENSG00000173567	1.143	37	42.577	3.7076125e-06	3	0	3	0	0	0
ENSG00000157856	1.041	35	44.564	3.58852e-06	3	0	3	0	0	0
ENSG00000138100	1.687	24	19.842	1.5530265e-06	3	0	3	0	0	0
ENSG00000084734	1.149	31	36.415	3.5652375e-06	8	0	8	0	0	0
ENSG00000171174	1.529	13	13.451	9.4669325e-07	2	0	2	0	0	0
ENSG00000163803	1.226	107	102.49	8.90765e-06	1	0	1	0	0	0
ENSG00000171103	1.015	15	22.757	1.9247425e-06	2	0	2	0	0	0
ENSG00000189350	1.075	29	36.771	3.0339275e-06	9	0	9	0	0	0
ENSG00000162949	1.126	37	43.234	3.50879e-06	1	0	1	1	0	1
ENSG00000158089	1.097	29	36.039	3.27094e-06	2	0	2	0	0	0
ENSG00000018699	0.784	30	51.916	4.309775e-06	1	0	1	0	0	0
ENSG00000171853	1.193	26	30.233	2.553705e-06	2	0	2	0	0	0
ENSG00000151360	1.483	23	21.958	2.09375e-06	5	0	5	0	0	0
ENSG00000008869	0.632	54	107.2	1.14618575e-05	3	1	2	0	0	0
ENSG00000003509	1.582	27	23.494	2.240145e-06	1	0	1	0	0	0
ENSG00000115828	1.534	22	20.445	2.011005e-06	5	0	5	0	0	0
ENSG00000115841	1.556	33	28.33	2.3079825e-06	7	0	7	0	0	0
ENSG00000143891	1.495	16	16.223	1.2954115e-06	2	0	2	0	0	0
ENSG00000205111	1.665	19	16.578	1.4794605e-06	5	0	5	0	0	0
ENSG00000205086	1.61	5	6.2635	4.47292e-07	1	0	1	0	0	0
ENSG00000115944	1.897	8	6.0975	5.9725475e-07	3	0	3	0	0	0
ENSG00000162882	1.141	15	20.248	2.0637675e-06	3	0	3	1	0	1
ENSG00000152527	0.938	63	82.861	7.4227625e-06	1	0	1	0	0	0
ENSG00000119729	0.441	1	10.756	8.9982675e-07	1	0	1	0	0	0
ENSG00000171150	0.466	4	19.634	1.917875e-06	1	0	1	0	0	0
ENSG00000222005	1.961	6	2.898	4.969725e-07	1	0	1	0	0	0
ENSG00000095002	0.334	9	46.976	4.1625425e-06	1	0	1	0	0	0
ENSG00000116062	0.498	18	53.613	5.7246475e-06	1	1	0	0	0	0
ENSG00000170820	1.122	16	21.652	1.782535e-06	1	0	1	0	0	0
ENSG00000115239	0.873	13	23.67	2.0131825e-06	1	0	1	0	0	0
ENSG00000214595	0.453	34	99.826	9.467435e-06	1	1	0	0	0	0
ENSG00000162994	1.356	31	30.862	2.785525e-06	1	0	1	0	0	0
ENSG00000162927	1.04	25	33.56	2.932255e-06	2	0	2	0	0	0
ENSG00000170264	1.014	24	33.279	3.5481525e-06	2	0	2	0	0	0
ENSG00000115902	0.637	5	16.502	1.338325e-06	1	0	1	0	0	0
ENSG00000143971	0.519	10	32.687	2.48101e-06	1	0	1	0	0	0
ENSG00000134326	1.439	10	11.747	8.3808625e-07	2	0	2	0	0	0
ENSG00000169605	1.704	9	8.8543	6.24574e-07	2	0	2	0	0	0
ENSG00000198380	0.338	8	42.687	4.1839825e-06	2	1	1	1	0	1
ENSG00000244617	1.288	4	7.0711	6.171705e-07	1	0	1	0	0	0
ENSG00000116031	1.292	10	13.115	1.076891e-06	7	0	7	0	0	0
ENSG00000124370	1.344	3	5.6912	5.1256675e-07	3	0	3	0	0	0
ENSG00000124374	1.454	5	7.1292	6.6324975e-07	2	1	1	2	1	1
ENSG00000135636	0.777	75	117.01	1.03188375e-05	2	0	2	0	0	0
ENSG00000003137	0.29	1	16.349	1.190188e-06	3	0	3	3	0	3
ENSG00000144036	0.396	12	49.057	4.662195e-06	1	0	1	1	0	1
ENSG00000144040	0.769	10	22.07	2.0182075e-06	1	0	1	0	0	0
ENSG00000163013	0.25	3	31.013	2.58084e-06	1	0	1	1	0	1
ENSG00000144048	1.091	12	17.82	1.41214225e-06	2	0	2	0	0	0
ENSG00000163170	1.565	2	3.725	5.8961675e-07	1	1	0	0	0	0
ENSG00000188687	0.702	25	49.763	4.28465e-06	1	0	1	0	0	0
ENSG00000115282	1.312	25	26.608	2.2986025e-06	1	0	1	1	0	1
ENSG00000159374	1.405	28	27.327	2.56878e-06	1	0	1	0	0	0
ENSG00000135622	0.924	18	28.879	4.0144725e-06	1	0	1	0	0	0
ENSG00000159399	0.485	12	40.079	3.9206725e-06	1	1	0	0	0	0
ENSG00000005436	1.167	39	43.668	3.817995e-06	4	0	4	0	0	0
ENSG00000143954	1.773	10	9.002	6.40587e-07	1	0	1	0	0	0
ENSG00000115459	1.606	22	19.491	1.7847125e-06	1	0	1	0	0	0
ENSG00000152292	1.649	7	7.6865	6.8666625e-07	3	0	3	1	0	1
ENSG00000115523	1.857	11	8.7438	7.8750125e-07	1	0	1	0	0	0
ENSG00000172116	1.425	6	8.2388	5.8512775e-07	1	0	1	0	0	0
ENSG00000187627	1.7	8	8.1175	5.26084e-07	2	0	2	0	0	0
ENSG00000143797	0.42	6	28.181	2.2185375e-06	2	0	2	0	0	0
ENSG00000119203	0.701	17	36.378	2.83008e-06	2	0	2	0	0	0
ENSG00000163060	1.555	21	19.408	1.7492025e-06	1	0	1	0	0	0
ENSG00000151694	0.28	6	42.312	3.430735e-06	1	0	1	0	0	0
ENSG00000144026	1.421	16	17.085	1.522039e-06	1	0	1	0	0	0
ENSG00000155066	0.855	30	47.587	3.8141425e-06	1	0	1	1	0	1
ENSG00000174501	0.518	11	35.145	1.498e-06	1	0	1	0	0	0
ENSG00000198885	1.366	16	17.782	1.917875e-06	1	0	1	0	0	0
ENSG00000114988	1.307	16	18.584	1.7076625e-06	1	0	1	0	0	0
ENSG00000168763	0.973	14	22.493	2.34567e-06	1	0	1	0	0	0
ENSG00000163126	1.878	24	16.827	1.475876e-06	1	0	1	1	0	1
ENSG00000144199	1.36	12	14.286	1.16142825e-06	5	0	5	0	0	0
ENSG00000135976	1.43	117	95.379	7.2569375e-06	9	0	9	0	0	0
ENSG00000222000	1.729	3	3.8991	2.7773175e-07	6	0	6	0	0	0
ENSG00000144191	1.486	28	25.823	2.329255e-06	2	0	2	0	0	0
ENSG00000135951	0.409	11	44.463	4.7789425e-06	1	0	1	0	0	0
ENSG00000158411	1.078	10	15.728	1.36460575e-06	1	0	1	0	0	0
ENSG00000115750	1.025	27	36.337	2.861905e-06	3	0	3	1	0	1
ENSG00000132623	0.936	19	29.78	2.7639175e-06	1	0	1	0	0	0
ENSG00000149346	1.491	18	17.874	1.5429765e-06	3	0	3	1	0	1
ENSG00000125818	1.517	12	12.75	1.0627875e-06	1	0	1	0	0	0
ENSG00000088832	0.621	0	4.8188	5.3859625e-07	3	0	3	0	0	0
ENSG00000101307	1.942	8	5.0098	1.25760675e-06	1	0	1	0	0	0
ENSG00000089012	1.884	12	8.9927	1.43264425e-06	2	0	2	0	0	0
ENSG00000089177	0.802	43	69.152	5.03907e-06	1	0	1	0	0	0
ENSG00000125871	1.322	6	8.9259	1.26480925e-06	2	0	2	0	0	0
ENSG00000089091	1.167	34	38.783	3.314825e-06	2	0	2	0	0	0
ENSG00000185052	0.355	6	33.321	2.6465e-06	1	0	1	1	0	1
ENSG00000101327	1.656	6	6.8334	5.003225e-07	1	0	1	0	0	0
ENSG00000089101	0.728	34	62.156	5.5300125e-06	3	0	3	0	0	0
ENSG00000132671	1.964	15	8.144	7.3061825e-07	1	0	1	0	0	0
ENSG00000125810	1.235	17	20.643	2.01938e-06	1	0	1	0	0	0
ENSG00000101435	1.975	13	5.8913	4.2094425e-07	7	0	7	0	0	0
ENSG00000101441	1.927	8	5.4627	5.2921625e-07	2	0	2	0	0	0
ENSG00000166948	1.367	36	34.788	3.14766e-06	7	0	7	0	0	0
ENSG00000088876	1.478	4	6.0568	4.289675e-07	4	0	4	0	0	0
ENSG00000100994	0.891	29	44.402	3.7813125e-06	1	0	1	0	0	0
ENSG00000101004	1.092	64	72.18	5.79751e-06	6	0	6	1	0	1
ENSG00000130684	1.617	4	5.3597	3.810625e-07	2	0	2	0	0	0
ENSG00000149488	1.151	44	49.136	4.6439375e-06	1	1	0	0	0	0
ENSG00000101361	0.404	6	29.327	3.2995825e-06	4	0	4	0	0	0
ENSG00000196476	1.367	22	22.972	1.9237375e-06	3	0	3	0	0	0
ENSG00000125787	1.918	9	6.3278	7.37e-07	2	0	2	0	0	0
ENSG00000131055	1.341	7	9.7799	8.7312725e-07	1	0	1	0	0	0
ENSG00000131044	1.294	20	22.466	2.5572225e-06	1	0	1	0	0	0
ENSG00000198171	1.063	13	19.445	1.9076575e-06	2	0	2	0	0	0
ENSG00000204393	1.9	2	1.7257	2.7883725e-07	6	0	6	0	0	0
ENSG00000167098	1.252	22	25.09	2.217365e-06	1	0	1	1	0	1
ENSG00000186190	1.251	21	24.167	2.0480225e-06	1	1	0	1	1	0
ENSG00000198183	1.636	12	11.698	1.15982025e-06	2	0	2	0	0	0
ENSG00000101391	1.342	25	26.019	2.29274e-06	3	0	3	0	0	0
ENSG00000101417	1.665	5	5.9536	8.1939325e-07	1	0	1	0	0	0
ENSG00000078747	0.218	7	60.349	5.44442e-06	1	0	1	0	0	0
ENSG00000131069	0.903	27	41.217	3.4855075e-06	1	0	1	0	0	0
ENSG00000078814	0.944	83	105.48	8.9319375e-06	1	0	1	0	0	0
ENSG00000101019	1.013	13	20.396	2.07901e-06	1	0	1	0	0	0
ENSG00000125841	1.566	4	5.6174	3.994875e-07	1	0	1	1	0	1
ENSG00000088812	0.195	9	80.745	7.5319725e-06	1	0	1	0	0	0
ENSG00000125975	1.86	7	5.9385	1.00595475e-06	3	0	3	0	0	0
ENSG00000149646	1.243	27	29.961	2.575815e-06	2	0	2	1	0	1
ENSG00000125861	1.617	6	7.0694	5.1424175e-07	2	0	2	0	0	0
ENSG00000149451	0.937	29	42.186	3.9541725e-06	1	0	1	0	0	0
ENSG00000149636	1.185	11	15.359	1.60607375e-06	4	0	4	0	0	0
ENSG00000080839	0.707	26	51.039	4.97542e-06	3	0	3	0	0	0
ENSG00000101407	0.82	21	36.86	3.10344e-06	1	0	1	1	0	1
ENSG00000101224	0.425	7	30.928	2.8838475e-06	1	0	1	0	0	0
ENSG00000101413	0.603	6	19.633	1.9890625e-06	1	0	1	1	0	1
ENSG00000149633	1.033	31	40.515	3.3327475e-06	2	0	2	0	0	0
ENSG00000101425	1.252	23	26.032	2.0697975e-06	1	0	1	0	0	0
ENSG00000129988	1.33	23	24.494	2.0433325e-06	1	0	1	0	0	0
ENSG00000124143	0.852	14	25.698	2.5099875e-06	1	0	1	0	0	0
ENSG00000174306	0.498	8	28.998	2.74365e-06	1	0	1	0	0	0
ENSG00000132793	0.869	27	42.86	3.525875e-06	3	0	3	0	0	0
ENSG00000183798	0.827	12	23.508	2.1438325e-06	1	0	1	1	0	1
ENSG00000125826	0.452	7	29.06	2.87832e-06	1	0	1	1	0	1
ENSG00000185513	0.812	26	44.455	4.1478025e-06	1	1	0	0	0	0
ENSG00000101049	1.236	20	23.52	1.783205e-06	4	0	4	0	0	0
ENSG00000101074	1.356	10	12.489	8.958235e-07	1	0	1	0	0	0
ENSG00000196839	1.321	19	21.107	1.86193e-06	1	0	1	1	0	1
ENSG00000101098	0.67	3	11.574	8.264115e-07	1	0	1	0	0	0
ENSG00000124107	1.609	5	6.2733	4.4003925e-07	1	0	1	0	0	0
ENSG00000101443	1.292	1	3.5607	3.7528375e-07	2	0	2	0	0	0
ENSG00000101446	1.922	2	1.3846	9.930405e-08	3	0	3	0	0	0
ENSG00000180083	1.711	4	4.85	5.0620175e-07	3	0	3	0	0	0
ENSG00000124104	1.34	7	9.7811	1.05389325e-06	1	0	1	1	0	1
ENSG00000101473	1.001	11	18.192	1.899115e-06	4	0	4	0	0	0
ENSG00000198026	0.501	23	65.029	5.60857e-06	3	0	3	0	0	0
ENSG00000080189	0.873	7	15.058	1.072737e-06	1	0	1	0	0	0
ENSG00000198185	1.076	17	23.691	2.220715e-06	7	0	7	0	0	0
ENSG00000158296	0.834	14	26.234	2.3843625e-06	1	0	1	0	0	0
ENSG00000171864	1.682	3	4.1471	3.082335e-07	1	0	1	0	0	0
ENSG00000172216	1.025	1	4.6053	3.2905375e-07	1	0	1	0	0	0
ENSG00000089063	0.781	0	3.8201	4.9822875e-07	7	0	7	0	0	0
ENSG00000064787	0.978	13	21.129	1.819385e-06	1	0	1	0	0	0
ENSG00000054803	1.004	2	6.2609	4.42937e-07	1	0	1	0	0	0
ENSG00000124092	0.59	11	30.865	2.937615e-06	1	0	1	1	0	1
ENSG00000124253	1.287	23	25.316	1.813355e-06	1	0	1	0	0	0
ENSG00000101160	1.919	20	13.296	9.5201975e-07	4	0	4	0	0	0
ENSG00000124203	0.739	22	42.51	3.7079475e-06	2	0	2	2	0	2
ENSG00000101311	0.854	23	38.175	3.2138225e-06	1	0	1	0	0	0
ENSG00000130699	0.081	0	36.701	3.0500075e-06	4	0	4	0	0	0
ENSG00000130702	0.311	44	182.1	1.65551975e-05	1	0	1	1	0	1
ENSG00000174407	1.944	2	0.89173	1.4548045e-07	1	0	1	0	0	0
ENSG00000101187	1	20	29.071	2.539635e-06	2	0	2	0	0	0
ENSG00000060491	0.717	5	14.66	1.640696e-06	1	0	1	0	0	0
ENSG00000101194	1.445	26	24.967	1.948025e-06	2	0	2	0	0	0
ENSG00000101197	1.342	12	14.474	1.03767925e-06	2	0	2	0	0	0
ENSG00000101213	1.342	20	21.653	1.9592475e-06	4	0	4	0	0	0
ENSG00000258366	0.53	30	76.76	6.7199325e-06	2	0	2	1	0	1
ENSG00000198276	1.328	23	24.538	1.8966025e-06	1	0	1	0	0	0
ENSG00000125510	0.617	2	10.197	8.787385e-07	3	0	3	0	0	0
ENSG00000203880	1.269	8	11.364	1.5092755e-06	1	0	1	0	0	0
ENSG00000215397	0.386	0	7.7582	6.32547e-07	2	0	2	0	0	0
ENSG00000101276	0.8	5	13.148	9.594065e-07	1	0	1	1	0	1
ENSG00000182621	0.296	13	69.78	5.96233e-06	1	0	1	0	0	0
ENSG00000185272	1.173	9	13.387	1.22032125e-06	1	0	1	0	0	0
ENSG00000154639	0.516	4	17.752	1.66711075e-06	1	0	1	0	0	0
ENSG00000154646	1.151	51	55.952	4.6931825e-06	2	0	2	0	0	0
ENSG00000154719	0.903	12	21.54	1.9773375e-06	2	0	2	0	0	0
ENSG00000156256	0.749	21	40.386	3.123205e-06	1	0	1	0	0	0
ENSG00000171189	0.638	20	45.528	3.4195125e-06	1	0	1	0	0	0
ENSG00000182816	1.947	6	3.5176	2.4768225e-07	2	0	2	0	0	0
ENSG00000184724	1.947	3	1.4884	1.06702525e-07	1	0	1	0	0	0
ENSG00000187005	1.806	0	0.65363	4.5588475e-08	1	0	1	0	0	0
ENSG00000182591	1.601	4	5.4398	6.4177625e-07	2	0	2	0	0	0
ENSG00000156304	0.106	2	59.624	5.9578075e-06	1	0	1	0	0	0
ENSG00000142149	0.263	3	29.461	2.7944025e-06	1	0	1	0	0	0
ENSG00000170262	1.782	4	4.3991	4.809595e-07	1	0	1	1	0	1
ENSG00000142207	0.587	46	100.26	9.2327675e-06	2	0	2	0	0	0
ENSG00000142166	1.211	20	23.99	1.6972775e-06	1	0	1	0	0	0
ENSG00000177692	1.389	13	14.868	1.7555675e-06	1	0	1	0	0	0
ENSG00000185917	1.245	23	26.165	2.1498625e-06	1	0	1	0	0	0
ENSG00000159231	1.804	8	7.2563	5.1657e-07	2	0	2	0	0	0
ENSG00000142197	0.628	51	102.54	8.4224025e-06	4	0	4	0	0	0
ENSG00000159256	0.223	5	47.059	4.029715e-06	1	1	0	0	0	0
ENSG00000183145	1.383	2	4.4301	4.59955e-07	1	0	1	0	0	0
ENSG00000182670	0.885	78	106.42	9.1473425e-06	2	0	2	0	0	0
ENSG00000185658	0.222	17	114.74	1.04551825e-05	2	0	2	2	0	2
ENSG00000157578	1.05	13	19.688	1.59964175e-06	3	0	3	0	0	0
ENSG00000183067	1.678	23	19.258	1.50348e-06	1	0	1	0	0	0
ENSG00000157601	1.208	28	31.779	2.6158475e-06	1	0	1	0	0	0
ENSG00000184012	0.86	17	29.66	2.20363e-06	1	0	1	0	0	0
ENSG00000141956	0.455	23	71.657	6.1500975e-06	2	0	2	0	0	0
ENSG00000160185	0.94	20	30.927	2.8526925e-06	1	0	1	0	0	0
ENSG00000160188	0.985	12	19.734	1.513195e-06	1	0	1	0	0	0
ENSG00000228120	1.803	0	0.6707	4.8017225e-08	4	0	4	0	0	0
ENSG00000160221	1.376	8	10.46	8.5894e-07	1	0	1	0	0	0
ENSG00000160223	0.922	8	15.649	1.52038075e-06	1	0	1	0	0	0
ENSG00000142182	1.297	20	22.405	2.025745e-06	1	0	1	0	0	0
ENSG00000160224	1.115	21	27.113	2.4694525e-06	4	0	4	0	0	0
ENSG00000141959	1.035	31	40.431	3.2007575e-06	1	0	1	0	0	0
ENSG00000160226	1.35	8	10.666	1.07794625e-06	1	0	1	0	0	0
ENSG00000142185	1.119	69	75.347	6.189125e-06	8	0	8	0	0	0
ENSG00000183250	1.588	2	3.6329	3.7280475e-07	1	0	1	0	0	0
ENSG00000160282	1.228	24	27.485	2.399605e-06	3	0	3	0	0	0
ENSG00000160284	1.805	11	9.3867	8.04067e-07	1	0	1	1	0	1
ENSG00000160285	0.59	20	49.249	3.919165e-06	2	1	1	1	0	1
ENSG00000160298	1.695	17	14.812	1.20387275e-06	2	0	2	2	0	2
ENSG00000160299	0.821	117	166.06	1.50972775e-05	1	0	1	0	0	0
ENSG00000198062	1.673	15	13.591	1.0845625e-06	6	0	6	0	0	0
ENSG00000198445	1.647	9	9.2874	6.739865e-07	8	0	8	0	0	0
ENSG00000215568	1.222	17	20.86	1.4885055e-06	1	0	1	0	0	0
ENSG00000099954	0.167	6	70.852	7.2827325e-06	3	1	2	0	0	0
ENSG00000015475	1.917	14	9.6066	6.8455575e-07	1	0	1	1	0	1
ENSG00000243156	0.281	17	90.659	8.189075e-06	1	1	0	0	0	0
ENSG00000183785	1.13	7	11.636	1.0293545e-06	1	0	1	0	0	0
ENSG00000184979	0.742	8	19.451	1.636073e-06	1	0	1	0	0	0
ENSG00000203618	1.328	0	2.049	1.4807335e-07	2	0	2	0	0	0
ENSG00000184470	0.95	20	30.58	2.654875e-06	3	0	3	0	0	0
ENSG00000161133	1.205	13	17.156	2.07633e-06	1	0	1	0	0	0
ENSG00000099917	0.241	7	54.536	4.711775e-06	1	1	0	0	0	0
ENSG00000241973	0.461	43	120.32	1.0904585e-05	1	0	1	0	0	0
ENSG00000169548	1.701	11	10.379	1.03633925e-06	7	0	7	0	0	0
ENSG00000254709	1.968	11	5.4842	5.37876e-07	1	0	1	0	0	0
ENSG00000128322	1.866	2	2.1132	3.1334225e-07	1	0	1	0	0	0
ENSG00000159496	1.308	20	22.217	1.7227375e-06	1	0	1	0	0	0
ENSG00000169314	1.318	7	9.9535	7.3728475e-07	2	1	1	0	0	0
ENSG00000099953	0.84	11	21.674	2.1574e-06	1	0	1	0	0	0
ENSG00000099974	1.837	0	0.48819	3.4429625e-08	1	0	1	0	0	0
ENSG00000099994	1.107	36	42.928	4.00995e-06	4	0	4	0	0	0
ENSG00000184571	1.224	49	50.811	4.6131175e-06	2	0	2	1	0	1
ENSG00000133454	0.715	70	119.43	1.020343e-05	3	0	3	0	0	0
ENSG00000100099	0.633	12	30.694	2.3689525e-06	1	0	1	0	0	0
ENSG00000100104	1.581	12	12.181	8.61754e-07	2	0	2	0	0	0
ENSG00000100109	0.825	26	43.712	3.710125e-06	1	0	1	0	0	0
ENSG00000100219	0.725	5	14.505	1.3557785e-06	2	0	2	0	0	0
ENSG00000100249	1.492	11	12.145	1.3196655e-06	1	0	1	0	0	0
ENSG00000183762	0.642	7	20.479	1.4522585e-06	1	0	1	0	0	0
ENSG00000100263	1.271	8	11.346	9.3587275e-07	5	0	5	0	0	0
ENSG00000100276	0.961	2	6.548	4.715795e-07	1	0	1	0	0	0
ENSG00000100319	1.24	9	12.663	1.475876e-06	1	1	0	1	1	0
ENSG00000176635	0.986	9	15.928	1.41740175e-06	5	1	4	0	0	0
ENSG00000100012	1.646	31	25.343	2.1736475e-06	11	1	10	1	0	1
ENSG00000133488	1.128	20	25.763	2.3518675e-06	1	1	0	0	0	0
ENSG00000167065	1.17	2	5.3475	5.2486125e-07	1	0	1	0	0	0
ENSG00000185133	0.996	30	40.865	3.06994e-06	1	1	0	0	0	0
ENSG00000100220	0.578	9	27.191	2.54466e-06	1	0	1	1	0	1
ENSG00000175329	1.662	7	7.6027	6.75025e-07	2	0	2	0	0	0
ENSG00000100297	0.562	12	34.597	3.1732875e-06	1	0	1	1	0	1
ENSG00000221963	1.884	1	1.0958	7.811195e-08	1	0	1	0	0	0
ENSG00000128313	1.133	12	17.156	1.901125e-06	5	0	5	0	0	0
ENSG00000100342	1.725	8	7.9284	5.6201275e-07	2	0	2	0	0	0
ENSG00000187045	0.721	23	45.197	3.8412775e-06	1	0	1	0	0	0
ENSG00000100060	1.559	14	13.959	9.9721125e-07	2	0	2	1	0	1
ENSG00000100079	1.478	3	5.081	3.6288875e-07	1	1	0	0	0	0
ENSG00000100116	1.336	14	16.376	1.4025445e-06	2	0	2	0	0	0
ENSG00000128346	1.829	18	13.844	1.57662725e-06	1	1	0	0	0	0
ENSG00000100142	0.832	5	12.634	1.7371425e-06	1	1	0	0	0	0
ENSG00000184381	0.862	21	35.093	3.3672525e-06	1	1	0	0	0	0
ENSG00000100196	1.912	14	9.7268	6.002865e-07	1	0	1	0	0	0
ENSG00000184949	1.132	26	31.868	2.5602375e-06	1	0	1	0	0	0
ENSG00000179750	1.358	24	24.85	2.26058e-06	2	0	2	0	0	0
ENSG00000128394	1.019	14	21.481	2.05355e-06	1	0	1	0	0	0
ENSG00000100298	0.867	3	8.9413	1.07834825e-06	3	0	3	0	0	0
ENSG00000100316	0.239	1	19.812	1.62603975e-06	1	1	0	0	0	0
ENSG00000133477	1.434	17	17.764	1.66841725e-06	1	0	1	0	0	0
ENSG00000128285	1.28	8	11.267	8.421565e-07	2	0	2	0	0	0
ENSG00000100380	0.414	5	25.38	2.47096e-06	2	0	2	0	0	0
ENSG00000100393	0.099	6	120.08	1.189652e-05	1	1	0	0	0	0
ENSG00000100399	1.174	14	18.646	1.608402e-06	1	0	1	0	0	0
ENSG00000100412	0.417	9	37.658	3.14029e-06	2	0	2	0	0	0
ENSG00000100417	1.171	11	15.544	1.55438325e-06	1	0	1	0	0	0
ENSG00000198911	0.382	12	50.877	4.698375e-06	1	0	1	0	0	0
ENSG00000177096	1.788	8	7.4027	8.1788575e-07	1	0	1	0	0	0
ENSG00000100197	1.951	27	16.202	1.835465e-06	7	0	7	0	0	0
ENSG00000189306	0.981	8	14.719	1.46781925e-06	1	0	1	0	0	0
ENSG00000183569	1.952	18	10.762	7.6240975e-07	4	0	4	0	0	0
ENSG00000100294	1.162	7	11.316	9.521035e-07	3	0	3	0	0	0
ENSG00000100347	0.893	18	29.876	2.51317e-06	1	0	1	0	0	0
ENSG00000220702	1.803	1	1.703	1.21404e-07	1	0	1	0	0	0
ENSG00000241484	1.824	25	18.494	2.0617575e-06	6	0	6	0	0	0
ENSG00000100373	1.781	14	11.744	1.017127e-06	1	0	1	0	0	0
ENSG00000130943	1.166	16	20.844	1.778515e-06	6	0	6	0	0	0
ENSG00000075218	0.738	12	26.345	2.1331125e-06	1	0	1	0	0	0
ENSG00000100427	1.162	14	18.829	1.733625e-06	1	0	1	0	0	0
ENSG00000073150	1.019	8	14.168	9.97228e-07	1	0	1	0	0	0
ENSG00000128159	0.925	59	79.211	6.8180875e-06	1	0	1	1	0	1
ENSG00000205593	0.832	19	33.518	2.657555e-06	1	0	1	1	0	1
ENSG00000100253	1.777	23	17.915	1.538789e-06	1	0	1	0	0	0
ENSG00000130487	1.507	14	14.471	1.392863e-06	2	0	2	1	0	1
ENSG00000100299	1.34	18	19.923	2.16946e-06	2	0	2	1	0	1
ENSG00000251322	0.123	2	50.987	4.391515e-06	1	0	1	0	0	0
ENSG00000154174	0.242	3	32.006	2.673635e-06	2	0	2	2	0	2
ENSG00000206535	1.749	8	7.74	8.0053275e-07	1	0	1	0	0	0
ENSG00000144820	1.122	30	36.253	2.8801625e-06	1	0	1	0	0	0
ENSG00000154175	0.558	25	62.551	5.5655225e-06	1	0	1	0	0	0
ENSG00000138483	1.911	13	9.1061	6.416255e-07	2	0	2	0	0	0
ENSG00000114455	1.005	12	19.336	1.516813e-06	1	0	1	0	0	0
ENSG00000144821	1.061	96	107.19	9.1339425e-06	4	0	4	0	0	0
ENSG00000198919	0.645	33	68.367	5.432025e-06	2	0	2	0	0	0
ENSG00000163519	0.782	4	11.705	1.140608e-06	3	0	3	0	0	0
ENSG00000163530	1.355	14	16.149	1.28305e-06	1	0	1	1	0	1
ENSG00000176040	1.097	31	38.145	3.437435e-06	2	0	2	0	0	0
ENSG00000172139	0.765	33	57.691	4.3739275e-06	2	0	2	1	0	1
ENSG00000072858	0.872	30	46.651	3.606945e-06	4	0	4	0	0	0
ENSG00000178075	1.076	36	44.193	4.31748e-06	1	0	1	0	0	0
ENSG00000163617	1.23	49	50.535	4.2228425e-06	2	0	2	0	0	0
ENSG00000181847	1.05	4	8.7098	7.3594475e-07	1	0	1	0	0	0
ENSG00000163424	1.194	15	19.348	1.6878975e-06	1	0	1	0	0	0
ENSG00000144843	1.283	10	13.212	1.08498125e-06	2	0	2	0	0	0
ENSG00000183833	0.887	27	41.972	3.4349225e-06	1	0	1	0	0	0
ENSG00000144852	1.174	15	19.668	1.5122905e-06	1	0	1	0	0	0
ENSG00000113924	0.936	16	25.973	2.157065e-06	2	0	2	0	0	0
ENSG00000051341	1.215	122	116.73	1.11622e-05	7	0	7	0	0	0
ENSG00000196981	1.481	8	9.6676	6.98006e-07	3	0	3	0	0	0
ENSG00000163840	0.783	13	26.394	2.132945e-06	1	1	0	0	0	0
ENSG00000173200	0.961	17	26.544	2.0359625e-06	1	1	0	0	0	0
ENSG00000175455	0.836	19	33.333	3.5816525e-06	3	0	3	0	0	0
ENSG00000173706	0.573	21	52.747	4.8013875e-06	1	0	1	1	0	1
ENSG00000163848	0.103	0	29.049	2.321885e-06	1	0	1	1	0	1
ENSG00000114544	1.286	21	23.508	2.15204e-06	3	0	3	0	0	0
ENSG00000197763	0.997	15	23.155	1.72324e-06	1	0	1	0	0	0
ENSG00000187715	1.306	8	11.036	2.561745e-06	3	0	3	0	0	0
ENSG00000114654	1.822	6	5.6127	1.3018435e-06	1	0	1	0	0	0
ENSG00000240682	0.114	0	26.123	3.042805e-06	1	1	0	0	0	0
ENSG00000181789	0.397	11	45.902	3.69371e-06	1	1	0	0	0	0
ENSG00000183624	1.113	13	18.564	1.60449925e-06	2	0	2	0	0	0
ENSG00000206384	1.013	78	92.935	8.734455e-06	11	0	11	0	0	0
ENSG00000034533	1.138	17	22.409	2.101455e-06	4	0	4	0	0	0
ENSG00000114670	1.224	34	36.985	3.1933875e-06	1	0	1	0	0	0
ENSG00000114686	1.38	19	20.203	1.60168525e-06	1	0	1	1	0	1
ENSG00000240303	0.883	30	46.097	3.9236875e-06	2	0	2	0	0	0
ENSG00000129048	1.803	12	10.109	9.628905e-07	1	0	1	0	0	0
ENSG00000144868	0.187	0	16.017	1.563378e-06	1	0	1	1	0	1
ENSG00000170819	1.038	15	22.251	2.312505e-06	1	0	1	0	0	0
ENSG00000163781	0.086	2	72.909	6.43267e-06	1	0	1	0	0	0
ENSG00000132182	0.729	50	86.818	7.22528e-06	1	0	1	0	0	0
ENSG00000154928	0.257	5	40.975	3.361055e-06	2	0	2	2	0	2
ENSG00000163520	0.481	16	50.491	4.72685e-06	1	0	1	1	0	1
ENSG00000114054	0.941	17	27.103	2.667605e-06	1	0	1	0	0	0
ENSG00000168917	0.851	4	10.75	9.213505e-07	1	1	0	0	0	0
ENSG00000066405	1.273	7	10.314	8.8009525e-07	1	0	1	0	0	0
ENSG00000158163	1.297	38	38.408	2.894735e-06	3	0	3	0	0	0
ENSG00000181322	1.303	14	16.79	1.62071325e-06	1	0	1	0	0	0
ENSG00000158220	1.109	42	48.999	4.5072575e-06	1	0	1	0	0	0
ENSG00000184432	0.089	1	53.344	4.291015e-06	1	0	1	1	0	1
ENSG00000163864	1.724	11	10.175	8.7255775e-07	1	0	1	0	0	0
ENSG00000155890	1.32	29	29.955	2.89306e-06	1	0	1	0	0	0
ENSG00000114124	1.211	14	18.068	1.58707925e-06	1	0	1	0	0	0
ENSG00000114127	0.197	12	98.593	8.1919225e-06	1	1	0	0	0	0
ENSG00000175054	0.399	43	139.11	1.28923075e-05	1	0	1	0	0	0
ENSG00000120756	0.667	14	32.831	2.864585e-06	1	0	1	0	0	0
ENSG00000144935	0.398	8	36.291	3.7252e-06	1	0	1	0	0	0
ENSG00000163710	1.221	18	21.855	2.2821875e-06	1	0	1	0	0	0
ENSG00000152952	0.638	20	45.569	4.1272e-06	1	1	0	0	0	0
ENSG00000114698	1.153	11	15.792	1.25834375e-06	2	0	2	2	0	2
ENSG00000231213	1.667	14	12.919	1.0582315e-06	1	0	1	0	0	0
ENSG00000131379	1.144	35	40.562	3.6252025e-06	3	0	3	0	0	0
ENSG00000153002	1.633	30	24.844	2.1284225e-06	1	0	1	0	0	0
ENSG00000071794	1.101	47	54.459	4.5477925e-06	1	0	1	0	0	0
ENSG00000047457	0.646	25	54.056	4.38783e-06	1	0	1	0	0	0
ENSG00000163762	1.598	9	9.6566	6.8288075e-07	1	0	1	0	0	0
ENSG00000169903	1.618	11	11.082	1.072134e-06	2	0	2	0	0	0
ENSG00000163645	1.562	40	33.312	2.7783225e-06	5	1	4	1	1	0
ENSG00000138271	1.448	9	10.793	1.15975325e-06	4	0	4	0	0	0
ENSG00000152580	1.238	73	71.662	6.872525e-06	11	0	11	1	0	1
ENSG00000152601	0.425	4	21.528	2.2336125e-06	1	1	0	0	0	0
ENSG00000206561	1.095	24	30.818	3.18853e-06	2	0	2	0	0	0
ENSG00000196549	0.923	36	51.511	4.7765975e-06	1	1	0	0	0	0
ENSG00000131373	1.007	22	31.195	2.2068125e-06	1	0	1	0	0	0
ENSG00000118849	1.611	13	12.686	1.01438e-06	2	0	2	0	0	0
ENSG00000068885	0.991	36	47.988	4.1250225e-06	1	1	0	0	0	0
ENSG00000213186	0.874	7	15.036	1.50621025e-06	1	0	1	0	0	0
ENSG00000179674	1.892	8	6.1799	5.7919825e-07	1	0	1	0	0	0
ENSG00000169255	0.999	6	11.859	1.1010445e-06	1	0	1	0	0	0
ENSG00000131386	1.279	28	30.021	2.5769875e-06	1	0	1	0	0	0
ENSG00000154814	1.46	12	13.278	1.03700925e-06	3	0	3	0	0	0
ENSG00000114200	1.329	21	22.755	2.0024625e-06	2	0	2	0	0	0
ENSG00000169064	1.055	37	46.146	3.82101e-06	2	0	2	0	0	0
ENSG00000114204	1.531	21	19.722	1.394136e-06	2	0	2	0	0	0
ENSG00000187033	1.055	12	18.426	1.6397915e-06	2	0	2	0	0	0
ENSG00000173890	1.263	6	9.3574	6.522785e-07	1	0	1	0	0	0
ENSG00000186329	1.797	11	9.4692	9.12607e-07	3	0	3	0	0	0
ENSG00000177694	0.713	18	37.461	3.3639025e-06	1	1	0	0	0	0
ENSG00000172667	1.018	8	14.181	1.41381725e-06	2	1	1	0	0	0
ENSG00000078070	0.902	24	37.434	2.92723e-06	1	0	1	0	0	0
ENSG00000175193	0.828	10	20.488	1.7431725e-06	1	0	1	1	0	1
ENSG00000178084	1.339	16	18.151	1.571619e-06	1	0	1	0	0	0
ENSG00000186038	1.447	14	15.096	9.376985e-07	2	0	2	0	0	0
ENSG00000161204	0.575	16	42.292	3.5880175e-06	1	1	0	0	0	0
ENSG00000145194	1.098	38	45.344	4.3477975e-06	1	0	1	0	0	0
ENSG00000224153	1.218	3	6.3329	4.49436e-07	2	0	2	0	0	0
ENSG00000182580	0.375	10	45.242	4.0834825e-06	4	0	4	3	0	3
ENSG00000177383	1.683	4	5.0071	3.507785e-07	6	0	6	2	0	2
ENSG00000156931	0.462	30	87.988	7.6458725e-06	3	0	3	0	0	0
ENSG00000113790	0.972	19	28.683	2.6068025e-06	5	0	5	0	0	0
ENSG00000163915	1.716	0	1.0218	7.3403525e-08	1	0	1	0	0	0
ENSG00000058866	0.82	27	45.398	3.235765e-06	1	1	0	0	0	0
ENSG00000090512	1.37	12	14.182	1.25670225e-06	3	0	3	0	0	0
ENSG00000113905	1.495	20	19.42	1.95573e-06	1	0	1	0	0	0
ENSG00000163918	0.9	14	24.323	2.77313e-06	1	0	1	0	0	0
ENSG00000175077	1.343	9	11.678	8.4595875e-07	8	0	8	0	0	0
ENSG00000073282	0.267	5	39.381	3.97712e-06	1	0	1	1	0	1
ENSG00000188958	1.588	6	7.2495	6.69263e-07	3	0	3	0	0	0
ENSG00000187527	1.287	72	68.041	5.402545e-06	4	1	3	0	0	0
ENSG00000041802	0.894	24	37.739	3.5046025e-06	1	0	1	0	0	0
ENSG00000163961	1.198	22	26.218	2.3026225e-06	1	0	1	0	0	0
ENSG00000163964	1.162	9	13.511	1.28313375e-06	2	0	2	0	0	0
ENSG00000161267	1.39	12	13.97	1.26588125e-06	1	0	1	0	0	0
ENSG00000145016	0.794	28	48.361	4.4158025e-06	2	0	2	0	0	0
ENSG00000186001	0.812	25	42.988	3.9980575e-06	1	0	1	0	0	0
ENSG00000163576	1.24	37	39.254	4.0194975e-06	1	0	1	0	0	0
ENSG00000129810	1.225	20	23.718	2.2563925e-06	2	0	2	0	0	0
ENSG00000206559	1.03	12	18.88	1.31824175e-06	1	0	1	1	0	1
ENSG00000144644	1.427	31	29.322	2.191235e-06	3	0	3	0	0	0
ENSG00000072756	0.876	9	17.924	1.252632e-06	1	0	1	0	0	0
ENSG00000173705	1.363	17	18.707	1.31964875e-06	3	0	3	0	0	0
ENSG00000163673	0.563	5	18.676	1.60590625e-06	1	0	1	1	0	1
ENSG00000076242	0.575	15	40.188	3.39891e-06	2	0	2	0	0	0
ENSG00000093167	0.983	46	59.826	6.3047e-06	1	1	0	0	0	0
ENSG00000198590	1.683	2	3.2375	3.712135e-07	1	0	1	0	0	0
ENSG00000136059	1.091	39	46.676	3.915815e-06	6	0	6	0	0	0
ENSG00000060971	1.006	11	18.101	2.0232325e-06	1	0	1	1	0	1
ENSG00000172940	1.376	21	21.976	1.74401e-06	1	0	1	0	0	0
ENSG00000093217	1.303	34	34.751	2.84549e-06	1	1	0	0	0	0
ENSG00000183873	0.292	16	83.116	7.5574325e-06	1	0	1	0	0	0
ENSG00000185313	1.014	65	78.814	7.3256125e-06	1	0	1	0	0	0
ENSG00000168356	0.828	53	80.455	7.5527425e-06	1	0	1	0	0	0
ENSG00000168334	1.168	48	52.268	5.08865e-06	2	0	2	0	0	0
ENSG00000168329	1.01	3	7.6717	5.5275e-07	1	0	1	0	0	0
ENSG00000168314	0.609	1	7.7927	1.6422035e-07	1	0	1	0	0	0
ENSG00000168032	1.596	29	24.728	1.900455e-06	1	0	1	0	0	0
ENSG00000177842	1.095	7	12.005	9.925045e-07	2	0	2	0	0	0
ENSG00000168038	1.095	62	69.959	5.5564775e-06	2	0	2	0	0	0
ENSG00000157093	0.743	1	6.3825	4.4988825e-07	1	0	1	0	0	0
ENSG00000114812	1.73	35	26.633	2.2171975e-06	1	0	1	0	0	0
ENSG00000180432	1.188	9	13.221	1.194275e-06	1	0	1	0	0	0
ENSG00000182983	1.421	19	19.606	1.978175e-06	7	0	7	0	0	0
ENSG00000170364	1.13	8	12.776	1.2751775e-06	1	0	1	1	0	1
ENSG00000160746	1.129	25	30.915	2.3026225e-06	2	0	2	0	0	0
ENSG00000169981	1.751	3	3.774	1.665419e-06	1	0	1	0	0	0
ENSG00000196653	1.138	14	19.239	1.7458525e-06	2	0	2	0	0	0
ENSG00000186446	0.793	2	7.9368	6.9286375e-07	1	0	1	0	0	0
ENSG00000163808	0.79	52	82.959	7.22796e-06	1	0	1	0	0	0
ENSG00000163810	1.206	32	35.631	3.1423e-06	1	0	1	0	0	0
ENSG00000163817	1.221	24	27.645	2.2687875e-06	2	0	2	0	0	0
ENSG00000163820	0.911	52	71.905	6.42262e-06	1	0	1	0	0	0
ENSG00000160791	1.93	12	7.9435	6.8643175e-07	10	0	10	0	0	0
ENSG00000178038	1.082	47	55.372	4.54193e-06	2	0	2	0	0	0
ENSG00000114646	0.75	6	15.789	1.1454655e-06	2	0	2	0	0	0
ENSG00000164047	1.553	4	5.682	4.0334e-07	6	0	6	0	0	0
ENSG00000164049	1.041	18	25.638	2.279005e-06	1	0	1	0	0	0
ENSG00000164050	0.385	25	90.749	7.5926075e-06	1	0	1	1	0	1
ENSG00000164054	1.441	10	11.728	1.14276875e-06	4	0	4	0	0	0
ENSG00000114268	0.957	18	27.903	2.248185e-06	2	0	2	0	0	0
ENSG00000178467	1.005	17	25.366	1.959415e-06	1	0	1	0	0	0
ENSG00000178149	1.357	18	19.666	1.7843775e-06	1	0	1	0	0	0
ENSG00000172053	0.806	28	47.648	4.30006e-06	1	0	1	0	0	0
ENSG00000172037	0.655	46	89.855	9.410485e-06	2	0	2	0	0	0
ENSG00000114316	0.634	24	53.242	4.2586875e-06	1	0	1	0	0	0
ENSG00000145020	0.789	7	16.664	1.384488e-06	1	1	0	0	0	0
ENSG00000185614	1.307	6	9.0345	7.9798675e-07	3	0	3	0	0	0
ENSG00000182179	0.892	34	50.759	4.1210025e-06	9	0	9	0	0	0
ENSG00000164078	1.263	55	54.528	4.9715675e-06	2	1	1	0	0	0
ENSG00000068001	0.535	5	19.666	1.8761675e-06	1	0	1	0	0	0
ENSG00000114737	1.228	5	8.5469	9.1309275e-07	1	0	1	0	0	0
ENSG00000184345	1.127	6	10.507	1.0156195e-06	1	0	1	0	0	0
ENSG00000173389	1.15	6	10.29	7.4167325e-07	1	0	1	0	0	0
ENSG00000090097	0.698	8	20.679	1.9095e-06	1	0	1	0	0	0
ENSG00000114841	0.478	83	208.53	1.82843e-05	2	0	2	1	0	1
ENSG00000010319	1.037	32	41.432	4.08633e-06	1	0	1	0	0	0
ENSG00000010322	0.285	10	59.505	4.41865e-06	1	0	1	1	0	1
ENSG00000010327	0.805	102	149.45	1.33190975e-05	4	1	3	2	0	2
ENSG00000114904	1.154	43	48.049	5.07525e-06	1	0	1	0	0	0
ENSG00000055957	1.23	48	49.643	4.5404225e-06	1	0	1	0	0	0
ENSG00000163933	1.094	23	29.775	2.71551e-06	1	0	1	0	0	0
ENSG00000144771	1.903	20	13.735	1.343082e-06	6	0	6	0	0	0
ENSG00000180376	1.251	53	53.279	5.00557e-06	3	0	3	0	0	0
ENSG00000163666	1.237	6	9.5577	8.269475e-07	2	0	2	0	0	0
ENSG00000157500	0.35	9	44.862	4.0154775e-06	3	0	3	0	0	0
ENSG00000136068	0.43	36	110.48	9.8200225e-06	1	0	1	1	0	1
ENSG00000168297	0.513	11	35.468	3.828715e-06	1	0	1	1	0	1
ENSG00000168306	0.87	21	34.764	2.630755e-06	1	0	1	0	0	0
ENSG00000144724	0.46	24	73.434	6.58342e-06	1	1	0	0	0	0
ENSG00000114405	1.804	7	6.5234	4.6030675e-07	5	0	5	0	0	0
ENSG00000153266	0.222	0	13.484	9.594735e-07	2	0	2	0	0	0
ENSG00000163618	0.414	22	75.83	7.24404e-06	2	0	2	0	0	0
ENSG00000163638	0.395	35	117.42	1.0997045e-05	1	0	1	0	0	0
ENSG00000144749	0.426	12	45.597	4.152325e-06	5	0	5	0	0	0
ENSG00000163378	0.985	17	25.897	2.2342825e-06	1	0	1	0	0	0
ENSG00000163380	1.138	13	18.156	1.57840275e-06	1	0	1	1	0	1
ENSG00000114541	0.349	14	62.787	6.035695e-06	1	1	0	0	0	0
ENSG00000144736	1.134	19	24.578	2.232775e-06	5	0	5	0	0	0
ENSG00000070950	0.991	16	24.527	1.87131e-06	1	0	1	0	0	0
ENSG00000163719	0.691	18	38.647	3.51616e-06	1	0	1	0	0	0
ENSG00000196578	1.66	3	4.2587	5.5715525e-07	1	0	1	0	0	0
ENSG00000236032	1.942	8	5.009	3.56172e-07	2	0	2	0	0	0
ENSG00000197938	1.878	5	4.2684	3.049505e-07	3	0	3	0	0	0
ENSG00000214021	1.291	22	24.331	2.9279e-06	5	0	5	0	0	0
ENSG00000206536	1.806	6	5.7572	4.7347225e-07	1	0	1	0	0	0
ENSG00000232382	1.934	8	5.2697	3.662555e-07	1	0	1	0	0	0
ENSG00000057019	0.446	9	35.221	2.4965875e-06	1	0	1	1	0	1
ENSG00000163702	0.867	29	45.589	4.033065e-06	1	0	1	0	0	0
ENSG00000127415	1.166	22	26.942	2.0161975e-06	4	0	4	0	0	0
ENSG00000169836	1.736	23	18.491	1.602841e-06	2	0	2	0	0	0
ENSG00000236699	0.915	19	30.459	2.2862075e-06	1	0	1	1	0	1
ENSG00000168743	0.989	18	26.987	2.620035e-06	1	0	1	0	0	0
ENSG00000145348	0.871	31	48.032	4.1662275e-06	2	0	2	0	0	0
ENSG00000138801	0.792	17	32.209	3.058215e-06	1	0	1	0	0	0
ENSG00000155016	0.747	8	19.314	1.795265e-06	2	0	2	0	0	0
ENSG00000188517	0.927	36	51.269	4.5233375e-06	1	0	1	1	0	1
ENSG00000178222	1.254	2	4.962	1.07670675e-06	1	0	1	0	0	0
ENSG00000138794	1.089	8	13.249	1.0751155e-06	1	0	1	0	0	0
ENSG00000180245	1.445	14	15.123	1.21854575e-06	1	0	1	0	0	0
ENSG00000138792	1.143	46	51.473	4.1407675e-06	2	0	2	0	0	0
ENSG00000145365	1.15	2	5.4458	6.72948e-07	4	0	4	0	0	0
ENSG00000073331	0.929	38	53.606	4.3196575e-06	10	0	10	0	0	0
ENSG00000138653	0.64	20	45.422	4.4412625e-06	1	0	1	0	0	0
ENSG00000174599	1.394	4	6.4869	4.5997175e-07	1	0	1	0	0	0
ENSG00000159674	1.893	19	13.349	1.10394225e-06	1	0	1	0	0	0
ENSG00000164099	1.24	44	45.608	4.1658925e-06	2	0	2	1	0	1
ENSG00000145390	0.779	29	50.75	4.8131125e-06	1	1	0	0	0	0
ENSG00000164111	1.446	22	21.717	1.9585775e-06	2	0	2	0	0	0
ENSG00000123737	1.055	18	25.31	2.380845e-06	1	0	1	0	0	0
ENSG00000181004	0.963	14	22.722	2.06762e-06	2	1	1	0	0	0
ENSG00000151475	1.387	15	16.643	1.7682975e-06	2	0	2	0	0	0
ENSG00000164074	1.122	17	22.731	2.412e-06	1	0	1	0	0	0
ENSG00000151466	0.888	32	48.384	4.07427e-06	2	0	2	0	0	0
ENSG00000163945	1.48	35	31.339	2.374815e-06	1	0	1	0	0	0
ENSG00000151014	0.689	5	15.258	1.65729525e-06	4	0	4	0	0	0
ENSG00000137463	1.891	6	4.7997	3.346315e-07	3	0	3	1	0	1
ENSG00000205301	1.235	10	13.732	1.15442675e-06	6	0	6	0	0	0
ENSG00000179387	0.5	4	18.307	1.71252e-06	1	0	1	0	0	0
ENSG00000109436	0.487	19	57.302	4.87224e-06	1	1	0	0	0	0
ENSG00000183090	0.878	39	58.018	4.9976975e-06	2	0	2	0	0	0
ENSG00000164162	1.056	5	9.9551	8.682195e-07	1	0	1	0	0	0
ENSG00000237136	1.406	9	11.132	9.0913975e-07	1	0	1	0	0	0
ENSG00000071205	0.932	34	48.578	4.402235e-06	5	0	5	0	0	0
ENSG00000198589	0.417	49	148.99	1.39308075e-05	6	0	6	6	0	6
ENSG00000189099	0.872	0	3.4092	1.01111375e-06	1	0	1	0	0	0
ENSG00000164142	0.621	15	37.202	3.0037775e-06	5	1	4	0	0	0
ENSG00000121211	1.395	14	15.679	1.625219e-06	1	0	1	0	0	0
ENSG00000137462	0.933	13	22.146	1.8644425e-06	2	0	2	0	0	0
ENSG00000197410	1.025	79	92.919	7.32645e-06	1	0	1	0	0	0
ENSG00000048342	0.764	51	84.344	9.25136e-06	4	0	4	0	0	0
ENSG00000164114	1.192	25	29.303	2.20497e-06	2	1	1	0	0	0
ENSG00000061918	0.675	13	30.629	2.707805e-06	1	0	1	0	0	0
ENSG00000256394	1.367	21	22.117	1.70381e-06	1	0	1	0	0	0
ENSG00000237765	1.291	15	17.893	1.57485175e-06	6	0	6	0	0	0
ENSG00000164125	1.074	15	21.514	2.4801725e-06	7	0	7	0	0	0
ENSG00000171509	0.896	25	38.989	3.172785e-06	1	0	1	1	0	1
ENSG00000052795	0.13	2	48.451	4.273595e-06	3	0	3	0	0	0
ENSG00000164123	1.593	10	10.491	7.42226e-07	1	0	1	1	0	1
ENSG00000007062	1.051	39	48.467	4.102075e-06	2	0	2	2	0	2
ENSG00000168843	0.63	17	40.477	3.484e-06	1	0	1	0	0	0
ENSG00000145416	0.771	6	15.369	1.47582575e-06	1	1	0	0	0	0
ENSG00000137628	0.586	42	92.649	8.3761725e-06	1	0	1	1	0	1
ENSG00000145439	1.696	8	8.1468	6.037035e-07	2	0	2	0	0	0
ENSG00000163950	0.745	4	12.292	8.6592475e-07	1	0	1	0	0	0
ENSG00000056050	1.125	11	16.179	1.37978125e-06	2	0	2	0	0	0
ENSG00000168936	1.9	11	8.0475	1.06203375e-06	1	0	1	0	0	0
ENSG00000164104	0.315	0	9.4803	7.8304575e-07	1	1	0	0	0	0
ENSG00000150627	0.85	50	74.423	6.170365e-06	1	0	1	0	0	0
ENSG00000150628	1.508	14	14.463	1.30018525e-06	2	0	2	0	0	0
ENSG00000164122	1.498	19	18.584	1.8594175e-06	1	0	1	0	0	0
ENSG00000047662	0.841	34	53.833	4.445785e-06	1	0	1	1	0	1
ENSG00000109674	1.081	17	23.592	1.7924175e-06	1	0	1	0	0	0
ENSG00000109805	0.606	19	45.994	3.532575e-06	1	0	1	0	0	0
ENSG00000068078	0.52	12	37.397	3.3488275e-06	1	0	1	0	0	0
ENSG00000129187	1.268	6	9.3197	6.5611425e-07	1	0	1	0	0	0
ENSG00000151718	0.554	22	56.699	4.45684e-06	1	0	1	0	0	0
ENSG00000177300	1.19	3	6.4884	6.0449075e-07	1	0	1	0	0	0
ENSG00000164303	1.181	15	19.558	1.4671325e-06	1	0	1	0	0	0
ENSG00000164306	1.328	28	28.911	2.4707925e-06	1	0	1	0	0	0
ENSG00000151725	0.982	15	23.509	1.7709775e-06	4	0	4	0	0	0
ENSG00000187821	1.177	6	10.051	7.1892675e-07	4	0	4	4	0	4
ENSG00000109762	0.518	16	46.936	3.8650625e-06	2	0	2	1	0	1
ENSG00000168491	1.236	30	32.934	2.7186925e-06	7	0	7	0	0	0
ENSG00000154553	1.822	10	8.4958	1.2934685e-06	1	0	1	0	0	0
ENSG00000164344	1.004	24	33.627	2.6245575e-06	4	0	4	0	0	0
ENSG00000179046	1.45	13	14.221	8.5657825e-07	1	0	1	0	0	0
ENSG00000130997	1.423	57	49.935	4.0918575e-06	1	0	1	0	0	0
ENSG00000214367	1.093	17	23.328	1.8121825e-06	4	0	4	0	0	0
ENSG00000109610	1.671	5	5.9192	5.736875e-07	1	0	1	0	0	0
ENSG00000038210	0.97	14	22.571	1.7404925e-06	1	0	1	0	0	0
ENSG00000168228	0.949	20	30.615	2.851855e-06	2	0	2	0	0	0
ENSG00000168214	0.241	3	32.217	3.5545175e-06	1	0	1	0	0	0
ENSG00000163394	0.886	6	13.366	9.46576e-07	1	0	1	0	0	0
ENSG00000168884	0.736	8	19.619	1.96846e-06	1	0	1	1	0	1
ENSG00000087266	1.157	20	25.116	2.2741475e-06	5	0	5	0	0	0
ENSG00000087269	0.569	18	46.889	4.2014025e-06	1	0	1	0	0	0
ENSG00000197386	0.176	19	158.56	1.3547735e-05	8	0	8	0	0	0
ENSG00000109758	0.874	17	29.176	2.222725e-06	3	0	3	0	0	0
ENSG00000175920	0.934	9	16.818	1.29036975e-06	3	0	3	0	0	0
ENSG00000047365	0.561	38	88.717	7.959935e-06	1	0	1	1	0	1
ENSG00000197057	0.938	14	23.344	2.1910675e-06	6	0	6	0	0	0
ENSG00000154274	1.887	1	1.0602	7.5308e-08	1	0	1	0	0	0
ENSG00000169299	0.958	23	34.01	3.33057e-06	2	0	2	0	0	0
ENSG00000065882	0.699	31	59.861	5.8975075e-06	2	0	2	1	0	1
ENSG00000174125	1.851	29	20.551	1.46540725e-06	2	0	2	0	0	0
ENSG00000134962	0.425	12	45.706	4.52853e-06	3	0	3	0	0	0
ENSG00000174343	0.98	11	18.579	1.61883725e-06	1	0	1	0	0	0
ENSG00000163694	0.292	2	21.545	1.981525e-06	5	0	5	5	0	5
ENSG00000163982	1.883	30	20.467	1.72726e-06	3	0	3	0	0	0
ENSG00000168826	0.903	17	28.251	2.538295e-06	1	0	1	0	0	0
ENSG00000177752	1.351	9	11.606	8.25641e-07	5	0	5	0	0	0
ENSG00000151806	1.137	30	35.792	3.2446425e-06	1	0	1	0	0	0
ENSG00000145244	1.232	53	54.064	4.0992275e-06	7	0	7	0	0	0
ENSG00000163293	1.499	15	15.363	1.09044175e-06	2	0	2	0	0	0
ENSG00000188993	1.815	13	10.664	7.481555e-07	4	0	4	0	0	0
ENSG00000163071	1.091	24	30.948	2.76576e-06	2	0	2	0	0	0
ENSG00000184178	1.174	18	22.744	1.755735e-06	1	0	1	0	0	0
ENSG00000145216	0.226	3	34.239	4.45416e-06	1	0	1	1	0	1
ENSG00000072201	0.708	15	32.612	3.31918e-06	1	0	1	0	0	0
ENSG00000128039	0.973	8	14.83	1.24209625e-06	3	0	3	0	0	0
ENSG00000174799	0.813	46	72.388	7.5825575e-06	1	0	1	0	0	0
ENSG00000109265	0.531	16	45.786	4.0349075e-06	1	0	1	0	0	0
ENSG00000249693	1.205	14	18.16	1.5239485e-06	1	0	1	0	0	0
ENSG00000173040	1.077	57	65.973	6.110735e-06	1	0	1	0	0	0
ENSG00000084092	0.738	13	28	2.315185e-06	1	0	1	0	0	0
ENSG00000163453	1.118	6	10.592	7.581385e-07	3	0	3	0	0	0
ENSG00000109501	1.93	47	29.024	2.2771625e-06	2	0	2	1	0	1
ENSG00000013288	1.011	41	52.625	4.33088e-06	2	0	2	0	0	0
ENSG00000169026	1.733	24	19.209	1.64768075e-06	3	0	3	0	0	0
ENSG00000185873	1.747	25	19.695	1.38859175e-06	1	0	1	0	0	0
ENSG00000087128	0.912	14	24.005	2.132945e-06	1	0	1	0	0	0
ENSG00000197888	1.052	14	20.798	1.7572425e-06	2	0	2	0	0	0
ENSG00000196620	1.733	28	21.915	1.8413275e-06	4	0	4	0	0	0
ENSG00000109181	1.637	24	20.527	1.8885625e-06	1	0	1	0	0	0
ENSG00000171234	1.438	20	20.202	1.718885e-06	3	0	3	0	0	0
ENSG00000213759	1.591	22	19.68	1.64928875e-06	1	0	1	0	0	0
ENSG00000135226	1.691	24	19.788	1.7086675e-06	1	0	1	0	0	0
ENSG00000173610	1.424	20	20.398	1.978175e-06	1	0	1	0	0	0
ENSG00000126545	1.714	22	18.098	1.288745e-06	1	0	1	0	0	0
ENSG00000126549	1.808	6	5.7462	4.0677375e-07	2	0	2	0	0	0
ENSG00000187533	1.635	6	6.9627	4.9561575e-07	1	0	1	0	0	0
ENSG00000145309	1.34	4	6.773	4.67794e-07	1	0	1	0	0	0
ENSG00000018189	0.458	11	39.727	3.5454725e-06	1	0	1	0	0	0
ENSG00000132463	1.231	19	22.647	2.546e-06	1	0	1	0	0	0
ENSG00000081051	0.888	21	34.046	2.980495e-06	1	0	1	0	0	0
ENSG00000079557	1.304	29	30.316	2.4004425e-06	10	0	10	7	0	7
ENSG00000169435	1.932	29	18.304	1.59996e-06	5	0	5	0	0	0
ENSG00000124882	1.571	8	9.0335	7.78339e-07	1	0	1	0	0	0
ENSG00000169116	1.215	6	9.7365	7.0401925e-07	1	0	1	0	0	0
ENSG00000174796	1.334	6	8.844	7.57435e-07	2	1	1	0	0	0
ENSG00000156194	0.965	28	39.788	3.47127e-06	3	0	3	0	0	0
ENSG00000198301	1.044	36	45.534	4.344615e-06	1	1	0	0	0	0
ENSG00000138755	1.691	4	4.9632	3.5076175e-07	1	0	1	0	0	0
ENSG00000169245	1.002	1	4.7158	3.3149925e-07	3	0	3	0	0	0
ENSG00000156219	1.464	20	19.84	1.820725e-06	1	0	1	0	0	0
ENSG00000138760	0.724	11	25.138	2.0828625e-06	1	0	1	1	0	1
ENSG00000118804	1.854	15	11.48	4.8905e-07	9	0	9	0	0	0
ENSG00000163749	0.967	47	61.963	5.574065e-06	3	0	3	0	0	0
ENSG00000138771	0.352	15	65.64	6.485935e-06	1	0	1	0	0	0
ENSG00000138772	1.264	19	22.058	2.0671175e-06	1	0	1	0	0	0
ENSG00000196475	1.425	15	16.195	1.4917885e-06	5	0	5	0	0	0
ENSG00000125089	1.276	52	51.337	4.25115e-06	8	1	7	0	0	0
ENSG00000249242	0.867	5	12.126	8.582365e-07	1	0	1	1	0	1
ENSG00000087008	1.063	28	36.127	3.11148e-06	2	0	2	0	0	0
ENSG00000163624	0.653	10	25.987	1.9820275e-06	2	0	2	1	0	1
ENSG00000155275	1.356	33	32.536	2.74633e-06	4	0	4	0	0	0
ENSG00000109625	1.96	42	24.173	1.9564e-06	6	0	6	0	0	0
ENSG00000163629	0.631	54	107.35	1.0337095e-05	1	0	1	0	0	0
ENSG00000145283	1.546	13	13.293	9.5034475e-07	1	0	1	0	0	0
ENSG00000145332	0.745	14	29.395	2.9709475e-06	1	0	1	0	0	0
ENSG00000170509	1.204	7	10.911	1.28189425e-06	1	0	1	0	0	0
ENSG00000152595	1.294	4	7.0323	6.390795e-07	7	0	7	0	0	0
ENSG00000118777	1.549	44	36.504	3.7143125e-06	4	0	4	0	0	0
ENSG00000138642	0.887	29	44.558	3.4593775e-06	1	0	1	0	0	0
ENSG00000185477	1.474	19	18.894	1.488472e-06	1	0	1	0	0	0
ENSG00000138722	1.195	40	43.563	3.4690925e-06	1	0	1	0	0	0
ENSG00000219492	1.823	5	4.8536	3.411305e-07	4	0	4	0	0	0
ENSG00000186146	1.94	2	0.99393	7.068165e-08	1	0	1	0	0	0
ENSG00000127419	1.131	16	21.48	1.85121e-06	2	0	2	0	0	0
ENSG00000163114	1.774	12	10.416	1.19174575e-06	1	0	1	0	0	0
ENSG00000145214	0.703	22	44.659	3.9675725e-06	2	0	2	1	0	1
ENSG00000163116	1.47	24	22.953	1.9873875e-06	2	0	2	0	0	0
ENSG00000168785	0.381	2	16.541	1.42778675e-06	1	1	0	0	0	0
ENSG00000198099	1.27	11	14.33	1.00015925e-06	1	0	1	0	0	0
ENSG00000138813	1.426	13	14.474	1.014849e-06	3	0	3	0	0	0
ENSG00000248713	0.677	21	44.701	4.0610375e-06	7	0	7	0	0	0
ENSG00000145506	1.584	16	15.249	1.3942365e-06	2	0	2	0	0	0
ENSG00000173930	0.838	18	31.859	2.6473375e-06	1	0	1	0	0	0
ENSG00000112874	1.329	17	19.184	1.604516e-06	1	0	1	0	0	0
ENSG00000145491	1.551	9	10.006	7.06381e-07	1	0	1	0	0	0
ENSG00000164211	1.822	14	11.262	1.04816475e-06	1	0	1	0	0	0
ENSG00000134986	1.46	4	6.1466	5.69165e-07	5	0	5	0	0	0
ENSG00000129595	1.015	38	49.069	4.6322125e-06	3	0	3	0	0	0
ENSG00000169862	0.098	2	64.425	5.9035375e-06	4	0	4	0	0	0
ENSG00000172901	0.925	33	47.681	3.39623e-06	6	0	6	6	0	6
ENSG00000172869	0.202	19	137.97	1.16564925e-05	3	0	3	1	0	1
ENSG00000174358	1.422	35	32.638	3.241125e-06	2	0	2	1	0	1
ENSG00000064692	0.536	14	40.822	3.089035e-06	1	0	1	0	0	0
ENSG00000061455	0.424	5	24.775	2.4855325e-06	1	0	1	1	0	1
ENSG00000196900	1.702	5	5.7328	5.67088e-07	1	0	1	0	0	0
ENSG00000158987	0.279	14	78.347	6.84338e-06	1	0	1	0	0	0
ENSG00000217128	0.262	8	55.162	5.6827725e-06	1	0	1	1	0	1
ENSG00000164398	0.462	13	44.691	3.55636e-06	1	0	1	0	0	0
ENSG00000197208	0.978	16	24.848	2.11117e-06	1	0	1	0	0	0
ENSG00000197375	1.358	24	24.861	2.26862e-06	1	0	1	0	0	0
ENSG00000164403	0.543	7	24.197	1.8436725e-06	1	0	1	0	0	0
ENSG00000164404	1.188	10	14.275	1.2951435e-06	1	0	1	0	0	0
ENSG00000113583	1.081	3	7.1631	5.056825e-07	2	0	2	0	0	0
ENSG00000006837	1.148	21	26.35	2.3465075e-06	1	0	1	0	0	0
ENSG00000145826	1.449	5	7.1587	6.1591425e-07	2	0	2	0	0	0
ENSG00000039139	0.695	141	233.47	2.2161925e-05	1	1	0	0	0	0
ENSG00000120729	0.925	16	26.281	2.2607475e-06	1	0	1	0	0	0
ENSG00000078795	0.99	26	36.459	3.29573e-06	2	0	2	0	0	0
ENSG00000112983	0.516	24	65.461	5.8814275e-06	1	0	1	0	0	0
ENSG00000044115	0.313	8	46.085	4.32418e-06	1	0	1	1	0	1
ENSG00000120725	0.636	7	20.686	1.656307e-06	2	0	2	0	0	0
ENSG00000170482	0.533	8	27.087	2.2312675e-06	1	0	1	1	0	1
ENSG00000170476	1.492	6	7.8255	6.5752125e-07	1	0	1	1	0	1
ENSG00000176087	1.45	7	8.9936	9.35253e-07	1	0	1	0	0	0
ENSG00000113119	0.998	18	26.754	2.3069775e-06	2	1	1	0	0	0
ENSG00000120314	1.665	19	16.584	1.60768175e-06	1	0	1	1	0	1
ENSG00000170445	0.86	14	25.464	2.5548775e-06	1	0	1	0	0	0
ENSG00000204969	1.843	25	18.16	2.50781e-06	3	0	3	0	0	0
ENSG00000204962	1.642	19	16.853	2.656215e-06	1	0	1	0	0	0
ENSG00000204961	1.974	27	14.164	2.38587e-06	4	0	4	0	0	0
ENSG00000250120	1.204	23	27.07	2.2037975e-06	5	0	5	0	0	0
ENSG00000248383	1.02	20	28.486	2.7391275e-06	1	0	1	0	0	0
ENSG00000113205	1.296	12	14.992	1.15003825e-06	1	0	1	0	0	0
ENSG00000081818	1.374	18	19.419	2.136965e-06	1	0	1	0	0	0
ENSG00000113211	1.371	16	17.716	1.45441925e-06	1	0	1	0	0	0
ENSG00000113212	1.798	23	17.607	1.630579e-06	1	0	1	0	0	0
ENSG00000197479	1.591	14	13.643	1.00793125e-06	2	0	2	0	0	0
ENSG00000120328	1.328	12	14.632	1.2283445e-06	3	0	3	0	0	0
ENSG00000120327	1.674	19	16.472	1.337119e-06	2	0	2	0	0	0
ENSG00000120329	1.32	5	7.9272	7.192785e-07	1	0	1	0	0	0
ENSG00000254245	0.898	16	27.057	2.455215e-06	2	0	2	0	0	0
ENSG00000253159	0.801	14	27.309	2.3645975e-06	4	0	4	0	0	0
ENSG00000197948	1.288	47	46.518	4.818975e-06	3	0	3	2	0	2
ENSG00000120318	0.433	24	77.926	7.082235e-06	1	0	1	0	0	0
ENSG00000081791	1.267	27	29.39	2.50312e-06	7	0	7	0	0	0
ENSG00000145819	0.276	7	47.615	4.0895125e-06	1	0	1	0	0	0
ENSG00000113649	0.227	8	63.674	6.54322e-06	1	0	1	0	0	0
ENSG00000133710	0.94	52	69.7	6.875205e-06	1	0	1	0	0	0
ENSG00000173210	0.59	21	51.213	4.832375e-06	1	0	1	0	0	0
ENSG00000164296	1.21	10	14.019	1.16095925e-06	2	0	2	0	0	0
ENSG00000182578	0.393	12	49.445	4.017655e-06	1	0	1	0	0	0
ENSG00000113721	0.325	11	56.052	5.1799375e-06	1	1	0	0	0	0
ENSG00000011083	0.884	20	32.876	2.7140025e-06	1	0	1	0	0	0
ENSG00000070808	0.261	4	35.115	3.31784e-06	1	1	0	0	0	0
ENSG00000145908	0.754	10	22.49	1.824075e-06	1	0	1	0	0	0
ENSG00000198624	1.283	19	21.725	2.088725e-06	1	0	1	0	0	0
ENSG00000123643	0.901	13	22.94	2.224065e-06	1	0	1	0	0	0
ENSG00000086570	0.507	54	133.64	1.2712245e-05	1	0	1	1	0	1
ENSG00000132911	1.052	7	12.492	1.030393e-06	2	0	2	0	0	0
ENSG00000055147	1.04	18	25.676	2.1146875e-06	1	0	1	1	0	1
ENSG00000155506	0.165	4	55.578	5.480265e-06	1	0	1	0	0	0
ENSG00000226650	1.273	38	39.135	4.136245e-06	1	0	1	0	0	0
ENSG00000145850	1.336	16	18.192	1.437619e-06	2	0	2	0	0	0
ENSG00000172568	1.353	4	6.7027	7.3165675e-07	1	0	1	0	0	0
ENSG00000187658	1.537	2	3.8349	2.7280725e-07	4	0	4	0	0	0
ENSG00000022355	0.367	3	21.129	1.6504445e-06	1	0	1	1	0	1
ENSG00000072571	1.159	35	40.032	2.965755e-06	1	0	1	1	0	1
ENSG00000173545	0.528	6	22.441	2.131605e-06	1	0	1	0	0	0
ENSG00000113645	0.435	19	64.077	5.9380425e-06	3	2	1	0	0	0
ENSG00000113643	0.766	18	34.842	3.157375e-06	1	0	1	0	0	0
ENSG00000184347	0.33	19	84.431	8.0482075e-06	1	0	1	0	0	0
ENSG00000040275	1.09	29	36.27	3.560045e-06	1	0	1	0	0	0
ENSG00000145936	1.602	9	9.6282	8.58806e-07	2	0	2	0	0	0
ENSG00000094755	1.405	20	20.673	1.7773425e-06	1	0	1	0	0	0
ENSG00000253110	1.921	2	1.4071	9.825885e-08	4	0	4	0	0	0
ENSG00000072786	0.794	31	52.716	5.0784325e-06	2	0	2	0	0	0
ENSG00000174705	0.488	12	39.815	3.32387e-06	2	0	2	0	0	0
ENSG00000175414	1.229	6	9.6212	9.8364375e-07	2	0	2	0	0	0
ENSG00000160883	1.166	37	41.748	3.581485e-06	1	0	1	0	0	0
ENSG00000160867	0.868	26	41.549	4.171085e-06	1	0	1	0	0	0
ENSG00000027847	1.11	8	12.999	9.3825125e-07	3	0	3	0	0	0
ENSG00000175309	1.383	21	21.857	1.55635975e-06	1	0	1	1	0	1
ENSG00000198939	1.743	23	18.399	1.9378075e-06	1	0	1	0	0	0
ENSG00000113262	1.17	28	32.807	2.8979175e-06	1	0	1	0	0	0
ENSG00000234284	0.995	13	20.764	1.8101725e-06	1	0	1	0	0	0
ENSG00000177932	1.18	17	21.607	1.787225e-06	2	0	2	0	0	0
ENSG00000087116	0.311	10	54.601	4.6137875e-06	1	0	1	0	0	0
ENSG00000176783	0.684	20	42.495	3.5719375e-06	2	0	2	0	0	0
ENSG00000228259	1.812	3	3.3792	5.545925e-08	1	0	1	0	0	0
ENSG00000161010	1.262	9	12.432	8.8485225e-07	5	0	5	0	0	0
ENSG00000113303	1.028	11	17.714	1.31546125e-06	1	0	1	0	0	0
ENSG00000168903	0.847	8	17.034	1.32062025e-06	6	0	6	0	0	0
ENSG00000165810	1.349	21	22.417	1.755735e-06	2	0	2	0	0	0
ENSG00000164366	1.071	7	12.278	1.326533e-06	2	0	2	0	0	0
ENSG00000164256	1.32	40	39.436	3.5933775e-06	1	0	1	0	0	0
ENSG00000248874	1.827	5	4.8151	2.636e-07	2	0	2	0	0	0
ENSG00000113100	0.367	6	32.275	2.812995e-06	1	0	1	0	0	0
ENSG00000082213	0.769	10	22.053	1.67330825e-06	1	0	1	0	0	0
ENSG00000082196	1.354	11	13.432	1.44125375e-06	1	0	1	1	0	1
ENSG00000168685	1.04	13	19.867	1.551251e-06	1	0	1	0	0	0
ENSG00000168671	1.25	16	19.437	1.781195e-06	1	0	1	0	0	0
ENSG00000164188	1.187	25	29.423	2.761405e-06	2	0	2	0	0	0
ENSG00000113569	0.323	18	82.615	7.2569375e-06	1	1	0	1	1	0
ENSG00000164318	0.875	34	51.745	4.5759325e-06	1	0	1	0	0	0
ENSG00000113594	0.706	31	59.268	5.35129e-06	1	0	1	0	0	0
ENSG00000145623	0.944	34	47.961	4.13792e-06	2	0	2	0	0	0
ENSG00000113600	1.514	34	29.895	2.908135e-06	7	0	7	1	0	1
ENSG00000145592	0.964	2	6.5242	4.7853075e-07	1	0	1	1	0	1
ENSG00000132357	1.256	21	24.073	2.08772e-06	5	0	5	0	0	0
ENSG00000112936	0.904	29	43.763	3.3870175e-06	2	0	2	0	0	0
ENSG00000171495	0.95	69	88.758	7.75994e-06	2	0	2	1	0	1
ENSG00000039537	0.993	40	52.453	4.80859e-06	7	0	7	0	0	0
ENSG00000205765	1.086	11	16.761	1.6078995e-06	1	0	1	1	0	1
ENSG00000177453	1.448	18	18.416	2.128255e-06	1	0	1	0	0	0
ENSG00000170571	1.486	17	17.132	1.31345125e-06	1	0	1	0	0	0
ENSG00000248789	1.742	1	2.0127	1.4147385e-07	1	0	1	0	0	0
ENSG00000145536	0.431	19	64.702	5.586125e-06	1	0	1	1	0	1
ENSG00000164171	0.594	29	66.611	5.9903025e-06	1	0	1	0	0	0
ENSG00000178996	0.334	1	14.216	1.029924e-06	1	0	1	0	0	0
ENSG00000113088	0.963	5	10.912	1.019405e-06	1	1	0	0	0	0
ENSG00000145649	1.604	9	9.6129	7.8616125e-07	1	0	1	0	0	0
ENSG00000164287	1.063	20	27.329	2.0711375e-06	3	0	3	0	0	0
ENSG00000234602	0.865	5	12.155	8.8314375e-07	1	0	1	0	0	0
ENSG00000169067	1.946	19	11.679	1.3802335e-06	1	0	1	0	0	0
ENSG00000164182	1.601	9	9.6335	7.9905875e-07	1	0	1	0	0	0
ENSG00000178394	0.699	3	11.095	1.095182e-06	1	1	0	0	0	0
ENSG00000112877	1.353	29	29.221	2.368785e-06	5	0	5	0	0	0
ENSG00000145642	1.639	4	5.2452	3.7313975e-07	1	0	1	0	0	0
ENSG00000145740	0.459	9	34.238	2.87564e-06	1	0	1	1	0	1
ENSG00000183323	0.924	10	18.367	1.8336225e-06	1	0	1	0	0	0
ENSG00000049860	0.916	20	31.733	2.75906e-06	1	0	1	0	0	0
ENSG00000176928	0.911	7	14.426	1.29938125e-06	1	0	1	0	0	0
ENSG00000145700	0.868	43	63.896	4.5494675e-06	3	0	3	0	0	0
ENSG00000122008	0.866	26	41.644	3.732235e-06	9	0	9	0	0	0
ENSG00000122012	0.613	13	33.7	2.7856925e-06	2	0	2	1	0	1
ENSG00000145703	0.795	56	87.985	7.6281175e-06	3	0	3	0	0	0
ENSG00000171643	1.663	3	4.244	3.6905275e-07	8	0	8	0	0	0
ENSG00000132846	1.909	1	0.80233	5.88796e-08	3	0	3	0	0	0
ENSG00000164253	1.111	24	30.388	2.6191975e-06	2	0	2	0	0	0
ENSG00000132842	0.344	13	60.128	5.22332e-06	1	0	1	1	0	1
ENSG00000124279	1.154	17	22.106	1.840155e-06	1	0	1	0	0	0
ENSG00000132837	1.173	39	43.426	4.0529975e-06	3	0	3	0	0	0
ENSG00000132840	1.64	21	18.329	1.51150325e-06	1	0	1	0	0	0
ENSG00000152409	0.318	8	45.345	4.30609e-06	2	0	2	0	0	0
ENSG00000164309	0.904	101	131.77	1.0652665e-05	6	0	6	4	0	4
ENSG00000177034	1.155	10	14.679	1.25593175e-06	1	1	0	0	0	0
ENSG00000113296	0.922	36	51.569	4.5990475e-06	2	0	2	0	0	0
ENSG00000164300	0.81	13	25.51	2.4888825e-06	1	0	1	1	0	1
ENSG00000039319	0.689	31	60.716	5.2595e-06	3	0	3	0	0	0
ENSG00000152380	1.477	12	13.119	9.29759e-07	1	0	1	0	0	0
ENSG00000189127	1.888	18	12.812	1.04933725e-06	1	0	1	0	0	0
ENSG00000113318	1.158	49	53.7	4.331885e-06	8	0	8	0	0	0
ENSG00000172497	1.087	25	32.131	3.1551975e-06	2	0	2	0	0	0
ENSG00000188818	1.541	22	20.355	1.45237575e-06	1	0	1	0	0	0
ENSG00000134480	0.809	8	17.843	1.55723075e-06	1	0	1	0	0	0
ENSG00000112902	0.483	20	60.109	4.88363e-06	1	0	1	0	0	0
ENSG00000164199	0.516	110	249.56	2.21435e-05	3	0	3	1	0	1
ENSG00000153347	1.139	20	25.506	2.1381375e-06	6	0	6	0	0	0
ENSG00000198677	0.783	62	97.854	7.83431e-06	2	0	2	0	0	0
ENSG00000178015	1.535	8	9.2832	6.798825e-07	1	0	1	0	0	0
ENSG00000145757	1.343	8	10.725	8.6089975e-07	1	0	1	0	0	0
ENSG00000164307	1.132	43	48.995	4.096715e-06	12	0	12	0	0	0
ENSG00000164308	1.238	45	46.608	3.9082775e-06	5	0	5	0	0	0
ENSG00000145721	0.832	7	15.805	1.59588975e-06	1	0	1	0	0	0
ENSG00000058729	0.695	11	26.215	2.0825275e-06	1	0	1	0	0	0
ENSG00000132429	0.902	5	11.652	1.0765225e-06	1	0	1	0	0	0
ENSG00000111846	1.161	9	13.53	1.0944115e-06	1	0	1	0	0	0
ENSG00000164494	1.133	14	19.324	1.439294e-06	2	0	2	0	0	0
ENSG00000025796	0.57	21	53.011	4.6593475e-06	2	1	1	1	0	1
ENSG00000135537	0.964	17	26.442	2.2831925e-06	3	0	3	0	0	0
ENSG00000135587	1.583	25	22.016	1.6969425e-06	1	0	1	0	0	0
ENSG00000112365	0.664	11	27.403	2.65454e-06	2	0	2	0	0	0
ENSG00000155085	0.738	57	96.299	7.5802125e-06	1	1	0	0	0	0
ENSG00000112367	1.24	52	52.814	4.7293625e-06	1	0	1	0	0	0
ENSG00000004809	1.633	29	24.142	2.01268e-06	3	0	3	0	0	0
ENSG00000173214	1.126	10	15.06	1.46065025e-06	1	0	1	0	0	0
ENSG00000009413	0.117	9	134.52	1.28155925e-05	1	1	0	0	0	0
ENSG00000112769	0.73	54	92.778	8.3560725e-06	1	0	1	0	0	0
ENSG00000123500	0.945	10	17.948	1.7274275e-06	6	0	6	1	0	1
ENSG00000189241	1.321	11	13.778	1.27562975e-06	2	0	2	2	0	2
ENSG00000111834	0.939	21	32.195	3.03845e-06	2	0	2	0	0	0
ENSG00000047936	1.108	113	119.2	9.48452e-06	11	1	10	0	0	0
ENSG00000111877	0.872	28	44.017	3.9468025e-06	1	0	1	0	0	0
ENSG00000111879	0.885	43	62.641	5.5899775e-06	2	0	2	1	0	1
ENSG00000095951	0.173	8	83.611	7.75324e-06	1	0	1	1	0	1
ENSG00000146350	0.894	53	74.523	5.888295e-06	1	0	1	0	0	0
ENSG00000186439	1.028	39	49.575	4.05484e-06	4	0	4	0	0	0
ENSG00000164379	0.965	0	3.0604	2.1649375e-07	6	0	6	0	0	0
ENSG00000154269	1.025	41	51.898	4.3588525e-06	5	0	5	0	0	0
ENSG00000112299	1.041	11	17.496	1.231996e-06	1	0	1	0	0	0
ENSG00000146409	1.506	25	23.175	1.7679625e-06	4	0	4	0	0	0
ENSG00000135541	0.95	48	64.287	6.0067175e-06	3	0	3	0	0	0
ENSG00000124523	1.33	16	18.27	2.34031e-06	2	0	2	0	0	0
ENSG00000171408	0.416	6	28.498	2.761405e-06	1	1	0	0	0	0
ENSG00000029363	0.998	28	38.448	4.67392e-06	2	0	2	0	0	0
ENSG00000164485	1.861	21	15.268	1.3726625e-06	3	0	3	0	0	0
ENSG00000027697	0.7	6	16.921	1.340201e-06	1	1	0	0	0	0
ENSG00000203734	1.5	65	53.27	4.5152975e-06	1	0	1	0	0	0
ENSG00000164440	1.106	21	27.347	2.7907175e-06	1	0	1	0	0	0
ENSG00000135577	1.789	11	9.5555	6.711725e-07	1	0	1	0	0	0
ENSG00000189007	1.57	11	11.483	1.0891855e-06	1	0	1	0	0	0
ENSG00000001036	0.902	14	24.261	2.011675e-06	1	0	1	0	0	0
ENSG00000118491	1.618	13	12.624	1.2929325e-06	1	0	1	0	0	0
ENSG00000146414	0.421	29	93.903	9.35655e-06	1	0	1	1	0	1
ENSG00000055211	1.35	14	16.21	1.398625e-06	1	1	0	0	0	0
ENSG00000186625	0.574	5	18.329	3.2496675e-06	1	0	1	0	0	0
ENSG00000120256	0.744	7	17.668	1.7341275e-06	1	0	1	0	0	0
ENSG00000164520	1.692	10	9.706	8.3895725e-07	1	0	1	0	0	0
ENSG00000120262	1.35	35	34.377	3.1652475e-06	6	0	6	2	0	2
ENSG00000171217	1.895	3	2.5668	1.7920825e-07	2	0	2	0	0	0
ENSG00000029639	1.4	15	16.482	1.6805275e-06	1	0	1	0	0	0
ENSG00000074771	1.05	26	34.351	2.9823375e-06	4	0	4	1	0	1
ENSG00000078269	0.691	32	62.18	5.0094225e-06	1	0	1	0	0	0
ENSG00000146433	0.521	10	32.577	2.579835e-06	2	0	2	0	0	0
ENSG00000164694	0.589	32	72.955	6.68727e-06	4	0	4	0	0	0
ENSG00000175003	1.751	29	22.301	1.87131e-06	1	0	1	0	0	0
ENSG00000198670	1.524	118	90.196	9.40747e-06	5	0	5	0	0	0
ENSG00000026652	0.534	6	22.195	2.1723075e-06	1	0	1	0	0	0
ENSG00000124788	0.316	3	24.572	1.953385e-06	3	0	3	0	0	0
ENSG00000112539	1.67	27	22.17	1.876335e-06	1	0	1	0	0	0
ENSG00000112494	1.686	21	17.754	1.27063825e-06	1	0	1	0	0	0
ENSG00000120440	1.872	3	2.8462	2.0225625e-07	2	0	2	0	0	0
ENSG00000130023	0.996	25	35.073	3.337605e-06	1	0	1	0	0	0
ENSG00000112183	1.151	3	6.7183	6.08628e-07	3	0	3	0	0	0
ENSG00000137364	1.15	10	14.753	1.04587e-06	2	0	2	0	0	0
ENSG00000137393	1.261	16	19.277	1.94635e-06	1	0	1	0	0	0
ENSG00000152954	1.754	2	2.8914	7.19647e-07	1	0	1	0	0	0
ENSG00000124532	1.071	2	5.862	2.2379675e-06	4	0	4	0	0	0
ENSG00000112293	0.833	32	51.589	4.51647e-06	1	0	1	0	0	0
ENSG00000112294	0.937	14	23.361	1.9481925e-06	1	0	1	0	0	0
ENSG00000137261	0.993	37	49.005	4.0385925e-06	1	0	1	0	0	0
ENSG00000146047	1.869	1	1.2377	8.2662925e-08	1	0	1	0	0	0
ENSG00000196866	1.947	6	3.5086	2.62238e-07	2	0	2	0	0	0
ENSG00000124508	1.249	15	18.484	2.2915675e-06	3	0	3	0	0	0
ENSG00000111801	1.667	25	20.814	2.0476875e-06	1	0	1	0	0	0
ENSG00000124557	1.085	15	21.294	1.642438e-06	2	0	2	0	0	0
ENSG00000112812	0.814	15	28.371	2.5307575e-06	1	0	1	0	0	0
ENSG00000124657	1.187	5	8.8477	9.636275e-07	3	1	2	0	0	0
ENSG00000196812	1.459	11	12.433	8.75355e-07	1	0	1	0	0	0
ENSG00000187626	0.772	10	21.972	1.7371425e-06	2	0	2	0	0	0
ENSG00000189134	0.949	9	16.553	1.9438375e-06	2	0	2	0	0	0
ENSG00000137338	0.895	20	32.472	2.8743e-06	3	0	3	0	0	0
ENSG00000235109	1.151	14	19.02	2.215355e-06	1	0	1	0	0	0
ENSG00000189298	1.191	19	23.407	2.2808475e-06	1	0	1	0	0	0
ENSG00000224586	1.336	6	8.8292	6.193145e-07	1	0	1	0	0	0
ENSG00000232040	0.671	22	46.845	4.16204e-06	2	0	2	0	0	0
ENSG00000170542	0.879	5	11.965	8.45674e-07	2	0	2	0	0	0
ENSG00000197935	0.913	17	27.927	2.9337625e-06	4	0	4	0	0	0
ENSG00000204702	1.415	3	5.3655	5.2646925e-07	3	0	3	0	0	0
ENSG00000204681	0.203	4	45.013	4.68062e-06	1	0	1	0	0	0
ENSG00000124588	1.48	10	11.399	9.1991e-07	1	0	1	1	0	1
ENSG00000204618	1.191	9	13.188	1.1070075e-06	1	0	1	0	0	0
ENSG00000204616	1.043	11	17.465	1.2368535e-06	8	0	8	0	0	0
ENSG00000204574	0.612	25	57.039	5.2985275e-06	1	0	1	0	0	0
ENSG00000213780	0.811	15	28.481	2.555045e-06	1	0	1	0	0	0
ENSG00000204542	1.222	4	7.4685	7.06046e-07	1	0	1	0	0	0
ENSG00000204525	1.017	12	19.119	1.38849125e-06	5	0	5	0	0	0
ENSG00000137274	1.566	11	11.513	1.2083115e-06	3	0	3	0	0	0
ENSG00000204390	1.233	11	14.765	1.474737e-06	1	0	1	0	0	0
ENSG00000204389	1.291	3	5.9504	4.22837e-07	3	0	3	0	0	0
ENSG00000204388	1.478	4	6.0559	4.303075e-07	4	0	4	0	0	0
ENSG00000204301	0.742	51	86.75	7.23265e-06	1	0	1	0	0	0
ENSG00000198502	1.849	9	7.4844	6.3460725e-07	3	0	3	0	0	0
ENSG00000196126	1.156	6	10.241	7.76128e-07	1	0	1	0	0	0
ENSG00000204267	0.769	17	33.147	3.42571e-06	1	0	1	0	0	0
ENSG00000204252	1.85	13	10.203	7.3105375e-07	1	0	1	0	0	0
ENSG00000231925	1.183	15	19.525	1.751045e-06	1	0	1	0	0	0
ENSG00000096433	0.569	59	128.76	1.03499925e-05	1	0	1	0	0	0
ENSG00000161896	1.215	12	16.005	1.1369565e-06	2	0	2	0	0	0
ENSG00000124493	0.511	10	33.225	3.248495e-06	1	0	1	0	0	0
ENSG00000112062	0.475	5	22.144	1.8868875e-06	1	0	1	1	0	1
ENSG00000156711	1.112	19	25.06	2.445165e-06	1	0	1	0	0	0
ENSG00000137409	0.439	4	20.856	1.9314425e-06	1	0	1	0	0	0
ENSG00000124767	1.464	10	11.534	1.251627e-06	1	0	1	0	0	0
ENSG00000124721	0.659	139	242.69	2.0131825e-05	3	0	3	0	0	0
ENSG00000112167	1.651	7	7.6746	7.20518e-07	2	0	2	0	0	0
ENSG00000124780	1.474	9	10.591	9.054715e-07	1	0	1	0	0	0
ENSG00000164627	1.105	45	52.227	4.965035e-06	1	0	1	0	0	0
ENSG00000156564	0.714	6	16.597	1.4418065e-06	1	0	1	1	0	1
ENSG00000145975	1.093	16	22.227	2.0440025e-06	1	0	1	0	0	0
ENSG00000124602	1.287	21	23.489	1.90682e-06	1	0	1	0	0	0
ENSG00000112195	1.717	13	11.705	1.12196525e-06	1	0	1	0	0	0
ENSG00000124731	1.024	5	10.27	1.01697625e-06	1	0	1	0	0	0
ENSG00000112559	0.734	2	8.5785	6.2043675e-07	1	0	1	0	0	0
ENSG00000137218	0.464	4	19.73	2.0939175e-06	1	0	1	1	0	1
ENSG00000188112	0.842	14	25.991	2.5327675e-06	1	0	1	0	0	0
ENSG00000112599	1.242	7	10.576	1.06498175e-06	1	0	1	0	0	0
ENSG00000124541	1.622	19	17.085	1.8121825e-06	2	0	2	0	0	0
ENSG00000044090	0.708	44	79.876	7.7014825e-06	1	0	1	0	0	0
ENSG00000112651	1.294	10	13.099	2.259575e-06	1	0	1	0	0	0
ENSG00000112659	0.28	25	124.64	1.137124e-05	2	0	2	0	0	0
ENSG00000124574	0.978	51	65.818	6.400845e-06	1	0	1	0	0	0
ENSG00000137221	0.931	11	19.557	1.9408225e-06	1	0	1	0	0	0
ENSG00000181577	1.757	5	5.3737	3.7973925e-07	4	0	4	0	0	0
ENSG00000137225	1.151	39	44.268	3.448155e-06	2	0	2	0	0	0
ENSG00000146232	0.43	3	18.025	1.322513e-06	6	0	6	0	0	0
ENSG00000001561	0.66	4	13.861	1.082988e-06	1	0	1	0	0	0
ENSG00000146233	1.376	24	24.522	1.8761675e-06	1	0	1	0	0	0
ENSG00000180113	1.216	68	68.425	5.580765e-06	6	0	6	1	0	1
ENSG00000153292	1.375	26	26.236	2.93795e-06	2	0	2	0	0	0
ENSG00000153294	1.224	23	26.619	2.2617525e-06	1	0	1	0	0	0
ENSG00000031691	1.349	12	14.403	1.18440925e-06	3	0	3	0	0	0
ENSG00000203972	1.399	12	13.88	1.5318545e-06	1	0	1	0	0	0
ENSG00000170950	1.608	8	8.7729	9.214175e-07	1	0	1	0	0	0
ENSG00000214642	1.888	1	1.0556	7.4894275e-08	1	0	1	0	0	0
ENSG00000203970	1.918	2	1.4515	1.0243295e-07	1	0	1	1	0	1
ENSG00000170927	0.681	107	184.4	1.6610975e-05	4	0	4	0	0	0
ENSG00000096093	1.205	28	31.848	3.3165e-06	1	1	0	0	0	0
ENSG00000244067	1.677	10	9.829	6.88559e-07	1	0	1	0	0	0
ENSG00000243955	1.633	9	9.3947	6.559635e-07	1	0	1	0	0	0
ENSG00000112144	0.613	15	37.686	4.154e-06	1	0	1	0	0	0
ENSG00000137251	1.419	36	33.494	3.2696e-06	4	0	4	0	0	0
ENSG00000168143	0.68	19	41.008	4.5390825e-06	1	0	1	0	0	0
ENSG00000124749	1.005	43	55.146	4.9829575e-06	2	0	2	0	0	0
ENSG00000151914	0.18	38	277.36	2.4523675e-05	1	0	1	0	0	0
ENSG00000168116	1.122	19	24.838	2.104135e-06	11	0	11	0	0	0
ENSG00000112200	0.762	24	44.3	4.3689025e-06	1	0	1	0	0	0
ENSG00000188107	1.207	21	25.047	9.5235475e-06	1	0	1	0	0	0
ENSG00000168216	1.026	21	29.488	2.747e-06	1	0	1	0	0	0
ENSG00000164430	1.293	14	16.918	1.35897775e-06	2	0	2	0	0	0
ENSG00000119899	1.044	18	25.578	1.9820275e-06	1	0	1	0	0	0
ENSG00000164304	0.978	19	28.519	2.749345e-06	4	0	4	0	0	0
ENSG00000111799	0.282	33	156.71	1.43699925e-05	1	0	1	1	0	1
ENSG00000196586	0.389	21	77.71	8.0317925e-06	1	0	1	0	0	0
ENSG00000112706	1.354	43	40.961	3.7732725e-06	1	0	1	0	0	0
ENSG00000239264	1.235	21	24.494	2.3632575e-06	1	0	1	0	0	0
ENSG00000198478	1.909	9	6.5326	6.05881e-07	1	1	0	0	0	0
ENSG00000083097	0.255	20	113.81	1.10595225e-05	1	0	1	1	0	1
ENSG00000135315	0.938	44	60.282	4.7544875e-06	2	0	2	0	0	0
ENSG00000135317	0.827	35	56.086	4.5173075e-06	1	0	1	1	0	1
ENSG00000111850	1.879	3	2.7665	1.90883e-07	2	0	2	0	0	0
ENSG00000146282	0.923	27	40.332	3.4195125e-06	1	0	1	0	0	0
ENSG00000135336	0.707	22	44.433	3.9109575e-06	1	0	1	0	0	0
ENSG00000146281	0.992	9	15.825	1.11429375e-06	1	0	1	0	0	0
ENSG00000111886	0.893	11	20.387	1.58537075e-06	2	0	2	0	0	0
ENSG00000135355	1.419	15	16.263	1.5366785e-06	1	0	1	0	0	0
ENSG00000112234	0.918	17	27.785	2.6660975e-06	1	0	1	0	0	0
ENSG00000132423	1.344	13	15.375	1.08528275e-06	1	0	1	0	0	0
ENSG00000123552	1.057	31	39.594	3.27965e-06	7	0	7	1	0	1
ENSG00000166508	1.279	37	38.052	3.5270475e-06	1	0	1	0	0	0
ENSG00000166997	1.764	18	14.709	1.435609e-06	3	0	3	0	0	0
ENSG00000066923	0.606	33	72.813	6.341215e-06	2	0	2	0	0	0
ENSG00000214300	1.058	8	13.644	1.11218325e-06	1	0	1	0	0	0
ENSG00000185955	1.038	4	8.8122	7.714715e-07	1	0	1	1	0	1
ENSG00000077454	0.676	16	35.954	3.2510075e-06	1	1	0	0	0	0
ENSG00000146830	0.484	22	64.904	6.095995e-06	1	0	1	0	0	0
ENSG00000130427	0.896	5	11.729	1.2712245e-06	2	0	2	0	0	0
ENSG00000205277	1.485	90	72.219	5.7062225e-06	13	1	12	0	0	0
ENSG00000169876	1.487	85	68.48	5.23404e-06	8	0	8	0	0	0
ENSG00000106436	1.024	5	10.263	7.249735e-07	1	0	1	0	0	0
ENSG00000170667	1.498	3	4.9953	3.7051e-07	2	0	2	0	0	0
ENSG00000105808	1.196	2	5.2253	3.70108e-07	3	0	3	0	0	0
ENSG00000222011	0.801	5	13.121	1.098465e-06	1	0	1	0	0	0
ENSG00000170615	0.724	18	36.866	3.206285e-06	1	0	1	0	0	0
ENSG00000128536	1.273	37	38.242	3.4399475e-06	4	0	4	0	0	0
ENSG00000105851	0.595	18	44.893	3.6238625e-06	1	0	1	0	0	0
ENSG00000091136	0.64	53	104.14	1.033542e-05	1	0	1	0	0	0
ENSG00000091128	1.008	73	87.95	7.4308025e-06	3	0	3	0	0	0
ENSG00000128512	0.299	25	116.91	1.07523275e-05	1	0	1	0	0	0
ENSG00000181016	1.821	5	4.8726	5.0305275e-07	1	0	1	0	0	0
ENSG00000154415	1.006	29	39.315	3.57981e-06	1	0	1	0	0	0
ENSG00000128573	0.199	5	52.824	4.948285e-06	1	0	1	1	0	1
ENSG00000105974	1.31	4	6.943	5.008585e-07	1	0	1	0	0	0
ENSG00000154438	0.961	17	26.521	2.12859e-06	1	0	1	0	0	0
ENSG00000001626	1.307	84	77.046	6.762645e-06	4	0	4	0	0	0
ENSG00000077063	0.602	30	67.561	5.5799275e-06	1	0	1	0	0	0
ENSG00000106034	0.998	44	56.675	4.78179e-06	2	0	2	0	0	0
ENSG00000081800	1.224	28	31.366	2.6047925e-06	3	0	3	0	0	0
ENSG00000164675	0.993	27	37.504	2.827065e-06	2	0	2	0	0	0
ENSG00000146530	1.117	65	71.551	5.90002e-06	8	0	8	1	0	1
ENSG00000146809	1.286	24	26.251	2.3964225e-06	1	0	1	0	0	0
ENSG00000106302	1.692	23	19.083	1.7401575e-06	3	0	3	0	0	0
ENSG00000128513	0.362	6	32.717	2.45488e-06	1	0	1	0	0	0
ENSG00000006747	1.657	48	36.797	2.8942325e-06	1	0	1	0	0	0
ENSG00000106344	0.815	25	42.824	3.9468025e-06	1	0	1	0	0	0
ENSG00000106348	0.705	14	31.034	2.890715e-06	1	0	1	0	0	0
ENSG00000165055	1.181	16	20.577	1.747025e-06	1	0	1	0	0	0
ENSG00000135248	1.182	13	17.489	1.38735225e-06	1	0	1	0	0	0
ENSG00000128578	0.882	31	47.444	4.1159775e-06	2	0	2	0	0	0
ENSG00000240204	1.6	0	1.3754	9.67882e-08	1	0	1	0	0	0
ENSG00000165120	1.943	17	10.613	9.2572225e-07	1	0	1	0	0	0
ENSG00000158516	1.399	23	23.281	1.91285e-06	1	0	1	0	0	0
ENSG00000091704	1.273	18	20.972	1.7887325e-06	1	0	1	0	0	0
ENSG00000213265	1.563	14	13.918	1.12297025e-06	8	0	8	0	0	0
ENSG00000128567	0.657	8	21.964	2.260245e-06	1	0	1	0	0	0
ENSG00000155530	0.939	30	43.32	3.60393e-06	1	0	1	0	0	0
ENSG00000205060	0.963	10	17.623	1.57785e-06	1	1	0	0	0	0
ENSG00000198074	1.307	14	16.737	1.18199725e-06	1	0	1	0	0	0
ENSG00000227471	1.897	25	17.023	1.21961775e-06	1	0	1	0	0	0
ENSG00000155561	0.232	18	114.83	1.03201775e-05	1	0	1	0	0	0
ENSG00000122787	1.127	13	18.336	1.59140075e-06	1	0	1	0	0	0
ENSG00000105929	1.004	37	48.469	4.89234e-06	2	0	2	0	0	0
ENSG00000188883	1.731	16	13.698	1.0911285e-06	2	0	2	0	0	0
ENSG00000059378	0.768	17	33.215	2.7602325e-06	1	0	1	0	0	0
ENSG00000133597	0.92	14	23.8	2.085375e-06	1	0	1	0	0	0
ENSG00000257093	0.851	9	18.445	1.76411e-06	1	0	1	0	0	0
ENSG00000257335	0.808	107	155.54	8.67315e-06	7	0	7	0	0	0
ENSG00000257743	0.445	30	91.461	1.86193e-06	1	0	1	0	0	0
ENSG00000197993	1.092	36	43.53	4.4429375e-06	1	0	1	0	0	0
ENSG00000179468	1.517	6	7.6716	6.83802e-07	1	0	1	1	0	1
ENSG00000236398	1.928	9	6.0849	4.2905125e-07	1	0	1	0	0	0
ENSG00000221937	1.312	3	5.8477	5.6757375e-07	4	0	4	0	0	0
ENSG00000146904	1.045	41	50.926	5.10741e-06	2	0	2	0	0	0
ENSG00000164877	1.373	38	36.281	2.9873625e-06	2	0	2	0	0	0
ENSG00000170379	1.921	10	6.9146	5.85915e-07	2	0	2	0	0	0
ENSG00000221938	1.707	6	6.5065	6.1641675e-07	2	0	2	0	0	0
ENSG00000050327	0.983	26	36.684	3.65552e-06	5	0	5	0	0	0
ENSG00000155660	0.509	7	25.812	1.9960975e-06	1	0	1	0	0	0
ENSG00000197362	1.109	15	20.829	2.1485225e-06	3	0	3	0	0	0
ENSG00000181444	1.266	15	18.236	1.38349975e-06	1	0	1	0	0	0
ENSG00000171130	1.189	1	3.9244	2.863245e-07	3	0	3	0	0	0
ENSG00000196456	0.827	8	17.452	1.51686325e-06	1	0	1	0	0	0
ENSG00000171115	0.986	9	15.933	1.27690275e-06	1	0	1	0	0	0
ENSG00000133574	1.957	3	1.1053	7.878195e-08	1	0	1	0	0	0
ENSG00000106560	1.691	0	1.1056	7.88054e-08	1	0	1	0	0	0
ENSG00000213199	0.828	15	27.91	2.8006e-06	2	0	2	0	0	0
ENSG00000146926	1.686	15	13.458	1.53180425e-06	4	0	4	0	0	0
ENSG00000033100	1.199	28	32.007	4.1464625e-06	7	0	7	0	0	0
ENSG00000082014	0.466	5	22.565	1.68103e-06	1	1	0	0	0	0
ENSG00000127377	1.84	9	7.5888	8.1678025e-07	2	0	2	0	0	0
ENSG00000106648	1.634	22	19.12	1.563512e-06	2	0	2	0	0	0
ENSG00000130226	0.399	12	48.756	3.89136e-06	1	0	1	1	0	1
ENSG00000105982	1.561	20	18.571	1.80297e-06	4	0	4	0	0	0
ENSG00000146909	0.903	20	32.174	2.4634225e-06	1	0	1	1	0	1
ENSG00000009335	0.183	5	57.378	5.2971875e-06	1	0	1	1	0	1
ENSG00000205858	1.295	10	13.091	1.39194175e-06	3	0	3	0	0	0
ENSG00000106524	0.924	12	21.032	2.004305e-06	2	0	2	0	0	0
ENSG00000105849	0.54	2	11.656	8.2678e-07	1	0	1	0	0	0
ENSG00000105889	1.277	9	12.293	1.0166245e-06	2	0	2	0	0	0
ENSG00000136243	1.284	14	17.039	1.20192975e-06	2	0	2	0	0	0
ENSG00000136235	1.613	34	28.029	2.6888775e-06	3	0	3	0	0	0
ENSG00000164548	0.591	8	24.408	3.5099625e-06	5	0	5	0	0	0
ENSG00000105928	1.125	16	21.594	1.84786e-06	3	0	3	0	0	0
ENSG00000153790	1.016	20	28.601	2.6590625e-06	4	0	4	0	0	0
ENSG00000106012	1.516	46	38.791	3.772435e-06	3	0	3	0	0	0
ENSG00000050344	1.314	17	19.397	1.5457905e-06	6	0	6	0	0	0
ENSG00000174945	1.939	28	17.392	1.394471e-06	1	0	1	0	0	0
ENSG00000146592	0.48	6	24.675	1.90816e-06	1	0	1	0	0	0
ENSG00000106066	1.072	20	27.119	2.1656075e-06	6	0	6	0	0	0
ENSG00000122574	0.799	6	14.831	1.615236e-06	1	0	1	1	0	1
ENSG00000106080	1.655	9	9.2303	7.711365e-07	8	0	8	0	0	0
ENSG00000106100	1.165	30	34.921	2.6532e-06	3	0	3	0	0	0
ENSG00000241644	1.651	4	5.1808	3.6721025e-07	1	0	1	0	0	0
ENSG00000180347	1.299	36	36.592	4.016315e-06	3	0	3	0	0	0
ENSG00000122642	0.815	12	23.864	1.9810225e-06	1	0	1	1	0	1
ENSG00000164610	0.803	5	13.094	1.4123935e-06	1	0	1	1	0	1
ENSG00000122507	0.842	35	55.14	5.4586575e-06	3	0	3	0	0	0
ENSG00000164619	0.663	17	38.454	3.3642375e-06	1	1	0	0	0	0
ENSG00000187258	1.164	16	20.876	2.059915e-06	1	0	1	1	0	1
ENSG00000205745	1.883	1	1.1077	7.86647e-08	4	0	4	0	0	0
ENSG00000122547	0.581	6	20.399	1.8751625e-06	4	0	4	0	0	0
ENSG00000086288	1.339	41	39.723	4.122175e-06	6	0	6	0	0	0
ENSG00000006715	0.84	37	57.936	5.22667e-06	2	0	2	0	0	0
ENSG00000106536	0.557	11	32.71	2.77112e-06	7	0	7	3	0	3
ENSG00000241127	1.082	6	10.939	1.09613675e-06	1	0	1	0	0	0
ENSG00000168303	1.665	6	6.7747	4.9102625e-07	1	0	1	1	0	1
ENSG00000146555	0.373	28	102.95	8.3560725e-06	1	0	1	0	0	0
ENSG00000106591	1.448	7	9.0119	8.1091775e-07	1	0	1	0	0	0
ENSG00000106603	1.285	4	7.0831	4.9933425e-07	1	0	1	0	0	0
ENSG00000106605	0.922	8	15.654	1.57823525e-06	1	0	1	0	0	0
ENSG00000122678	1.104	19	25.245	2.261585e-06	1	0	1	0	0	0
ENSG00000015520	0.936	39	54.439	5.167375e-06	2	0	2	1	0	1
ENSG00000122515	0.227	4	40.355	3.6238625e-06	1	0	1	0	0	0
ENSG00000221845	1.856	3	3.0146	2.1394775e-07	1	0	1	0	0	0
ENSG00000158683	0.732	88	143.53	1.2417445e-05	7	0	7	7	0	7
ENSG00000157927	1.212	36	39.214	3.101095e-06	2	0	2	0	0	0
ENSG00000164746	1.576	17	16.106	1.44731725e-06	2	1	1	0	0	0
ENSG00000183696	1.118	7	11.76	8.302305e-07	3	0	3	0	0	0
ENSG00000179869	1.035	183	199.93	1.62255575e-05	2	0	2	0	0	0
ENSG00000132436	0.787	10	21.54	2.037805e-06	2	0	2	0	0	0
ENSG00000146587	0.918	17	27.779	2.19961e-06	1	0	1	0	0	0
ENSG00000164638	0.922	11	19.746	1.51746625e-06	1	0	1	0	0	0
ENSG00000182095	0.287	16	84.66	6.7631475e-06	2	0	2	0	0	0
ENSG00000154997	0.983	11	18.522	1.5914845e-06	1	0	1	0	0	0
ENSG00000185290	1.941	4	2.3754	1.7157025e-07	1	0	1	0	0	0
ENSG00000185177	1.788	6	5.9133	5.054815e-07	1	0	1	0	0	0
ENSG00000155026	0.882	12	22.033	1.680695e-06	1	0	1	0	0	0
ENSG00000164535	0.995	23	32.747	2.4991e-06	1	0	1	1	0	1
ENSG00000234444	1.843	5	4.6661	3.3062825e-07	1	0	1	0	0	0
ENSG00000197008	1.476	3	5.0918	2.2905625e-07	11	0	11	0	0	0
ENSG00000152926	1.717	0	1.0193	7.27821e-08	1	0	1	0	0	0
ENSG00000126522	0.936	19	29.79	2.819695e-06	1	0	1	0	0	0
ENSG00000126524	1.225	8	11.773	1.143355e-06	3	0	3	0	0	0
ENSG00000169402	0.596	7	22.074	1.6801925e-06	1	0	1	0	0	0
ENSG00000185274	0.487	7	27.005	1.9190475e-06	2	1	1	1	1	0
ENSG00000183166	0.725	5	14.499	1.466697e-06	1	0	1	0	0	0
ENSG00000155428	1.273	4	7.1573	5.15632e-07	2	0	2	0	0	0
ENSG00000130305	1.233	17	20.673	2.278335e-06	1	0	1	0	0	0
ENSG00000146755	1.254	17	20.333	1.920555e-06	3	2	1	0	0	0
ENSG00000077800	1.031	12	18.858	1.85322e-06	2	0	2	0	0	0
ENSG00000106077	0.941	6	12.58	1.06273725e-06	1	0	1	0	0	0
ENSG00000006606	1.754	3	3.7588	4.332555e-07	1	0	1	1	0	1
ENSG00000005486	0.529	2	11.901	9.943135e-07	1	0	1	1	0	1
ENSG00000146700	1.183	20	24.562	2.26393e-06	1	0	1	0	0	0
ENSG00000243566	1.082	5	9.7101	1.0193715e-06	1	0	1	0	0	0
ENSG00000135205	1.072	45	53.819	5.0563225e-06	5	0	5	1	0	1
ENSG00000006576	0.572	16	42.518	3.6717675e-06	2	1	1	1	0	1
ENSG00000187391	0.257	9	61.223	5.7661875e-06	1	0	1	1	0	1
ENSG00000135218	1.995	66	23.431	1.65558675e-06	15	0	15	0	0	0
ENSG00000153993	0.657	20	44.206	4.146295e-06	1	0	1	1	0	1
ENSG00000198822	0.376	6	31.463	2.8295775e-06	1	0	1	0	0	0
ENSG00000135164	0.317	7	41.453	3.922515e-06	1	1	0	0	0	0
ENSG00000005469	1.197	39	42.573	4.5973725e-06	10	0	10	1	0	1
ENSG00000075303	1.035	13	19.96	1.62603975e-06	1	0	1	0	0	0
ENSG00000008277	0.363	14	60.358	5.2727325e-06	1	1	0	0	0	0
ENSG00000127989	1.261	11	14.433	1.7012975e-06	1	0	1	0	0	0
ENSG00000240720	1.815	3	3.3543	1.74535e-06	2	0	2	0	0	0
ENSG00000127980	0.664	35	69.833	6.371365e-06	6	0	6	0	0	0
ENSG00000205413	1.243	51	51.808	4.8191425e-06	4	0	4	0	0	0
ENSG00000177409	0.783	32	54.899	4.9675475e-06	2	0	2	1	0	1
ENSG00000105825	1.223	6	9.6724	6.8197625e-07	1	0	1	0	0	0
ENSG00000127995	0.435	11	41.875	3.18518e-06	1	0	1	0	0	0
ENSG00000005421	1.29	17	19.773	1.9706375e-06	1	0	1	0	0	0
ENSG00000105854	1.027	9	15.286	1.18809425e-06	1	0	1	0	0	0
ENSG00000004864	1.214	37	40.107	4.0931975e-06	7	0	7	0	0	0
ENSG00000196636	1.853	3	3.0342	3.4503325e-07	1	0	1	0	0	0
ENSG00000135175	1.386	3	5.4956	3.87997e-07	2	0	2	0	0	0
ENSG00000073067	1.099	13	18.803	1.62597275e-06	1	0	1	0	0	0
ENSG00000106246	1.115	20	26.058	2.72154e-06	1	0	1	0	0	0
ENSG00000198556	1.221	12	15.917	1.4105175e-06	2	0	2	0	0	0
ENSG00000221909	1.171	11	15.545	1.5171145e-06	6	0	6	0	0	0
ENSG00000106258	1.387	25	25.179	2.0306025e-06	4	0	4	0	0	0
ENSG00000160868	1.122	19	24.848	2.065275e-06	1	0	1	0	0	0
ENSG00000021461	1.112	20	26.135	2.268285e-06	4	1	3	0	0	0
ENSG00000244623	1.723	3	3.9363	2.772795e-07	1	0	1	0	0	0
ENSG00000146833	1.377	16	17.638	1.68103e-06	3	0	3	0	0	0
ENSG00000176402	1.348	6	8.7463	7.786405e-07	2	1	1	0	0	0
ENSG00000132554	0.956	56	73.208	5.87925e-06	11	0	11	1	0	1
ENSG00000156509	0.809	12	24.029	1.8141925e-06	1	0	1	0	0	0
ENSG00000104450	0.761	21	39.728	3.08669e-06	1	0	1	0	0	0
ENSG00000174226	1.095	23	29.747	2.36979e-06	6	0	6	0	0	0
ENSG00000164932	1.399	8	10.282	8.09561e-07	1	0	1	0	0	0
ENSG00000164933	1.319	14	16.589	1.310788e-06	1	0	1	0	0	0
ENSG00000164935	1.156	11	15.755	1.43515675e-06	1	0	1	0	0	0
ENSG00000147647	1.169	19	23.852	2.412335e-06	5	0	5	0	0	0
ENSG00000184647	1.88	14	10.387	7.4123775e-07	3	0	3	0	0	0
ENSG00000183638	1.954	12	6.9909	6.38443e-07	5	0	5	0	0	0
ENSG00000171060	1.943	14	8.7257	6.22698e-07	5	0	5	0	0	0
ENSG00000104412	0.67	8	21.56	1.7679625e-06	1	0	1	0	0	0
ENSG00000205038	1.057	174	186.63	1.6070285e-05	19	0	19	4	0	4
ENSG00000104447	0.114	1	41.609	3.92151e-06	1	1	0	0	0	0
ENSG00000205002	1.103	1	4.2612	3.210975e-07	4	0	4	0	0	0
ENSG00000164756	1.549	14	14.057	1.32185975e-06	1	0	1	0	0	0
ENSG00000136574	0.527	3	14.709	1.355946e-06	1	0	1	0	0	0
ENSG00000154328	1.736	15	12.942	1.04391025e-06	1	0	1	0	0	0
ENSG00000079459	1.575	21	19.14	1.50024725e-06	1	0	1	1	0	1
ENSG00000184374	0.965	6	12.275	9.7503425e-07	1	0	1	1	0	1
ENSG00000205883	1.98	6	1.0305	7.3510725e-08	1	0	1	0	0	0
ENSG00000172167	0.966	36	49.217	4.03943e-06	1	0	1	0	0	0
ENSG00000189376	1.611	20	17.953	1.6032095e-06	1	0	1	0	0	0
ENSG00000175946	1.245	14	17.579	1.3937005e-06	1	0	1	0	0	0
ENSG00000147687	1.584	22	19.77	1.63346e-06	2	0	2	0	0	0
ENSG00000147684	1.044	8	13.821	1.44580975e-06	1	0	1	0	0	0
ENSG00000173334	0.462	1	10.276	1.04886825e-06	1	0	1	0	0	0
ENSG00000154359	0.391	7	33.63	2.7689425e-06	1	1	0	0	0	0
ENSG00000165071	1.446	16	16.786	1.47937675e-06	6	0	6	0	0	0
ENSG00000042832	0.896	110	143.87	1.3679725e-05	2	0	2	0	0	0
ENSG00000164743	1.651	6	6.8612	4.7417575e-07	2	0	2	0	0	0
ENSG00000169436	0.922	83	108.05	9.8190175e-06	3	0	3	1	0	1
ENSG00000169398	0.243	10	69.669	6.2985025e-06	1	1	0	0	0	0
ENSG00000167653	1.663	1	2.3337	1.64925525e-07	2	0	2	0	0	0
ENSG00000126233	1.306	1	3.5133	2.547005e-07	5	0	5	0	0	0
ENSG00000160882	0.955	13	21.641	1.8962675e-06	1	0	1	0	0	0
ENSG00000250571	0.984	6	12.033	8.705645e-07	1	0	1	0	0	0
ENSG00000184428	1.68	45	34.269	3.306785e-06	4	0	4	1	0	1
ENSG00000158106	1.114	22	28.201	2.3163575e-06	2	0	2	0	0	0
ENSG00000204839	1.354	27	27.503	2.3897225e-06	1	1	0	0	0	0
ENSG00000183309	1.243	10	13.647	1.148045e-06	1	0	1	0	0	0
ENSG00000181085	1.506	30	27.005	2.626065e-06	3	0	3	0	0	0
ENSG00000180900	0.319	14	68.614	5.5856225e-06	2	0	2	2	0	2
ENSG00000178209	0.392	55	175.86	1.47579225e-05	2	0	2	2	0	2
ENSG00000186583	1.246	15	18.537	2.0282575e-06	6	0	6	0	0	0
ENSG00000179091	0.639	4	14.318	1.32514275e-06	1	0	1	1	0	1
ENSG00000179698	0.862	47	69.516	5.88528e-06	3	0	3	0	0	0
ENSG00000173137	0.588	9	26.72	2.189895e-06	1	0	1	0	0	0
ENSG00000147804	0.633	8	22.818	1.763775e-06	1	0	1	0	0	0
ENSG00000160972	0.647	8	22.326	2.1059775e-06	3	0	3	0	0	0
ENSG00000198169	1.354	19	20.587	2.068625e-06	4	0	4	0	0	0
ENSG00000170619	1.813	7	6.4392	7.5520725e-07	1	0	1	0	0	0
ENSG00000129422	0.695	26	51.88	4.337915e-06	1	0	1	0	0	0
ENSG00000078674	0.577	43	96.149	7.964625e-06	1	0	1	0	0	0
ENSG00000036565	1.69	28	22.57	2.070635e-06	2	0	2	1	0	1
ENSG00000036448	1.484	114	89.751	8.5403225e-06	2	1	1	0	0	0
ENSG00000147443	1.071	10	15.844	1.38185825e-06	2	0	2	2	0	2
ENSG00000158863	0.775	18	34.458	2.7485075e-06	1	0	1	0	0	0
ENSG00000168453	0.658	25	53.069	5.0335425e-06	2	0	2	1	0	1
ENSG00000134020	1.287	8	11.204	9.6133275e-07	2	0	2	0	0	0
ENSG00000104679	1.335	7	9.8238	6.904685e-07	1	0	1	0	0	0
ENSG00000197217	1.075	29	36.775	4.81462e-06	1	0	1	0	0	0
ENSG00000180053	1.035	4	8.8389	6.8412025e-07	1	0	1	1	0	1
ENSG00000042980	1.162	39	43.831	3.4195125e-06	1	0	1	0	0	0
ENSG00000172748	1.544	19	18.01	1.8252475e-06	1	0	1	0	0	0
ENSG00000147459	0.441	36	107.72	9.610815e-06	2	1	1	1	0	1
ENSG00000184661	1.04	21	29.066	2.370125e-06	1	0	1	0	0	0
ENSG00000221914	0.257	2	24.495	2.445835e-06	1	0	1	0	0	0
ENSG00000120903	1.145	14	19.118	1.42570975e-06	1	0	1	0	0	0
ENSG00000120915	1.315	33	33.549	2.6269025e-06	2	0	2	0	0	0
ENSG00000214050	1.276	13	16.2	1.75138e-06	1	0	1	1	0	1
ENSG00000133872	0.83	7	15.839	1.116354e-06	1	1	0	0	0	0
ENSG00000104687	0.909	13	22.744	1.9093325e-06	1	0	1	0	0	0
ENSG00000133863	0.778	53	85.636	6.975035e-06	5	0	5	0	0	0
ENSG00000165392	0.945	63	82.188	7.127795e-06	4	0	4	0	0	0
ENSG00000215262	0.812	34	55.728	4.8814525e-06	1	0	1	0	0	0
ENSG00000183779	0.713	2	8.836	6.321785e-07	1	0	1	1	0	1
ENSG00000169154	1.278	16	19.018	1.42503975e-06	3	0	3	0	0	0
ENSG00000165046	1.615	26	22.266	2.272975e-06	1	0	1	1	0	1
ENSG00000077782	0.169	2	37.208	3.9183275e-06	1	0	1	0	0	0
ENSG00000197140	0.922	30	44.119	3.546645e-06	1	0	1	1	0	1
ENSG00000168619	1.569	47	38.193	2.706465e-06	3	0	3	1	0	1
ENSG00000165061	0.731	4	12.522	1.121714e-06	1	0	1	0	0	0
ENSG00000029534	0.169	9	92.786	8.4528875e-06	2	0	2	2	0	2
ENSG00000083168	0.069	2	91.569	9.55487e-06	2	0	2	0	0	0
ENSG00000147434	1.153	14	18.986	1.51823675e-06	1	0	1	0	0	0
ENSG00000165102	0.729	18	36.607	3.5377675e-06	1	1	0	1	1	0
ENSG00000180190	1.649	8	8.491	9.681835e-07	4	0	4	1	0	1
ENSG00000147485	1.091	58	66.153	6.3075475e-06	1	0	1	0	0	0
ENSG00000137547	1.382	10	12.248	1.17057375e-06	1	0	1	0	0	0
ENSG00000104237	0.704	30	57.766	4.9461075e-06	2	0	2	0	0	0
ENSG00000167904	0.998	5	10.532	8.50364e-07	2	0	2	0	0	0
ENSG00000181195	1.248	7	10.523	1.04618825e-06	2	0	2	0	0	0
ENSG00000147316	1.441	42	37.685	2.98217e-06	3	0	3	0	0	0
ENSG00000066855	1.452	17	17.542	1.63434775e-06	2	0	2	0	0	0
ENSG00000147573	1.172	24	28.803	2.35639e-06	2	0	2	0	0	0
ENSG00000175073	0.119	1	39.92	3.9628825e-06	1	1	0	0	0	0
ENSG00000104205	0.761	15	30.346	2.55337e-06	1	1	0	0	0	0
ENSG00000178460	0.959	18	27.837	2.3002775e-06	4	0	4	0	0	0
ENSG00000104218	0.931	55	73.946	7.198815e-06	1	0	1	0	0	0
ENSG00000046889	0.611	41	87.042	6.74891e-06	1	0	1	1	0	1
ENSG00000164825	1.689	0	1.111	7.8870725e-08	2	0	2	0	0	0
ENSG00000239839	1.894	1	0.9806	6.95058e-08	1	0	1	0	0	0
ENSG00000221947	1.559	13	13.17	9.25337e-07	2	0	2	0	0	0
ENSG00000104321	1.157	55	59.491	5.0995375e-06	4	0	4	0	0	0
ENSG00000164764	1.158	10	14.641	1.35924575e-06	4	0	4	0	0	0
ENSG00000171711	1.967	3	0.57954	4.1987225e-08	1	0	1	0	0	0
ENSG00000076641	0.685	6	17.289	1.364723e-06	1	0	1	0	0	0
ENSG00000253598	1.806	10	8.674	6.01258e-07	4	0	4	0	0	0
ENSG00000104497	1.624	16	14.831	1.15218225e-06	2	0	2	0	0	0
ENSG00000184672	0.541	3	14.342	1.16223225e-06	1	0	1	0	0	0
ENSG00000133739	0.965	39	52.773	4.3846475e-06	1	0	1	0	0	0
ENSG00000185015	1.163	11	15.652	1.3691785e-06	1	0	1	0	0	0
ENSG00000147613	1.702	12	11.109	8.9282525e-07	2	0	2	0	0	0
ENSG00000147614	1.404	17	18.149	1.69041e-06	1	0	1	0	0	0
ENSG00000164893	1.73	18	15.114	1.33063675e-06	2	0	2	1	0	1
ENSG00000170289	1.018	34	44.472	4.1189925e-06	1	0	1	0	0	0
ENSG00000164823	0.409	4	22.37	2.7143375e-06	3	0	3	0	0	0
ENSG00000104320	1.01	30	40.274	3.2567025e-06	2	0	2	0	0	0
ENSG00000155100	1.323	12	14.688	1.156755e-06	1	0	1	0	0	0
ENSG00000214954	1.634	6	6.9701	9.3235525e-07	1	0	1	0	0	0
ENSG00000147606	0.802	20	36.238	2.98016e-06	2	0	2	0	0	0
ENSG00000173281	0.991	3	7.8227	6.82395e-07	1	0	1	0	0	0
ENSG00000197275	0.862	26	41.855	3.629725e-06	2	0	2	0	0	0
ENSG00000156162	1.074	37	45.333	4.228705e-06	3	0	3	0	0	0
ENSG00000156469	1.276	14	17.147	1.325595e-06	1	0	1	0	0	0
ENSG00000104356	0.758	29	52.152	5.0261725e-06	2	0	2	0	0	0
ENSG00000104375	0.925	14	23.659	2.1096625e-06	2	0	2	0	0	0
ENSG00000132549	0.64	103	189.62	1.66479925e-05	1	0	1	0	0	0
ENSG00000186881	1.833	7	6.2349	5.58043e-07	1	0	1	0	0	0
ENSG00000148136	1.932	10	6.6047	7.742185e-07	2	0	2	0	0	0
ENSG00000136783	1.808	16	12.801	9.1275775e-07	1	0	1	0	0	0
ENSG00000165029	0.486	44	116.52	1.0580305e-05	2	0	2	1	0	1
ENSG00000173253	0.532	0	5.6264	1.33341725e-06	1	0	1	1	0	1
ENSG00000106692	0.842	14	26.004	2.3599075e-06	2	0	2	1	0	1
ENSG00000148143	0.085	3	91.22	9.28285e-06	1	0	1	1	0	1
ENSG00000187003	1.333	11	13.645	1.25703725e-06	2	0	2	0	0	0
ENSG00000119326	0.816	22	38.494	3.253185e-06	1	0	1	0	0	0
ENSG00000106771	0.593	17	43.014	3.4051075e-06	2	0	2	0	0	0
ENSG00000070159	0.566	20	51.359	6.18477e-06	1	1	0	0	0	0
ENSG00000204193	1.324	4	6.8647	4.8804475e-07	7	0	7	0	0	0
ENSG00000030304	0.728	19	38.292	3.658535e-06	1	0	1	0	0	0
ENSG00000136813	0.198	15	116.64	1.1047295e-05	2	0	2	1	0	1
ENSG00000106868	0.917	24	36.8	3.302765e-06	3	0	3	0	0	0
ENSG00000119321	0.607	31	68.943	5.9695325e-06	2	0	2	1	0	1
ENSG00000148225	1.231	17	20.719	1.566862e-06	5	1	4	0	0	0
ENSG00000119431	1.372	5	7.6059	8.394095e-07	2	0	2	1	0	1
ENSG00000157653	1.055	20	27.536	2.51853e-06	1	0	1	0	0	0
ENSG00000136869	0.992	17	25.708	2.288385e-06	1	0	1	0	0	0
ENSG00000136861	0.663	54	102.14	8.9225575e-06	2	0	2	0	0	0
ENSG00000106804	0.695	54	97.482	8.6810225e-06	1	0	1	0	0	0
ENSG00000119421	0.724	2	8.6953	7.3641375e-07	1	0	1	0	0	0
ENSG00000095303	0.816	15	28.315	2.58754e-06	1	1	0	0	0	0
ENSG00000197233	1.889	1	1.04	7.539175e-08	3	0	3	0	0	0
ENSG00000165202	1.772	5	5.2631	3.809955e-07	2	0	2	0	0	0
ENSG00000171481	1.905	5	3.8797	3.4734475e-07	1	0	1	0	0	0
ENSG00000148204	0.845	21	35.797	3.9685775e-06	1	0	1	0	0	0
ENSG00000119522	0.229	5	45.936	3.96439e-06	1	0	1	0	0	0
ENSG00000136935	0.541	20	53.746	4.6218275e-06	1	0	1	1	0	1
ENSG00000136933	1.51	14	14.448	1.68974e-06	1	0	1	0	0	0
ENSG00000167081	0.497	4	18.425	1.9883925e-06	1	1	0	0	0	0
ENSG00000136944	0.415	4	22.074	2.0125125e-06	1	0	1	0	0	0
ENSG00000107165	1.934	16	10.331	1.8232375e-06	3	0	3	1	0	1
ENSG00000196152	0.686	7	19.162	1.658116e-06	1	0	1	0	0	0
ENSG00000167094	1.146	30	35.495	2.9129925e-06	2	0	2	0	0	0
ENSG00000136807	0.954	9	16.463	1.28906325e-06	1	0	1	1	0	1
ENSG00000106991	0.264	3	29.416	2.97279e-06	1	0	1	0	0	0
ENSG00000106992	0.929	4	9.8524	8.4957675e-07	2	0	2	2	0	2
ENSG00000136840	1.387	11	13.109	1.2218455e-06	1	1	0	0	0	0
ENSG00000167114	0.702	12	27.699	2.3163575e-06	1	0	1	1	0	1
ENSG00000136811	0.449	14	48.695	4.55131e-06	1	0	1	0	0	0
ENSG00000119392	0.752	23	43.328	3.6885175e-06	1	1	0	0	0	0
ENSG00000171097	1.245	20	23.334	1.8165375e-06	1	0	1	0	0	0
ENSG00000179058	1.375	13	15.023	1.222415e-06	1	0	1	0	0	0
ENSG00000187239	0.332	6	35.652	2.8811675e-06	1	0	1	1	0	1
ENSG00000050555	0.841	48	72.59	5.9772375e-06	5	0	5	0	0	0
ENSG00000130714	0.939	30	43.344	4.6717425e-06	4	1	3	0	0	0
ENSG00000125482	0.94	25	37.157	3.4888575e-06	2	0	2	0	0	0
ENSG00000188523	1.289	12	15.084	1.217591e-06	1	0	1	0	0	0
ENSG00000165695	1.19	19	23.43	1.6716165e-06	2	0	2	0	0	0
ENSG00000148296	1.125	12	17.288	1.799955e-06	1	1	0	0	0	0
ENSG00000160323	0.679	34	66.639	5.5759075e-06	1	0	1	0	0	0
ENSG00000187616	1.283	7	10.23	8.7821925e-07	1	1	0	0	0	0
ENSG00000130635	0.055	2	114.65	9.684515e-06	1	1	0	0	0	0
ENSG00000160339	1.527	16	15.867	1.59491825e-06	5	0	5	0	0	0
ENSG00000085265	1.815	22	16.698	1.643845e-06	1	0	1	0	0	0
ENSG00000204007	1.174	2	5.3275	3.777125e-07	8	0	8	0	0	0
ENSG00000165661	0.838	16	29.007	2.62908e-06	1	0	1	0	0	0
ENSG00000165684	0.976	53	68.282	6.413575e-06	1	0	1	0	0	0
ENSG00000165689	1.233	16	19.714	1.8356325e-06	2	0	2	0	0	0
ENSG00000244187	1.551	5	6.5936	4.6878225e-07	4	0	4	0	0	0
ENSG00000177943	1.326	74	67.698	6.084605e-06	1	0	1	0	0	0
ENSG00000176978	1.605	30	25.311	2.216695e-06	2	0	2	1	0	1
ENSG00000188747	1.032	17	24.699	2.0895625e-06	5	0	5	0	0	0
ENSG00000165802	0.429	6	27.631	2.685025e-06	1	0	1	1	0	1
ENSG00000130653	1.048	57	67.82	5.974055e-06	3	0	3	0	0	0
ENSG00000155158	0.899	23	36.246	3.0349325e-06	2	0	2	0	0	0
ENSG00000164975	1.02	13	20.273	1.7924175e-06	1	0	1	0	0	0
ENSG00000164985	0.266	4	34.441	3.2680925e-06	1	0	1	0	0	0
ENSG00000172785	1.37	12	14.175	1.0697555e-06	4	0	4	0	0	0
ENSG00000177076	0.695	5	15.132	1.227708e-06	1	1	0	0	0	0
ENSG00000080503	0.203	11	89.601	8.2582525e-06	4	0	4	0	0	0
ENSG00000184434	1.777	16	13.178	9.259065e-07	1	0	1	0	0	0
ENSG00000168263	1.973	31	16.531	1.21958425e-06	1	0	1	0	0	0
ENSG00000080608	1.376	38	36.203	3.0691025e-06	1	0	1	0	0	0
ENSG00000122728	0.315	9	49.862	5.17173e-06	1	0	1	0	0	0
ENSG00000137073	0.516	23	63.166	5.2948425e-06	1	0	1	0	0	0
ENSG00000164978	1.45	4	6.1979	5.814595e-07	1	0	1	0	0	0
ENSG00000205143	1.402	14	15.592	1.24829375e-06	1	0	1	0	0	0
ENSG00000213927	1.654	3	4.2863	4.4633725e-07	1	0	1	0	0	0
ENSG00000205108	0.414	8	34.825	2.9314175e-06	2	0	2	0	0	0
ENSG00000174038	1.348	27	27.624	2.20698e-06	3	0	3	0	0	0
ENSG00000165282	0.81	16	30.012	3.7133075e-06	1	0	1	0	0	0
ENSG00000198722	0.586	45	98.378	9.41618e-06	1	0	1	0	0	0
ENSG00000198853	0.253	8	57.094	5.861495e-06	1	0	1	0	0	0
ENSG00000159884	1.603	8	8.8115	7.87987e-07	2	0	2	0	0	0
ENSG00000107159	1.093	17	23.332	1.95238e-06	1	0	1	0	0	0
ENSG00000137133	1.718	8	7.9822	7.11808e-07	2	0	2	0	0	0
ENSG00000137103	0.95	12	20.47	1.722235e-06	1	0	1	0	0	0
ENSG00000122707	0.672	25	51.979	4.4761025e-06	1	0	1	0	0	0
ENSG00000122694	1.706	5	5.706	5.7095725e-07	1	0	1	0	0	0
ENSG00000137075	0.145	1	32.626	3.5451375e-06	1	1	0	0	0	0
ENSG00000165304	1.255	34	36.068	2.6878725e-06	3	0	3	0	0	0
ENSG00000137106	1.165	12	16.691	1.49297775e-06	2	0	2	0	0	0
ENSG00000165275	1.025	11	17.756	1.5111515e-06	1	0	1	0	0	0
ENSG00000107371	1.213	7	10.836	9.279835e-07	1	0	1	0	0	0
ENSG00000137124	1.299	10	13.045	1.21412375e-06	3	0	3	0	0	0
ENSG00000106688	0.833	12	23.347	2.2657725e-06	2	1	1	0	0	0
ENSG00000120210	1.917	11	7.673	5.4603325e-07	2	0	2	0	0	0
ENSG00000120211	1.932	5	3.3172	3.781145e-07	1	0	1	0	0	0
ENSG00000196873	1.887	8	6.2638	5.2586625e-07	1	0	1	0	0	0
ENSG00000187559	1.392	0	1.8955	1.40085275e-07	5	0	5	0	0	0
ENSG00000181778	1.541	1	2.7582	1.973485e-07	2	0	2	0	0	0
ENSG00000107282	0.388	8	37.222	3.0510125e-06	1	0	1	0	0	0
ENSG00000165072	0.785	22	40.031	3.41834e-06	1	0	1	0	0	0
ENSG00000198887	0.486	22	64.669	6.041725e-06	2	0	2	1	0	1
ENSG00000204669	1.749	6	6.2121	4.3541625e-07	1	0	1	0	0	0
ENSG00000165091	0.975	35	47.572	4.431045e-06	2	0	2	0	0	0
ENSG00000135046	1.03	14	21.239	1.7887325e-06	1	0	1	0	0	0
ENSG00000119121	0.452	38	110.21	9.93476e-06	2	0	2	1	0	1
ENSG00000106733	1.489	12	13.01	9.251025e-07	5	0	5	0	0	0
ENSG00000187210	0.919	6	12.881	1.2061005e-06	1	0	1	0	0	0
ENSG00000106772	0.717	62	106.83	8.828925e-06	6	0	6	0	0	0
ENSG00000156052	0.302	2	20.872	2.30078e-06	2	0	2	2	0	2
ENSG00000153707	0.08	2	78.744	8.0887425e-06	1	1	0	0	0	0
ENSG00000165115	0.895	48	68.22	6.47287e-06	3	0	3	0	0	0
ENSG00000178966	0.92	12	21.129	1.9324475e-06	1	0	1	0	0	0
ENSG00000197506	1.242	36	38.27	2.979825e-06	1	0	1	0	0	0
ENSG00000177992	1.347	3	5.6799	4.0305525e-07	8	0	8	0	0	0
ENSG00000156345	1.649	19	16.767	1.45140425e-06	2	0	2	0	0	0
ENSG00000148090	0.897	9	17.512	1.78823e-06	1	0	1	0	0	0
ENSG00000106823	0.922	18	28.938	2.434445e-06	2	0	2	0	0	0
ENSG00000165233	1.41	9	11.105	1.24105775e-06	1	0	1	0	0	0
ENSG00000165238	0.21	10	80.916	6.9199275e-06	1	0	1	0	0	0
ENSG00000197724	0.177	4	51.855	4.24244e-06	1	0	1	0	0	0
ENSG00000158079	0.618	14	35.423	3.47931e-06	2	0	2	0	0	0
ENSG00000130950	1.222	15	18.9	1.74736e-06	2	0	2	0	0	0
ENSG00000182150	0.675	17	37.749	3.5940475e-06	4	0	4	0	0	0
ENSG00000130958	1.596	18	16.639	1.17764225e-06	2	0	2	0	0	0
ENSG00000158122	1.801	10	8.7173	6.1232975e-07	2	0	2	0	0	0
ENSG00000196597	1.023	15	22.587	2.15941e-06	6	0	6	0	0	0
ENSG00000188152	1.292	16	18.809	1.80163e-06	1	0	1	0	0	0
ENSG00000136929	1.221	16	19.909	1.6474965e-06	5	0	5	0	0	0
ENSG00000106789	1.002	19	27.817	2.529585e-06	1	0	1	0	0	0
ENSG00000095383	1.002	22	31.343	3.1840075e-06	1	0	1	0	0	0
ENSG00000204291	0.504	27	73.843	6.23502e-06	1	0	1	0	0	0
